// 由 tools/win_icon.py 生成，勿手改。内容 = src/launch_win.ico 的字节。
// 尺寸：16, 20, 24, 32, 40, 48, 64, 96
static const unsigned char kIconIco[81078] = {
    0x00,0x00,0x01,0x00,0x08,0x00,0x10,0x10,0x00,0x00,0x01,0x00,0x20,0x00,0x68,0x04,0x00,0x00,0x86,0x00,0x00,0x00,0x14,0x14,
    0x00,0x00,0x01,0x00,0x20,0x00,0xb8,0x06,0x00,0x00,0xee,0x04,0x00,0x00,0x18,0x18,0x00,0x00,0x01,0x00,0x20,0x00,0x88,0x09,
    0x00,0x00,0xa6,0x0b,0x00,0x00,0x20,0x20,0x00,0x00,0x01,0x00,0x20,0x00,0xa8,0x10,0x00,0x00,0x2e,0x15,0x00,0x00,0x28,0x28,
    0x00,0x00,0x01,0x00,0x20,0x00,0x68,0x1a,0x00,0x00,0xd6,0x25,0x00,0x00,0x30,0x30,0x00,0x00,0x01,0x00,0x20,0x00,0xa8,0x25,
    0x00,0x00,0x3e,0x40,0x00,0x00,0x40,0x40,0x00,0x00,0x01,0x00,0x20,0x00,0x28,0x42,0x00,0x00,0xe6,0x65,0x00,0x00,0x60,0x60,
    0x00,0x00,0x01,0x00,0x20,0x00,0xa8,0x94,0x00,0x00,0x0e,0xa8,0x00,0x00,0x28,0x00,0x00,0x00,0x10,0x00,0x00,0x00,0x20,0x00,
    0x00,0x00,0x01,0x00,0x20,0x00,0x00,0x00,0x00,0x00,0x40,0x04,0x00,0x00,0x00,0x00,0x00,0x00,0x00,0x00,0x00,0x00,0x00,0x00,
    0x00,0x00,0x00,0x00,0x00,0x00,0x00,0x00,0x00,0x00,0xff,0x00,0x00,0x01,0x00,0x00,0x00,0x00,0x00,0x01,0x00,0x00,0x00,0x01,
    0x00,0x00,0x00,0x03,0x02,0x00,0x00,0x01,0x00,0x00,0xdd,0x55,0x82,0x71,0xe3,0x44,0x76,0xec,0xda,0x29,0x62,0xef,0xd5,0x30,
    0x62,0x99,0x00,0x00,0x00,0x00,0xaa,0x55,0x55,0x03,0x00,0x00,0x00,0x00,0x00,0x00,0x00,0x00,0x00,0x00,0x00,0x00,0x00,0x00,
    0x00,0x00,0x00,0x00,0x00,0x00,0xd0,0x2e,0x45,0x0b,0xcc,0x00,0x00,0x19,0xc9,0x00,0x00,0x18,0xc5,0x00,0x00,0x16,0xc6,0x00,
    0x33,0x2d,0xf4,0xc1,0xd1,0xec,0xf7,0xb6,0xcb,0xff,0xd5,0x1e,0x57,0xff,0xde,0x38,0x67,0xfd,0xda,0x36,0x64,0x38,0xff,0x00,
    0x00,0x01,0xcc,0x33,0x66,0x05,0x7f,0x00,0x7f,0x02,0x00,0x00,0x00,0x00,0x00,0x01,0x00,0x00,0xda,0x12,0x24,0x0e,0xe9,0x74,
    0x84,0xd6,0xf8,0xc9,0xd1,0xf2,0xf4,0xc0,0xcb,0xef,0xf3,0xbc,0xca,0xef,0xe9,0x89,0xa1,0xf8,0xfe,0xe9,0xef,0xff,0xfd,0xff,
    0xfd,0xfe,0xde,0x58,0x80,0xfb,0xe2,0x31,0x60,0xff,0xda,0x3f,0x63,0xc6,0x00,0x00,0x00,0x00,0x00,0x00,0x00,0x00,0x00,0x00,
    0x00,0x00,0xff,0x00,0x00,0x01,0x00,0x00,0x00,0x00,0xe3,0x55,0x61,0x8d,0xf4,0x56,0x6b,0xff,0xfa,0xde,0xe3,0xff,0xff,0xff,
    0xff,0xff,0xff,0xff,0xff,0xff,0xfc,0xe5,0xe4,0xff,0xf1,0xb7,0xc3,0xfd,0xff,0xff,0xff,0xff,0xf5,0xcb,0xd6,0xff,0xd7,0x32,
    0x5b,0xfd,0xe6,0x45,0x67,0xff,0xde,0x44,0x62,0x6f,0xe2,0x51,0x62,0x2c,0xe0,0x4d,0x64,0x21,0x00,0x00,0x00,0x00,0xff,0x00,
    0x00,0x01,0xe2,0x56,0x61,0xc6,0xed,0x4e,0x63,0xff,0xe0,0x58,0x70,0xfb,0xe1,0x62,0x7f,0xfe,0xeb,0x9f,0xb3,0xfe,0xff,0xfc,
    0xfc,0xfe,0xee,0xa7,0xb6,0xff,0xf6,0xcf,0xdb,0xff,0xff,0xff,0xff,0xff,0xe6,0x7d,0x94,0xff,0xda,0x37,0x57,0xfe,0xe3,0x4d,
    0x65,0xff,0xe1,0x4d,0x62,0xff,0xe4,0x50,0x61,0xed,0xdf,0x4a,0x57,0x29,0x00,0x00,0x00,0x00,0xe1,0x50,0x61,0x3c,0xe8,0x53,
    0x66,0xf8,0xde,0x42,0x5e,0xfd,0xda,0x38,0x5c,0xfe,0xf8,0xd9,0xe1,0xff,0xff,0xff,0xff,0xff,0xdf,0x5f,0x84,0xff,0xe0,0x61,
    0x84,0xff,0xff,0xff,0xff,0xff,0xfa,0xe3,0xe8,0xff,0xde,0x4a,0x65,0xff,0xde,0x48,0x5f,0xfe,0xde,0x4c,0x5e,0xfe,0xed,0x58,
    0x67,0xff,0xe4,0x5c,0x67,0xc1,0xff,0x00,0x00,0x01,0xe7,0x57,0x5f,0x20,0xe4,0x53,0x66,0xf4,0xdd,0x3b,0x59,0xfe,0xec,0x9c,
    0xae,0xfe,0xff,0xff,0xff,0xff,0xf1,0xbc,0xcc,0xff,0xd5,0x2a,0x5b,0xff,0xd8,0x31,0x5b,0xff,0xf3,0xc1,0xcc,0xff,0xff,0xff,
    0xff,0xff,0xee,0x9f,0xab,0xff,0xdc,0x3b,0x51,0xff,0xf5,0xc6,0xcc,0xfd,0xfa,0xea,0xeb,0xfe,0xed,0x97,0x9d,0xe0,0x00,0x00,
    0x00,0x00,0xe2,0x57,0x62,0xa9,0xef,0x4f,0x64,0xff,0xe0,0x5b,0x73,0xfc,0xfd,0xf4,0xf6,0xff,0xfe,0xf8,0xfa,0xff,0xdc,0x51,
    0x7a,0xff,0xd7,0x32,0x5f,0xff,0xda,0x39,0x5f,0xff,0xe1,0x5e,0x79,0xff,0xfe,0xfa,0xfb,0xff,0xfc,0xef,0xf0,0xff,0xef,0xa4,
    0xad,0xff,0xff,0xff,0xff,0xfd,0xfc,0xe4,0xe5,0xff,0xe6,0x63,0x6a,0x4a,0xe5,0x5b,0x62,0x46,0xe8,0x5a,0x65,0xfe,0xdf,0x43,
    0x58,0xfd,0xf3,0xbb,0xc4,0xff,0xff,0xff,0xff,0xff,0xec,0x9c,0xb2,0xff,0xd4,0x21,0x53,0xff,0xd9,0x37,0x60,0xff,0xdb,0x3c,
    0x5f,0xff,0xda,0x33,0x52,0xff,0xee,0xa2,0xad,0xff,0xff,0xff,0xff,0xff,0xfc,0xfc,0xfc,0xfc,0xff,0xfc,0xfd,0xff,0xee,0x95,
    0x9b,0xac,0x00,0x00,0x00,0x00,0xe5,0x5e,0x63,0xde,0xe6,0x4e,0x5b,0xfe,0xe6,0x74,0x84,0xfd,0xfe,0xfd,0xfd,0xff,0xfb,0xe8,
    0xed,0xff,0xdf,0x55,0x77,0xff,0xdd,0x4c,0x72,0xff,0xdf,0x55,0x75,0xff,0xe1,0x5a,0x74,0xff,0xe2,0x5c,0x72,0xff,0xe5,0x69,
    0x7a,0xff,0xf1,0xb5,0xb9,0xfe,0xf5,0xbf,0xc2,0xfe,0xf3,0xa1,0xa6,0xf4,0xd9,0x2d,0x34,0x22,0xff,0xff,0xff,0x01,0xe4,0x59,
    0x60,0xc4,0xec,0x59,0x65,0xff,0xf8,0xe0,0xe3,0xfe,0xff,0xff,0xff,0xfe,0xf1,0xb3,0xbc,0xff,0xf9,0xdc,0xde,0xff,0xff,0xff,
    0xff,0xff,0xff,0xff,0xff,0xff,0xff,0xff,0xff,0xff,0xff,0xff,0xff,0xff,0xff,0xff,0xff,0xff,0xfd,0xf9,0xfa,0xfe,0xff,0xfd,
    0xff,0xfd,0xfa,0xdf,0xe1,0xf8,0xe9,0x6d,0x76,0x3a,0x00,0x00,0x00,0x00,0xdb,0x2f,0x35,0x2b,0xec,0x82,0x8a,0xf0,0xfa,0xdc,
    0xe0,0xff,0xf8,0xc4,0xcc,0xff,0xf5,0xc6,0xc9,0xfe,0xfd,0xfa,0xfa,0xff,0xf6,0xd1,0xd9,0xff,0xf8,0xd6,0xdc,0xff,0xf8,0xd7,
    0xdc,0xff,0xf8,0xd8,0xdc,0xfe,0xf8,0xda,0xdd,0xfe,0xf9,0xdd,0xdf,0xfe,0xf9,0xdf,0xe1,0xfb,0xfe,0xe7,0xe8,0xff,0xf0,0xa1,
    0xa4,0xc5,0xff,0x00,0x00,0x01,0x00,0x00,0x00,0x00,0xe1,0x5e,0x6d,0x23,0xdc,0x2e,0x45,0x2c,0xdf,0x45,0x5e,0x71,0xff,0xe0,
    0xe4,0xff,0xfd,0xfa,0xfb,0xfd,0xe4,0x6d,0x84,0xff,0xdd,0x3d,0x56,0xff,0xe0,0x4e,0x61,0xfe,0xe4,0x54,0x63,0xff,0xe7,0x5d,
    0x68,0xff,0xe9,0x65,0x6d,0xff,0xe8,0x6c,0x72,0xfe,0xff,0x86,0x8a,0xff,0xef,0x8a,0x8b,0x90,0x00,0x00,0x00,0x00,0xff,0x00,
    0x00,0x01,0x00,0x00,0x00,0x00,0x00,0x00,0x00,0x00,0x00,0x00,0x00,0x00,0xed,0x9a,0xa8,0xc8,0xff,0xff,0xff,0xff,0xf6,0xd6,
    0xda,0xfc,0xdf,0x4d,0x61,0xfe,0xe8,0x5f,0x6e,0xff,0xe6,0x65,0x70,0xfb,0xea,0x6f,0x76,0xf3,0xec,0x7a,0x80,0xf3,0xf2,0x8a,
    0x8f,0xf6,0xf4,0x97,0x99,0xd9,0xff,0xaf,0xaf,0x10,0x00,0x00,0x00,0x00,0x00,0x00,0x00,0x00,0x7f,0x7f,0x7f,0x02,0xcc,0x66,
    0x66,0x05,0x01,0x01,0x01,0x00,0xdb,0x3d,0x4f,0x3a,0xfa,0xde,0xe2,0xfd,0xf2,0xab,0xb4,0xff,0xea,0x58,0x68,0xff,0xe9,0x6b,
    0x76,0xed,0xea,0x6d,0x77,0x31,0xeb,0x7f,0x7f,0x1a,0xf5,0x8d,0x97,0x1b,0xf6,0x9e,0x9e,0x1d,0xff,0xb0,0xb0,0x0d,0x00,0x00,
    0x00,0x00,0x00,0x00,0x00,0x00,0x00,0x00,0x00,0x00,0x00,0x00,0x00,0x00,0x00,0x00,0x00,0x00,0xaa,0xaa,0xaa,0x03,0x00,0x00,
    0x00,0x00,0xe9,0x7f,0x8c,0x9c,0xed,0x6d,0x7a,0xf4,0xf2,0x71,0x7c,0xf1,0xeb,0x7a,0x82,0x75,0x00,0x00,0x00,0x00,0x00,0x00,
    0x00,0x00,0x00,0x00,0x00,0x00,0x00,0x00,0x00,0x00,0x00,0x00,0x00,0x00,0xff,0xff,0xff,0x01,0x00,0x00,0x00,0x00,0xbe,0x17,
    0x00,0x00,0xc0,0x01,0x00,0x00,0x80,0x0e,0x00,0x00,0x80,0x01,0x00,0x00,0x00,0x00,0x00,0x00,0x80,0x00,0x00,0x00,0x00,0x00,
    0x00,0x00,0x80,0x00,0x00,0x00,0x00,0x01,0x00,0x00,0x00,0x00,0x00,0x00,0x00,0x01,0x00,0x00,0x00,0x00,0x00,0x00,0x80,0x01,
    0x00,0x00,0x70,0x01,0x00,0x00,0x90,0x03,0x00,0x00,0xe8,0x7d,0x00,0x00,0x28,0x00,0x00,0x00,0x14,0x00,0x00,0x00,0x28,0x00,
    0x00,0x00,0x01,0x00,0x20,0x00,0x00,0x00,0x00,0x00,0x90,0x06,0x00,0x00,0x00,0x00,0x00,0x00,0x00,0x00,0x00,0x00,0x00,0x00,
    0x00,0x00,0x00,0x00,0x00,0x00,0x00,0x00,0x00,0x00,0x00,0x00,0x00,0x00,0xff,0x00,0x00,0x01,0xff,0x7f,0x7f,0x04,0xff,0x7f,
    0xbf,0x04,0xff,0x7f,0xbf,0x04,0xff,0x7f,0x7f,0x04,0xda,0x6d,0x91,0x07,0x00,0x01,0x00,0x00,0xda,0x44,0x73,0x77,0xe2,0x3b,
    0x70,0xe8,0xd5,0x29,0x61,0xe2,0xde,0x2f,0x67,0xe1,0xd8,0x2f,0x63,0x3b,0x00,0x00,0x00,0x00,0xaa,0x55,0x55,0x03,0x00,0x00,
    0x00,0x00,0x00,0x00,0x00,0x00,0x00,0x00,0x00,0x00,0x00,0x00,0x00,0x00,0x00,0x00,0x00,0x00,0x00,0x00,0x00,0x00,0x00,0x00,
    0x00,0x00,0x00,0x00,0x00,0x00,0x00,0x00,0x00,0x00,0x00,0x00,0x00,0x00,0x00,0x00,0x00,0x00,0x00,0x00,0x00,0x00,0xbf,0x00,
    0x12,0x1c,0xf1,0xac,0xc2,0xf0,0xf4,0xa7,0xc0,0xff,0xd3,0x1c,0x57,0xff,0xe5,0x36,0x6b,0xff,0xd5,0x34,0x61,0xc4,0xaa,0x00,
    0x55,0x03,0xff,0x7f,0x7f,0x02,0x00,0x00,0x00,0x00,0x00,0x00,0x00,0x00,0x00,0x00,0x00,0x00,0x00,0x00,0x00,0x00,0xff,0x7f,
    0x7f,0x02,0xff,0x00,0x00,0x01,0xe3,0x48,0x64,0x1c,0xed,0x72,0x83,0x86,0xe4,0x6e,0x85,0x88,0xe2,0x67,0x83,0x88,0xe1,0x63,
    0x85,0x8a,0xdc,0x4a,0x73,0x85,0xde,0x5b,0x84,0xc5,0xff,0xff,0xff,0xff,0xfd,0xfc,0xfd,0xfc,0xdb,0x4c,0x78,0xfe,0xd4,0x2a,
    0x5c,0xfc,0xe7,0x3d,0x6a,0xff,0xd9,0x3b,0x63,0x5f,0x00,0x00,0x00,0x00,0xd4,0x55,0x55,0x06,0xff,0x7f,0x7f,0x02,0xff,0x00,
    0x00,0x01,0x00,0x00,0x00,0x00,0xaa,0x55,0x55,0x03,0x00,0x00,0x00,0x00,0xde,0x41,0x55,0xab,0xff,0xa8,0xb5,0xff,0xff,0xfe,
    0xff,0xff,0xff,0xf6,0xfa,0xff,0xff,0xf7,0xfc,0xff,0xff,0xe6,0xeb,0xff,0xf6,0xa8,0xb7,0xff,0xf9,0xe8,0xee,0xfe,0xff,0xff,
    0xff,0xff,0xf2,0xbc,0xcc,0xff,0xd5,0x2a,0x5a,0xfd,0xe0,0x3e,0x66,0xfe,0xdc,0x3e,0x62,0xe2,0xd7,0x3a,0x62,0x0d,0x00,0x00,
    0x00,0x00,0x00,0x00,0x00,0x00,0x00,0x00,0x00,0x00,0x00,0x00,0x00,0x01,0x00,0x00,0x00,0x00,0xe3,0x59,0x63,0x4a,0xe9,0x53,
    0x63,0xff,0xe1,0x51,0x67,0xfa,0xfa,0xe9,0xec,0xfb,0xff,0xff,0xff,0xfb,0xff,0xff,0xff,0xfb,0xff,0xff,0xff,0xfb,0xf6,0xcc,
    0xce,0xfc,0xf0,0xb1,0xbf,0xfe,0xff,0xff,0xff,0xff,0xff,0xfe,0xfe,0xff,0xe3,0x6e,0x8d,0xff,0xd7,0x30,0x59,0xfc,0xe9,0x47,
    0x69,0xff,0xdc,0x44,0x60,0x94,0xdf,0x4a,0x64,0x30,0xe4,0x4f,0x65,0x3a,0xe2,0x55,0x63,0x12,0x00,0x00,0x00,0x00,0x00,0x00,
    0x00,0x00,0xe3,0x55,0x60,0x89,0xf5,0x5b,0x6b,0xff,0xdd,0x46,0x5c,0xfb,0xe3,0x63,0x7a,0xff,0xe7,0x7a,0x92,0xff,0xe5,0x76,
    0x93,0xff,0xfa,0xea,0xef,0xff,0xfe,0xf9,0xf8,0xff,0xed,0x9f,0xad,0xff,0xf7,0xd4,0xdf,0xff,0xff,0xff,0xff,0xff,0xf8,0xd8,
    0xe0,0xff,0xdb,0x3e,0x61,0xff,0xdc,0x43,0x61,0xfe,0xe4,0x49,0x63,0xff,0xde,0x4b,0x62,0xfe,0xec,0x55,0x69,0xff,0xe0,0x53,
    0x63,0xc3,0xff,0x7f,0xbf,0x04,0x00,0x00,0x00,0x00,0xe1,0x58,0x62,0x1a,0xe4,0x53,0x62,0xe9,0xe4,0x4f,0x65,0xff,0xdc,0x44,
    0x60,0xfe,0xd7,0x27,0x4e,0xff,0xe7,0x80,0x9a,0xff,0xfe,0xfd,0xfd,0xff,0xff,0xff,0xff,0xff,0xe0,0x62,0x87,0xff,0xe1,0x68,
    0x8b,0xff,0xff,0xff,0xff,0xff,0xff,0xff,0xff,0xff,0xeb,0x92,0xa3,0xff,0xdb,0x39,0x56,0xff,0xde,0x4d,0x64,0xfe,0xdf,0x49,
    0x5e,0xff,0xde,0x44,0x56,0xfd,0xec,0x4c,0x5b,0xff,0xe1,0x49,0x55,0x6f,0xff,0x3f,0x7f,0x04,0x00,0x00,0x00,0x00,0xe2,0x50,
    0x63,0x7e,0xf0,0x53,0x6a,0xff,0xdd,0x44,0x60,0xfb,0xdf,0x50,0x6f,0xff,0xfc,0xee,0xf2,0xff,0xff,0xff,0xff,0xff,0xf2,0xc2,
    0xd1,0xff,0xd5,0x2a,0x5d,0xff,0xd7,0x30,0x5d,0xff,0xf4,0xc6,0xd2,0xff,0xff,0xff,0xff,0xff,0xfc,0xed,0xf0,0xff,0xe1,0x56,
    0x6e,0xff,0xde,0x44,0x5b,0xff,0xe3,0x60,0x70,0xfe,0xeb,0x8f,0x99,0xfe,0xf0,0x96,0x9e,0xfd,0xe8,0x76,0x7e,0xef,0xff,0x7f,
    0x7f,0x02,0xff,0x55,0x7f,0x06,0xe1,0x52,0x62,0xc7,0xe9,0x52,0x68,0xff,0xda,0x39,0x57,0xfd,0xf0,0xad,0xbb,0xff,0xff,0xff,
    0xff,0xff,0xfd,0xf8,0xfa,0xfe,0xdd,0x55,0x7e,0xff,0xd6,0x2e,0x5d,0xff,0xd8,0x34,0x5d,0xff,0xe1,0x60,0x7e,0xff,0xfe,0xf9,
    0xfa,0xff,0xff,0xff,0xff,0xff,0xf1,0xb3,0xbc,0xff,0xdc,0x37,0x4d,0xff,0xf5,0xc7,0xcd,0xff,0xff,0xff,0xff,0xfd,0xff,0xff,
    0xff,0xff,0xea,0x81,0x88,0xa4,0x00,0x00,0x00,0x00,0xe1,0x55,0x5f,0x68,0xf4,0x5b,0x6b,0xff,0xdd,0x43,0x5b,0xfc,0xe4,0x68,
    0x7e,0xff,0xfe,0xf9,0xfa,0xff,0xff,0xff,0xff,0xff,0xee,0xa6,0xbc,0xff,0xd4,0x25,0x58,0xff,0xd9,0x3a,0x64,0xff,0xdb,0x3f,
    0x64,0xff,0xd9,0x34,0x57,0xff,0xf0,0xae,0xba,0xff,0xff,0xff,0xff,0xff,0xfd,0xf2,0xf3,0xff,0xef,0xa4,0xad,0xff,0xff,0xfb,
    0xfb,0xfd,0xff,0xff,0xff,0xfe,0xf2,0xaa,0xae,0xe8,0xc9,0x00,0x00,0x18,0xe6,0x55,0x61,0x15,0xe5,0x57,0x61,0xe5,0xe7,0x56,
    0x65,0xfe,0xde,0x44,0x5b,0xfd,0xf6,0xca,0xd2,0xff,0xff,0xff,0xff,0xff,0xfc,0xee,0xf1,0xff,0xdb,0x46,0x70,0xff,0xd8,0x34,
    0x61,0xff,0xda,0x3e,0x65,0xff,0xdc,0x42,0x65,0xff,0xdc,0x42,0x61,0xff,0xe1,0x56,0x6e,0xff,0xfb,0xee,0xf0,0xff,0xff,0xff,
    0xff,0xff,0xff,0xff,0xff,0xff,0xff,0xff,0xff,0xfc,0xff,0xea,0xeb,0xff,0xe5,0x60,0x67,0x6c,0x00,0x00,0x00,0x00,0xe3,0x5b,
    0x60,0x9f,0xee,0x5e,0x68,0xff,0xde,0x46,0x57,0xfd,0xea,0x85,0x93,0xff,0xff,0xff,0xff,0xff,0xff,0xff,0xff,0xff,0xe7,0x83,
    0x9d,0xff,0xd4,0x1d,0x4e,0xff,0xd7,0x2e,0x5a,0xff,0xd8,0x30,0x58,0xff,0xda,0x35,0x57,0xff,0xdc,0x3c,0x59,0xff,0xdb,0x34,
    0x4f,0xff,0xe8,0x7b,0x89,0xff,0xf7,0xcf,0xd0,0xff,0xf4,0xc5,0xc7,0xfd,0xfe,0xd0,0xd2,0xff,0xed,0x8e,0x93,0xca,0xda,0x00,
    0x00,0x07,0xff,0xff,0xff,0x02,0xe4,0x5b,0x61,0xf2,0xe6,0x57,0x60,0xfd,0xe0,0x52,0x61,0xfe,0xf9,0xe0,0xe3,0xfe,0xff,0xff,
    0xfe,0xff,0xf9,0xdc,0xe1,0xff,0xea,0x8a,0x9c,0xff,0xef,0xad,0xbd,0xff,0xf0,0xb0,0xc0,0xff,0xf1,0xb2,0xc0,0xff,0xf1,0xb4,
    0xc0,0xff,0xf2,0xb5,0xc0,0xff,0xf2,0xb7,0xc0,0xff,0xf3,0xb7,0xbf,0xff,0xf5,0xc6,0xca,0xff,0xf5,0xcb,0xce,0xfb,0xfd,0xc6,
    0xc9,0xff,0xe6,0x64,0x6c,0x7f,0x00,0x00,0x00,0x00,0xff,0x7f,0x7f,0x04,0xe6,0x5f,0x66,0x73,0xed,0x52,0x5d,0xff,0xf1,0xad,
    0xb3,0xfc,0xff,0xff,0xff,0xff,0xff,0xfd,0xfd,0xfe,0xf0,0xa9,0xb2,0xff,0xfa,0xe3,0xe2,0xff,0xff,0xff,0xff,0xff,0xff,0xff,
    0xff,0xff,0xff,0xff,0xff,0xff,0xff,0xff,0xff,0xff,0xff,0xff,0xff,0xff,0xff,0xff,0xff,0xff,0xff,0xff,0xff,0xff,0xff,0xff,
    0xff,0xff,0xff,0xff,0xff,0xfe,0xff,0xff,0xff,0xff,0xf6,0xbf,0xc2,0xe8,0xe0,0x33,0x3d,0x19,0x00,0x01,0x01,0x00,0xcc,0x66,
    0x66,0x05,0xe4,0x5e,0x69,0xc7,0xfe,0xc8,0xce,0xff,0xf6,0xcd,0xd4,0xfe,0xf7,0xb7,0xc1,0xff,0xf3,0xbe,0xc1,0xfe,0xfe,0xfa,
    0xfa,0xff,0xf7,0xd7,0xde,0xff,0xf4,0xc3,0xcd,0xff,0xf6,0xca,0xd2,0xff,0xf6,0xcb,0xd1,0xff,0xf6,0xcc,0xd2,0xff,0xf6,0xcd,
    0xd2,0xff,0xf7,0xcf,0xd3,0xff,0xf8,0xd2,0xd4,0xff,0xf8,0xd3,0xd5,0xff,0xf8,0xd7,0xd9,0xfb,0xff,0xdb,0xdc,0xff,0xec,0x83,
    0x87,0x88,0x00,0x00,0x00,0x00,0x00,0x00,0x00,0x00,0xe6,0x61,0x6d,0x15,0xe4,0x41,0x53,0x3a,0xd9,0x1a,0x3a,0x30,0xde,0x4c,
    0x64,0x96,0xff,0xdf,0xe3,0xff,0xff,0xff,0xff,0xfc,0xf3,0xc0,0xcb,0xff,0xda,0x35,0x54,0xff,0xde,0x45,0x5d,0xff,0xe0,0x49,
    0x5e,0xff,0xe0,0x4e,0x5f,0xfd,0xe2,0x54,0x62,0xfb,0xe4,0x5a,0x64,0xfb,0xe5,0x61,0x68,0xfb,0xe7,0x68,0x6d,0xfb,0xea,0x70,
    0x75,0xf9,0xf6,0x83,0x87,0xff,0xf1,0x89,0x8c,0x4c,0x00,0x00,0x00,0x00,0xff,0x00,0x00,0x01,0x00,0x00,0x00,0x00,0x00,0x00,
    0x00,0x00,0x00,0x00,0x00,0x00,0xc8,0x00,0x12,0x0e,0xee,0x9c,0xab,0xe4,0xff,0xff,0xff,0xfe,0xff,0xff,0xff,0xfd,0xeb,0x8d,
    0x9c,0xff,0xe0,0x4a,0x5e,0xff,0xe2,0x5b,0x6a,0xfe,0xed,0x63,0x70,0xff,0xf6,0x6e,0x78,0xff,0xf8,0x76,0x7e,0xff,0xfa,0x7f,
    0x85,0xff,0xfa,0x89,0x8d,0xff,0xff,0x9f,0xa2,0xff,0xf0,0x94,0x97,0xaf,0x00,0x00,0x00,0x00,0xff,0x7f,0x7f,0x02,0x00,0x00,
    0x00,0x00,0xff,0x00,0xff,0x01,0xff,0x7f,0x7f,0x02,0xd4,0x55,0x7f,0x06,0x00,0x00,0x00,0x00,0xdf,0x48,0x60,0x62,0xff,0xe0,
    0xe6,0xff,0xff,0xff,0xff,0xfb,0xed,0x9b,0xa5,0xff,0xe0,0x4e,0x5f,0xfd,0xef,0x68,0x74,0xff,0xe8,0x68,0x72,0xc9,0xe9,0x70,
    0x77,0x8d,0xed,0x79,0x7e,0x91,0xee,0x83,0x89,0x8f,0xf0,0x8f,0x92,0x90,0xfb,0xa0,0xa2,0x8c,0xff,0xaf,0xaf,0x1d,0xff,0x00,
    0x00,0x01,0xff,0x7f,0x7f,0x02,0x00,0x00,0x00,0x00,0x00,0x00,0x00,0x00,0x00,0x00,0x00,0x00,0x00,0x00,0x00,0x01,0xff,0xff,
    0xff,0x02,0xaa,0x00,0x00,0x03,0xed,0x95,0xa1,0xc7,0xff,0xe0,0xe5,0xff,0xe3,0x59,0x6a,0xfe,0xec,0x67,0x74,0xff,0xed,0x70,
    0x79,0xf1,0xe6,0x73,0x7b,0x1f,0x00,0x00,0x00,0x00,0x00,0x00,0x00,0x00,0x00,0x00,0x00,0x00,0x00,0x00,0x00,0x00,0x00,0x00,
    0x00,0x00,0x00,0x00,0x00,0x00,0x00,0x00,0x00,0x00,0x00,0x00,0x00,0x00,0x00,0x00,0x00,0x00,0x00,0x00,0x00,0x00,0x00,0x00,
    0x00,0x00,0x00,0x00,0x00,0x00,0xff,0x55,0x55,0x03,0x00,0x01,0x01,0x00,0xe5,0x68,0x79,0x3d,0xf0,0x74,0x81,0xe6,0xe6,0x65,
    0x72,0xe8,0xf3,0x78,0x82,0xef,0xea,0x7a,0x82,0x7d,0x00,0x00,0x00,0x00,0xda,0x6d,0x6d,0x07,0xbf,0x7f,0x7f,0x04,0xff,0x7f,
    0x7f,0x04,0xff,0x7f,0x7f,0x04,0xff,0x7f,0x7f,0x04,0xff,0xff,0xff,0x01,0x00,0x00,0x00,0x00,0x00,0x00,0x00,0x00,0xc0,0x82,
    0xf0,0x00,0xff,0x00,0xf0,0x00,0x00,0x01,0x10,0x00,0x40,0x00,0xe0,0x00,0x80,0x00,0x10,0x00,0x80,0x00,0x00,0x00,0x80,0x00,
    0x00,0x00,0x40,0x00,0x00,0x00,0x00,0x00,0x00,0x00,0x80,0x00,0x00,0x00,0x00,0x00,0x10,0x00,0x00,0x00,0x00,0x00,0x00,0x00,
    0x20,0x00,0x00,0x00,0x10,0x00,0x00,0x00,0x10,0x00,0x80,0x00,0x10,0x00,0x70,0x00,0x20,0x00,0x88,0x00,0x00,0x00,0xe0,0x0f,
    0xf0,0x00,0xf4,0x10,0x30,0x00,0x28,0x00,0x00,0x00,0x18,0x00,0x00,0x00,0x30,0x00,0x00,0x00,0x01,0x00,0x20,0x00,0x00,0x00,
    0x00,0x00,0x60,0x09,0x00,0x00,0x00,0x00,0x00,0x00,0x00,0x00,0x00,0x00,0x00,0x00,0x00,0x00,0x00,0x00,0x00,0x00,0x00,0x00,
    0x00,0x00,0x00,0x00,0x00,0x00,0x00,0x00,0x00,0x00,0xff,0x00,0x00,0x01,0xff,0x7f,0x7f,0x02,0x7f,0x00,0x7f,0x02,0x7f,0x00,
    0x7f,0x02,0x7f,0x00,0x7f,0x02,0x7f,0x00,0x7f,0x02,0xbf,0x3f,0x7f,0x04,0x00,0x01,0x00,0x00,0xd7,0x37,0x6a,0x7c,0xde,0x33,
    0x6a,0xe4,0xd6,0x2c,0x61,0xdb,0xda,0x2d,0x65,0xe4,0xd4,0x2e,0x62,0xb0,0xff,0x55,0x55,0x03,0x7f,0x00,0x7f,0x02,0xff,0x00,
    0x00,0x01,0x00,0x00,0x00,0x00,0x00,0x00,0x00,0x00,0x00,0x00,0x00,0x00,0x00,0x00,0x00,0x00,0x00,0x00,0x00,0x00,0x00,0x00,
    0x00,0x00,0x00,0x00,0x00,0x00,0x00,0x00,0x00,0x00,0x00,0x00,0x00,0x00,0x00,0x00,0x00,0x00,0x00,0x01,0x00,0x00,0x00,0x01,
    0x00,0x00,0x00,0x01,0x00,0x00,0x00,0x02,0x01,0x00,0x00,0x03,0x00,0x00,0xc2,0x00,0x1a,0x26,0xee,0x99,0xb5,0xf5,0xf1,0x97,
    0xb4,0xff,0xd6,0x1e,0x59,0xff,0xd9,0x31,0x67,0xff,0xe4,0x34,0x68,0xff,0xd7,0x35,0x62,0x60,0x00,0x00,0x00,0x00,0xff,0x55,
    0x55,0x03,0x00,0x00,0x00,0x00,0x00,0x00,0x00,0x00,0x00,0x00,0x00,0x00,0x00,0x00,0x00,0x00,0x00,0x00,0x00,0x00,0x00,0x00,
    0x00,0x00,0x00,0x00,0x00,0x00,0x00,0x00,0x00,0x00,0xff,0x48,0x48,0x07,0xd4,0x00,0x11,0x1e,0xcf,0x00,0x00,0x1b,0xc8,0x00,
    0x09,0x1c,0xc8,0x00,0x09,0x1c,0xc3,0x00,0x19,0x1e,0xb8,0x00,0x11,0x1d,0xdc,0x4d,0x7b,0xb1,0xff,0xf7,0xfc,0xff,0xfd,0xf9,
    0xfa,0xfb,0xd9,0x42,0x72,0xfe,0xd5,0x29,0x5e,0xfc,0xdd,0x36,0x66,0xfe,0xd8,0x36,0x62,0xe4,0xd4,0x38,0x63,0x12,0x7f,0x00,
    0x00,0x02,0xff,0x00,0xff,0x01,0x00,0x00,0x00,0x00,0x00,0x00,0x00,0x00,0x00,0x00,0x00,0x00,0x00,0x00,0x00,0x00,0xff,0x00,
    0x00,0x01,0xff,0x7f,0x7f,0x02,0xaa,0x00,0x00,0x03,0xe1,0x5a,0x6c,0xb7,0xf4,0xa2,0xae,0xf2,0xef,0xa3,0xb1,0xec,0xed,0x9d,
    0xae,0xef,0xec,0x9a,0xae,0xef,0xeb,0x97,0xad,0xee,0xe3,0x6c,0x8b,0xef,0xef,0x9e,0xb6,0xff,0xff,0xff,0xff,0xfe,0xff,0xff,
    0xff,0xff,0xef,0xae,0xc2,0xff,0xd5,0x26,0x59,0xff,0xd7,0x37,0x64,0xfc,0xe8,0x3d,0x68,0xff,0xd7,0x3c,0x61,0x88,0x00,0x00,
    0x00,0x00,0xff,0x66,0x66,0x05,0xaa,0x55,0x55,0x03,0xaa,0x55,0x55,0x03,0x00,0x00,0x00,0x01,0x00,0x00,0x00,0x00,0xff,0x55,
    0x55,0x03,0x00,0x00,0x00,0x00,0xdf,0x55,0x65,0x62,0xef,0x4f,0x63,0xff,0xf6,0xc3,0xcb,0xff,0xff,0xff,0xff,0xff,0xff,0xff,
    0xff,0xff,0xff,0xff,0xff,0xff,0xff,0xff,0xff,0xff,0xff,0xe9,0xe6,0xff,0xec,0x9f,0xac,0xfe,0xfb,0xec,0xf1,0xff,0xff,0xfe,
    0xfe,0xff,0xfe,0xfc,0xfd,0xff,0xe0,0x60,0x84,0xff,0xd6,0x2e,0x5b,0xfe,0xdd,0x3e,0x65,0xfd,0xde,0x40,0x62,0xf5,0xdd,0x43,
    0x64,0x26,0x00,0x00,0x00,0x00,0x00,0x00,0x00,0x00,0x00,0x00,0x00,0x00,0x00,0x00,0x00,0x00,0x00,0x00,0x00,0x00,0xff,0x00,
    0x00,0x01,0xe1,0x58,0x62,0x1a,0xe5,0x56,0x64,0xe2,0xe6,0x4d,0x60,0xfd,0xe1,0x59,0x6e,0xfc,0xfc,0xf1,0xf2,0xfe,0xff,0xff,
    0xff,0xfe,0xff,0xff,0xff,0xfe,0xfd,0xff,0xff,0xfe,0xfc,0xf5,0xf5,0xfe,0xf2,0xba,0xbf,0xfe,0xef,0xaf,0xbe,0xfe,0xff,0xff,
    0xff,0xff,0xff,0xff,0xff,0xff,0xf6,0xce,0xd8,0xff,0xd9,0x35,0x5e,0xff,0xda,0x3e,0x62,0xfc,0xe7,0x45,0x66,0xff,0xdd,0x45,
    0x61,0xb5,0xdc,0x49,0x5f,0x3b,0xdf,0x4b,0x5f,0x40,0xdd,0x4c,0x61,0x3c,0xcc,0x33,0x66,0x05,0xff,0x00,0x00,0x01,0x00,0x00,
    0x00,0x00,0xe6,0x58,0x63,0x48,0xf0,0x5a,0x67,0xff,0xdf,0x50,0x62,0xfd,0xde,0x45,0x5d,0xff,0xe5,0x70,0x85,0xff,0xe9,0x8a,
    0x9e,0xff,0xe6,0x77,0x92,0xff,0xf1,0xb6,0xc6,0xff,0xff,0xfe,0xfe,0xff,0xfb,0xea,0xe8,0xff,0xec,0x97,0xa7,0xff,0xf8,0xdb,
    0xe5,0xff,0xff,0xfe,0xfe,0xff,0xff,0xff,0xff,0xff,0xe7,0x82,0x99,0xff,0xd9,0x34,0x58,0xff,0xdc,0x46,0x63,0xfe,0xe3,0x48,
    0x63,0xff,0xe2,0x4b,0x63,0xff,0xe1,0x4d,0x62,0xff,0xf0,0x55,0x68,0xff,0xdf,0x51,0x60,0x81,0x00,0x00,0x00,0x00,0xff,0x7f,
    0x7f,0x02,0xff,0x55,0x7f,0x06,0xe1,0x54,0x61,0xc7,0xed,0x54,0x67,0xff,0xde,0x4b,0x63,0xfc,0xdd,0x3f,0x5d,0xff,0xd9,0x33,
    0x57,0xff,0xd9,0x36,0x5f,0xff,0xf8,0xda,0xe2,0xff,0xff,0xff,0xff,0xff,0xff,0xff,0xfc,0xff,0xe1,0x64,0x87,0xff,0xe2,0x6f,
    0x91,0xff,0xff,0xff,0xff,0xff,0xff,0xfe,0xfe,0xff,0xfa,0xe6,0xea,0xff,0xde,0x4a,0x68,0xff,0xdd,0x44,0x5f,0xff,0xde,0x49,
    0x61,0xfe,0xdf,0x4c,0x61,0xfe,0xe0,0x4e,0x61,0xfd,0xe4,0x52,0x63,0xfe,0xe3,0x53,0x62,0xf4,0xe6,0x50,0x5d,0x29,0xff,0x7f,
    0x7f,0x02,0x00,0x00,0x00,0x00,0xe0,0x53,0x60,0x3a,0xe8,0x52,0x65,0xf4,0xe1,0x4b,0x62,0xfd,0xde,0x4a,0x66,0xfe,0xda,0x36,
    0x5a,0xff,0xed,0xa0,0xb3,0xff,0xff,0xff,0xff,0xff,0xff,0xff,0xff,0xff,0xf3,0xc8,0xd5,0xfe,0xd6,0x2d,0x5f,0xff,0xd7,0x30,
    0x5e,0xff,0xf5,0xcc,0xd7,0xff,0xff,0xff,0xff,0xff,0xff,0xff,0xff,0xff,0xee,0xa3,0xb1,0xff,0xdc,0x3b,0x56,0xff,0xdf,0x4e,
    0x64,0xff,0xdf,0x4b,0x5f,0xff,0xe0,0x4c,0x5e,0xff,0xe0,0x4f,0x5e,0xfd,0xeb,0x56,0x63,0xff,0xe3,0x59,0x64,0xbc,0xff,0x00,
    0x7f,0x02,0xff,0xff,0xff,0x01,0xe5,0x59,0x66,0x14,0xe2,0x50,0x62,0xea,0xe4,0x4e,0x65,0xff,0xdb,0x3f,0x5d,0xfe,0xe0,0x59,
    0x76,0xff,0xfd,0xf5,0xf7,0xff,0xff,0xfd,0xfe,0xff,0xfe,0xfb,0xfc,0xff,0xde,0x5b,0x83,0xff,0xd6,0x2c,0x5d,0xff,0xd7,0x31,
    0x5d,0xff,0xe1,0x64,0x83,0xff,0xfe,0xfb,0xfc,0xff,0xff,0xfd,0xfe,0xff,0xfd,0xf5,0xf7,0xff,0xe3,0x63,0x77,0xff,0xdd,0x42,
    0x58,0xff,0xe4,0x60,0x71,0xff,0xf7,0xd3,0xd7,0xff,0xf9,0xdd,0xdf,0xfe,0xfa,0xde,0xe0,0xfe,0xea,0x7c,0x84,0xe7,0xff,0x55,
    0x55,0x03,0x00,0x00,0x00,0x00,0xe0,0x53,0x60,0x96,0xf0,0x55,0x68,0xff,0xde,0x4c,0x64,0xfc,0xdc,0x3c,0x5a,0xff,0xf3,0xbe,
    0xc8,0xff,0xff,0xff,0xff,0xff,0xff,0xff,0xff,0xff,0xee,0xac,0xc1,0xfe,0xd4,0x26,0x59,0xff,0xd9,0x39,0x64,0xff,0xda,0x3c,
    0x64,0xff,0xd8,0x32,0x59,0xff,0xf1,0xb3,0xc0,0xff,0xff,0xff,0xff,0xff,0xff,0xff,0xff,0xff,0xf4,0xc3,0xca,0xff,0xdc,0x38,
    0x4e,0xff,0xf2,0xb8,0xbf,0xff,0xff,0xff,0xff,0xff,0xff,0xff,0xff,0xfd,0xfb,0xd0,0xd3,0xff,0xe3,0x4a,0x55,0x5c,0x00,0x00,
    0x00,0x00,0xe3,0x56,0x61,0x2f,0xe8,0x57,0x63,0xf9,0xe3,0x52,0x65,0xfd,0xdd,0x41,0x5a,0xfe,0xe6,0x76,0x8a,0xff,0xff,0xfe,
    0xfe,0xff,0xff,0xfe,0xfe,0xff,0xfc,0xf0,0xf3,0xff,0xda,0x45,0x71,0xff,0xd6,0x2f,0x5e,0xff,0xd9,0x39,0x63,0xff,0xda,0x3d,
    0x63,0xff,0xda,0x3b,0x5e,0xff,0xe0,0x55,0x70,0xff,0xfc,0xf1,0xf3,0xff,0xff,0xfe,0xfe,0xff,0xfe,0xfa,0xfa,0xff,0xef,0xa4,
    0xad,0xff,0xfd,0xf5,0xf6,0xff,0xff,0xff,0xff,0xfc,0xff,0xf9,0xfa,0xff,0xe9,0x77,0x7e,0xba,0x00,0x00,0x00,0x00,0x00,0x00,
    0x00,0x00,0xe2,0x57,0x61,0xb5,0xf0,0x5a,0x67,0xff,0xe0,0x4f,0x62,0xfc,0xdf,0x49,0x61,0xff,0xf8,0xd8,0xde,0xff,0xff,0xff,
    0xff,0xff,0xff,0xff,0xff,0xff,0xea,0x93,0xab,0xff,0xd5,0x28,0x59,0xff,0xd9,0x3b,0x66,0xff,0xda,0x3c,0x63,0xff,0xdb,0x3f,
    0x63,0xff,0xdd,0x46,0x65,0xff,0xdb,0x3b,0x58,0xff,0xed,0x9a,0xa8,0xff,0xff,0xff,0xff,0xff,0xfe,0xfb,0xfc,0xff,0xff,0xff,
    0xff,0xff,0xfd,0xfb,0xfc,0xfe,0xff,0xff,0xff,0xfd,0xf6,0xb4,0xb8,0xfa,0xdc,0x2d,0x37,0x33,0x00,0x01,0x01,0x00,0xe4,0x5b,
    0x61,0x56,0xe9,0x5b,0x63,0xff,0xe3,0x57,0x63,0xfd,0xdf,0x44,0x58,0xff,0xec,0x93,0xa0,0xff,0xff,0xff,0xff,0xff,0xff,0xff,
    0xff,0xff,0xf8,0xdb,0xe3,0xff,0xd8,0x34,0x5f,0xff,0xd6,0x2d,0x5b,0xff,0xd8,0x32,0x5d,0xff,0xd9,0x35,0x5c,0xff,0xda,0x39,
    0x5c,0xff,0xdc,0x3d,0x5b,0xff,0xdd,0x40,0x5a,0xff,0xde,0x46,0x5d,0xff,0xf4,0xc6,0xca,0xff,0xfb,0xe9,0xe8,0xff,0xf9,0xe0,
    0xe1,0xff,0xf9,0xe7,0xe7,0xfc,0xff,0xdb,0xdd,0xff,0xe6,0x67,0x6f,0x99,0x00,0x00,0x00,0x00,0xff,0xaa,0xaa,0x03,0xe5,0x5c,
    0x61,0xe6,0xe8,0x5b,0x63,0xfe,0xe1,0x51,0x5e,0xfe,0xe3,0x5b,0x6c,0xff,0xfc,0xec,0xee,0xff,0xff,0xfe,0xfe,0xff,0xff,0xfd,
    0xfe,0xff,0xe7,0x83,0x9a,0xff,0xdd,0x4b,0x6f,0xff,0xe0,0x5b,0x7e,0xff,0xe0,0x5a,0x7c,0xff,0xe1,0x5e,0x7c,0xff,0xe2,0x61,
    0x7b,0xff,0xe3,0x64,0x7b,0xff,0xe4,0x69,0x7c,0xff,0xe4,0x65,0x77,0xff,0xe9,0x83,0x8f,0xff,0xf1,0xac,0xb1,0xff,0xef,0xa6,
    0xac,0xfe,0xf5,0xaf,0xb3,0xff,0xec,0x7c,0x82,0xea,0xdd,0x21,0x2c,0x17,0xff,0xff,0xff,0x01,0xff,0x7f,0x7f,0x02,0xe4,0x5b,
    0x60,0xc1,0xec,0x5f,0x67,0xff,0xde,0x46,0x54,0xfd,0xf1,0xae,0xb5,0xff,0xff,0xff,0xff,0xff,0xff,0xff,0xff,0xff,0xf6,0xcc,
    0xd4,0xff,0xf0,0xa9,0xb0,0xff,0xfc,0xf2,0xf0,0xff,0xfe,0xfa,0xfa,0xff,0xfe,0xfb,0xfc,0xff,0xfe,0xfc,0xfc,0xff,0xfe,0xfc,
    0xfc,0xff,0xff,0xfc,0xfc,0xff,0xfe,0xfc,0xfc,0xff,0xff,0xfd,0xfd,0xff,0xfe,0xf9,0xfa,0xff,0xfd,0xf5,0xf6,0xff,0xfc,0xf4,
    0xf5,0xfe,0xff,0xf7,0xf8,0xfd,0xf7,0xb8,0xbd,0xf4,0xe3,0x37,0x40,0x37,0x00,0x00,0x00,0x00,0xaa,0x55,0x55,0x03,0xe8,0x66,
    0x66,0x2d,0xe5,0x53,0x5b,0xf4,0xec,0x7b,0x85,0xfd,0xff,0xff,0xff,0xfd,0xff,0xff,0xff,0xfe,0xfc,0xf7,0xf8,0xfe,0xee,0x9e,
    0xa8,0xff,0xf9,0xdc,0xdb,0xff,0xfe,0xfd,0xfd,0xff,0xff,0xff,0xff,0xff,0xff,0xff,0xff,0xff,0xff,0xff,0xff,0xff,0xff,0xff,
    0xff,0xff,0xff,0xff,0xff,0xff,0xff,0xff,0xff,0xff,0xff,0xff,0xff,0xff,0xff,0xff,0xff,0xff,0xff,0xff,0xff,0xff,0xff,0xff,
    0xff,0xff,0xff,0xff,0xff,0xfc,0xff,0xff,0xff,0xff,0xee,0x94,0x9a,0xc5,0xd4,0x00,0x00,0x06,0xff,0x7f,0x7f,0x02,0x00,0x00,
    0x00,0x00,0xe0,0x4b,0x55,0x87,0xfe,0xa1,0xaa,0xff,0xf7,0xca,0xd0,0xff,0xf8,0xc5,0xce,0xff,0xf4,0xaa,0xb6,0xff,0xf3,0xbb,
    0xbf,0xfe,0xfd,0xf7,0xf7,0xff,0xfc,0xf1,0xf3,0xff,0xf3,0xbd,0xc9,0xff,0xf4,0xc2,0xcc,0xff,0xf4,0xc3,0xcb,0xff,0xf5,0xc4,
    0xcc,0xff,0xf5,0xc5,0xcc,0xff,0xf5,0xc6,0xcc,0xff,0xf6,0xc8,0xcd,0xff,0xf7,0xca,0xce,0xff,0xf7,0xcb,0xce,0xff,0xf7,0xcd,
    0xd0,0xff,0xf7,0xcd,0xcf,0xff,0xf6,0xd3,0xd4,0xfd,0xff,0xb8,0xbb,0xff,0xed,0x6b,0x6f,0x47,0x00,0x00,0x00,0x00,0xff,0x00,
    0x00,0x01,0xdf,0x5f,0x7f,0x08,0xe1,0x42,0x53,0x3d,0xde,0x2c,0x44,0x3f,0xd8,0x19,0x38,0x3b,0xdf,0x51,0x69,0xb8,0xff,0xe0,
    0xe2,0xff,0xff,0xff,0xff,0xfc,0xfd,0xf7,0xf8,0xff,0xe3,0x65,0x7e,0xff,0xda,0x33,0x52,0xff,0xde,0x45,0x5d,0xff,0xdf,0x46,
    0x5c,0xff,0xe0,0x4b,0x5d,0xff,0xe1,0x4f,0x5f,0xfe,0xe2,0x55,0x61,0xfe,0xe4,0x5a,0x64,0xfe,0xe5,0x5f,0x68,0xfe,0xe6,0x65,
    0x6c,0xfe,0xe8,0x6c,0x71,0xfc,0xf1,0x77,0x7c,0xfd,0xf0,0x82,0x86,0xe5,0xec,0x8d,0x8d,0x1b,0x00,0x00,0x00,0x00,0x00,0x00,
    0x00,0x00,0x00,0x00,0x00,0x00,0x00,0x00,0x00,0x00,0x00,0x00,0x00,0x00,0x00,0x00,0x00,0x00,0xd9,0x1f,0x37,0x29,0xf1,0xa0,
    0xaf,0xf6,0xff,0xff,0xff,0xfd,0xff,0xff,0xff,0xfe,0xf8,0xd8,0xdd,0xff,0xe0,0x4f,0x66,0xff,0xe1,0x53,0x66,0xff,0xe3,0x58,
    0x69,0xff,0xe3,0x5c,0x6a,0xfe,0xe8,0x63,0x6e,0xff,0xe9,0x68,0x72,0xff,0xea,0x6e,0x75,0xff,0xec,0x75,0x7a,0xff,0xee,0x7d,
    0x82,0xff,0xed,0x84,0x88,0xff,0xff,0x99,0x9c,0xff,0xf0,0x92,0x97,0x67,0x00,0x00,0x00,0x00,0xff,0xaa,0xaa,0x03,0x00,0x00,
    0x00,0x00,0xff,0x00,0x00,0x01,0xaa,0x55,0x55,0x03,0xaa,0x55,0x55,0x03,0xd4,0x55,0x7f,0x06,0x00,0x00,0x00,0x00,0xde,0x50,
    0x67,0x8c,0xff,0xe8,0xed,0xff,0xff,0xff,0xff,0xfc,0xff,0xff,0xff,0xff,0xe8,0x7d,0x8c,0xff,0xe1,0x4e,0x61,0xff,0xe4,0x5e,
    0x6c,0xfe,0xe9,0x63,0x6f,0xff,0xe8,0x69,0x72,0xf5,0xe9,0x6f,0x77,0xf4,0xec,0x78,0x7d,0xf4,0xed,0x80,0x84,0xf4,0xef,0x8a,
    0x8e,0xf2,0xf6,0x97,0x9a,0xf8,0xf2,0x9b,0x9e,0xbb,0xff,0x99,0x99,0x05,0xff,0x7f,0x7f,0x02,0xff,0x00,0xff,0x01,0x00,0x00,
    0x00,0x00,0x00,0x00,0x00,0x00,0x00,0x00,0x00,0x00,0x00,0x00,0x00,0x00,0x7f,0x00,0x00,0x02,0x7f,0x7f,0x7f,0x02,0xd6,0x00,
    0x0d,0x13,0xed,0x8c,0x9b,0xe6,0xff,0xff,0xff,0xfe,0xf7,0xd5,0xda,0xfd,0xe2,0x59,0x6a,0xfe,0xe2,0x5d,0x6c,0xfc,0xf3,0x6b,
    0x78,0xff,0xe8,0x6b,0x74,0xb5,0xe8,0x70,0x78,0x22,0xe9,0x71,0x78,0x24,0xf0,0x7f,0x87,0x22,0xf0,0x87,0x8e,0x22,0xf7,0x92,
    0x9a,0x21,0xf7,0xa2,0xa2,0x24,0xff,0xaa,0xaa,0x09,0x00,0x00,0x00,0x00,0x00,0x00,0x00,0x01,0x00,0x00,0x00,0x00,0x00,0x00,
    0x00,0x00,0x00,0x00,0x00,0x00,0x00,0x00,0x00,0x00,0x00,0x00,0x00,0x00,0x00,0x00,0x00,0x00,0xff,0x55,0xaa,0x03,0x00,0x00,
    0x00,0x00,0xdd,0x47,0x5b,0x64,0xff,0xd1,0xd8,0xff,0xed,0x89,0x95,0xff,0xe6,0x58,0x67,0xff,0xed,0x6d,0x79,0xff,0xed,0x73,
    0x7c,0xf6,0xec,0x76,0x7c,0x29,0x00,0x00,0x00,0x00,0x00,0x00,0x00,0x00,0x00,0x00,0x00,0x00,0x00,0x00,0x00,0x00,0x00,0x00,
    0x00,0x00,0x00,0x00,0x00,0x00,0x00,0x00,0x00,0x00,0x00,0x00,0x00,0x00,0x00,0x00,0x00,0x00,0x00,0x00,0x00,0x00,0x00,0x00,
    0x00,0x00,0x00,0x00,0x00,0x00,0x00,0x00,0x00,0x00,0x00,0x00,0x00,0x00,0x00,0x00,0x00,0x00,0xff,0x00,0x00,0x01,0xff,0x7f,
    0x7f,0x02,0xff,0x00,0x3f,0x04,0xe8,0x68,0x77,0xb4,0xea,0x66,0x74,0xec,0xe8,0x6c,0x77,0xe2,0xf2,0x79,0x81,0xec,0xe9,0x7a,
    0x82,0x85,0x00,0x00,0x00,0x00,0xff,0x7f,0x7f,0x04,0xff,0x7f,0x7f,0x02,0xff,0x7f,0x7f,0x02,0xff,0x7f,0x7f,0x02,0xff,0x7f,
    0x7f,0x02,0xff,0x7f,0x7f,0x02,0xff,0xff,0xff,0x01,0x00,0x00,0x00,0x00,0x00,0x00,0x00,0x00,0x00,0x00,0x00,0x00,0xe0,0x20,
    0x1f,0x00,0xff,0xc0,0x5f,0x00,0xe0,0x00,0x0f,0x00,0x00,0x00,0x21,0x00,0x40,0x00,0x1f,0x00,0x00,0x00,0x00,0x00,0x80,0x00,
    0x01,0x00,0x00,0x00,0x00,0x00,0x40,0x00,0x00,0x00,0x00,0x00,0x00,0x00,0x40,0x00,0x00,0x00,0x80,0x00,0x01,0x00,0x80,0x00,
    0x01,0x00,0x00,0x00,0x02,0x00,0x00,0x00,0x00,0x00,0x00,0x00,0x02,0x00,0x00,0x00,0x00,0x00,0x80,0x00,0x01,0x00,0x00,0x00,
    0x01,0x00,0xf8,0x00,0x02,0x00,0x84,0x00,0x00,0x00,0xf0,0x00,0x05,0x00,0xfa,0x03,0xff,0x00,0xf8,0x04,0x07,0x00,0x28,0x00,
    0x00,0x00,0x20,0x00,0x00,0x00,0x40,0x00,0x00,0x00,0x01,0x00,0x20,0x00,0x00,0x00,0x00,0x00,0x80,0x10,0x00,0x00,0x00,0x00,
    0x00,0x00,0x00,0x00,0x00,0x00,0x00,0x00,0x00,0x00,0x00,0x00,0x00,0x00,0x00,0x00,0x00,0x00,0x00,0x00,0x00,0x00,0x00,0x00,
    0x00,0x00,0x00,0x00,0x00,0x00,0x00,0x00,0x00,0x00,0x00,0x00,0x00,0x00,0x00,0x00,0x00,0x00,0x00,0x00,0x00,0x00,0x00,0x00,
    0x00,0x00,0x00,0x00,0x00,0x00,0x00,0x00,0x00,0x00,0x00,0x00,0x00,0x00,0x00,0x00,0x00,0x00,0x7f,0x00,0x7f,0x02,0x00,0x01,
    0x00,0x00,0xd3,0x29,0x60,0x81,0xd8,0x2a,0x62,0xd9,0xd6,0x2e,0x64,0xd1,0xd6,0x2d,0x62,0xd1,0xd6,0x2d,0x63,0xd7,0xd8,0x2e,
    0x63,0xb9,0xda,0x30,0x61,0x15,0xff,0x00,0x00,0x01,0xff,0x00,0x00,0x01,0x00,0x00,0x00,0x00,0x00,0x00,0x00,0x00,0x00,0x00,
    0x00,0x00,0x00,0x00,0x00,0x00,0x00,0x00,0x00,0x00,0x00,0x00,0x00,0x00,0x00,0x00,0x00,0x00,0x00,0x00,0x00,0x00,0x00,0x00,
    0x00,0x00,0x00,0x00,0x00,0x00,0x00,0x00,0x00,0x00,0x00,0x00,0x00,0x00,0xff,0x00,0x00,0x01,0xff,0x7f,0x7f,0x02,0xff,0x00,
    0x7f,0x02,0xff,0x00,0x7f,0x02,0xff,0x00,0x7f,0x02,0x7f,0x00,0x7f,0x02,0x7f,0x00,0x7f,0x02,0x7f,0x00,0x7f,0x02,0xbf,0x3f,
    0x7f,0x04,0x00,0x00,0x01,0x00,0xcd,0x00,0x3e,0x39,0xe8,0x76,0x9a,0xfc,0xeb,0x79,0x9e,0xff,0xd8,0x21,0x5c,0xff,0xdc,0x30,
    0x67,0xff,0xd9,0x2d,0x64,0xff,0xe7,0x33,0x6a,0xff,0xd6,0x32,0x62,0x89,0x00,0x00,0x00,0x00,0xaa,0x55,0x55,0x03,0x00,0x00,
    0x00,0x00,0x00,0x00,0x00,0x00,0x00,0x00,0x00,0x00,0x00,0x00,0x00,0x00,0x00,0x00,0x00,0x00,0x00,0x00,0x00,0x00,0x00,0x00,
    0x00,0x00,0x00,0x00,0x00,0x00,0x00,0x00,0x00,0x00,0x00,0x00,0x00,0x00,0x00,0x00,0x00,0x00,0x00,0x00,0x00,0x00,0x00,0x00,
    0x00,0x00,0x00,0x00,0x00,0x00,0x00,0x00,0x00,0x00,0x00,0x00,0x00,0x00,0x00,0x01,0x00,0x00,0x00,0x01,0x00,0x00,0x00,0x01,
    0x00,0x00,0x00,0x01,0x00,0x00,0x00,0x02,0x00,0x00,0x00,0x00,0x00,0x00,0xd8,0x34,0x68,0xbe,0xff,0xe8,0xf1,0xff,0xfa,0xea,
    0xef,0xfb,0xd6,0x33,0x67,0xfe,0xd5,0x2a,0x61,0xfe,0xd5,0x2f,0x62,0xfd,0xd8,0x31,0x63,0xfd,0xda,0x34,0x63,0xf6,0xd7,0x38,
    0x60,0x2d,0x00,0x00,0x00,0x00,0xff,0x00,0x7f,0x02,0x00,0x00,0x00,0x00,0x00,0x00,0x00,0x00,0x00,0x00,0x00,0x00,0x00,0x00,
    0x00,0x00,0x00,0x00,0x00,0x00,0x00,0x00,0x00,0x00,0x00,0x00,0x00,0x00,0x00,0x00,0x00,0x00,0x00,0x00,0x00,0x00,0xff,0x00,
    0x00,0x01,0xff,0x00,0x00,0x01,0xff,0x55,0xaa,0x03,0xd2,0x0f,0x2d,0x22,0xd0,0x00,0x1e,0x21,0xd0,0x00,0x26,0x21,0xd0,0x00,
    0x26,0x21,0xd0,0x00,0x26,0x21,0xc8,0x00,0x26,0x21,0xd3,0x00,0x2b,0x23,0xcc,0x00,0x33,0x1e,0xce,0x0c,0x4a,0x6a,0xf1,0x94,
    0xb2,0xff,0xff,0xff,0xff,0xfd,0xff,0xff,0xff,0xff,0xea,0x92,0xae,0xff,0xd4,0x21,0x5a,0xff,0xd7,0x33,0x64,0xff,0xd6,0x32,
    0x62,0xfc,0xe4,0x39,0x67,0xff,0xd8,0x38,0x61,0xb1,0x00,0x00,0x00,0x01,0xff,0x7f,0x7f,0x02,0x00,0x00,0x00,0x00,0x00,0x00,
    0x00,0x00,0x00,0x00,0x00,0x00,0x00,0x00,0x00,0x00,0x00,0x00,0x00,0x00,0x00,0x00,0x00,0x00,0x00,0x00,0x00,0x00,0x00,0x00,
    0x00,0x00,0x00,0x00,0x00,0x00,0xff,0x7f,0x7f,0x02,0x00,0x00,0x00,0x00,0xe1,0x4e,0x61,0x93,0xf1,0x7e,0x8e,0xef,0xea,0x87,
    0x97,0xeb,0xe9,0x81,0x95,0xed,0xe8,0x80,0x96,0xed,0xe7,0x7b,0x95,0xed,0xe6,0x78,0x95,0xed,0xe5,0x73,0x92,0xed,0xe1,0x61,
    0x85,0xeb,0xdd,0x4f,0x7b,0xfc,0xfc,0xea,0xf0,0xfe,0xff,0xff,0xff,0xfe,0xff,0xfe,0xfe,0xff,0xfc,0xf0,0xf4,0xff,0xdb,0x49,
    0x76,0xff,0xd6,0x2c,0x5e,0xff,0xd8,0x36,0x63,0xff,0xd9,0x37,0x62,0xfd,0xdf,0x3c,0x64,0xfe,0xda,0x3c,0x61,0x4c,0x00,0x00,
    0x00,0x00,0xaa,0x55,0x55,0x03,0x00,0x00,0x00,0x00,0x00,0x00,0x00,0x00,0x00,0x00,0x00,0x00,0x00,0x00,0x00,0x00,0x00,0x00,
    0x00,0x00,0x00,0x00,0x00,0x00,0x00,0x00,0x00,0x00,0xaa,0x55,0x55,0x03,0x00,0x00,0x00,0x00,0xe5,0x5b,0x68,0x3d,0xe4,0x49,
    0x5c,0xfe,0xf3,0xa1,0xad,0xff,0xff,0xff,0xff,0xff,0xff,0xff,0xff,0xff,0xff,0xff,0xff,0xff,0xff,0xff,0xff,0xff,0xff,0xff,
    0xff,0xff,0xff,0xfa,0xfa,0xff,0xfe,0xe4,0xe2,0xff,0xee,0x9c,0xa9,0xff,0xf3,0xc4,0xd2,0xff,0xff,0xff,0xff,0xff,0xfe,0xfb,
    0xfc,0xff,0xff,0xff,0xff,0xff,0xf0,0xb3,0xc5,0xff,0xd6,0x29,0x5b,0xff,0xd9,0x38,0x64,0xff,0xd8,0x39,0x61,0xfd,0xe2,0x3e,
    0x65,0xff,0xda,0x3e,0x60,0xd0,0xe2,0x38,0x55,0x09,0xff,0x3f,0x7f,0x04,0xbf,0x3f,0x3f,0x04,0xff,0x55,0x55,0x03,0xff,0x55,
    0x55,0x03,0x7f,0x7f,0x7f,0x02,0x00,0x00,0x00,0x00,0x00,0x00,0x00,0x00,0xff,0x00,0x00,0x01,0xff,0x00,0x00,0x01,0xff,0x7f,
    0x7f,0x02,0xe1,0x54,0x62,0xc5,0xea,0x52,0x65,0xff,0xde,0x4d,0x63,0xfc,0xf8,0xda,0xdf,0xfe,0xff,0xfd,0xfd,0xfe,0xfd,0xfa,
    0xfa,0xfe,0xfd,0xfb,0xfb,0xfe,0xfc,0xfa,0xfb,0xfe,0xfc,0xf9,0xf9,0xfe,0xfb,0xee,0xee,0xfe,0xf5,0xc7,0xc8,0xfe,0xe8,0x8a,
    0xa0,0xfd,0xfd,0xf1,0xf6,0xff,0xff,0xfe,0xfe,0xff,0xff,0xfc,0xfd,0xff,0xfe,0xfb,0xfc,0xff,0xe2,0x66,0x88,0xff,0xd7,0x2f,
    0x5b,0xff,0xda,0x3d,0x64,0xff,0xda,0x3d,0x62,0xfc,0xe7,0x44,0x66,0xff,0xdc,0x42,0x5f,0x70,0x00,0x00,0x00,0x00,0x00,0x00,
    0x00,0x00,0x00,0x00,0x00,0x00,0x00,0x00,0x00,0x00,0x00,0x00,0x00,0x00,0xff,0x00,0x00,0x01,0x00,0x00,0x00,0x00,0xff,0x7f,
    0x7f,0x02,0x00,0x00,0x00,0x00,0xe3,0x57,0x61,0x66,0xeb,0x57,0x65,0xff,0xe0,0x52,0x63,0xfd,0xde,0x42,0x59,0xff,0xe8,0x7d,
    0x8f,0xff,0xff,0xff,0xff,0xff,0xff,0xff,0xff,0xff,0xff,0xff,0xff,0xff,0xff,0xff,0xff,0xff,0xff,0xff,0xff,0xff,0xfd,0xf6,
    0xf7,0xff,0xfb,0xe6,0xe6,0xff,0xef,0xa4,0xad,0xfd,0xee,0xac,0xbf,0xfe,0xff,0xff,0xff,0xff,0xfe,0xfb,0xfc,0xff,0xff,0xff,
    0xff,0xff,0xf6,0xd0,0xd9,0xff,0xd9,0x38,0x60,0xff,0xda,0x3c,0x62,0xff,0xdb,0x3f,0x61,0xfd,0xe1,0x43,0x63,0xfe,0xdc,0x45,
    0x60,0xe8,0xde,0x49,0x60,0x57,0xdd,0x48,0x60,0x4d,0xe1,0x4b,0x5e,0x4e,0xe3,0x4d,0x63,0x52,0xd9,0x4b,0x61,0x22,0x00,0x00,
    0x00,0x00,0xff,0x00,0x00,0x01,0xff,0x00,0x7f,0x02,0x00,0x00,0x00,0x00,0xe3,0x57,0x60,0xc1,0xee,0x59,0x66,0xfe,0xe0,0x4f,
    0x62,0xfc,0xe0,0x4d,0x62,0xff,0xde,0x48,0x61,0xff,0xeb,0x8e,0x9e,0xff,0xed,0x9d,0xae,0xff,0xec,0x9a,0xad,0xff,0xe9,0x8e,
    0xa6,0xff,0xf4,0xc8,0xd4,0xff,0xfe,0xfe,0xfe,0xff,0xfc,0xef,0xf0,0xff,0xf8,0xd4,0xd3,0xff,0xe9,0x8b,0x9e,0xfe,0xf9,0xe3,
    0xea,0xff,0xff,0xfe,0xfe,0xff,0xfe,0xfc,0xfc,0xff,0xff,0xff,0xff,0xff,0xe8,0x86,0x9e,0xff,0xd9,0x33,0x58,0xff,0xdc,0x43,
    0x63,0xff,0xdc,0x43,0x61,0xff,0xe0,0x47,0x62,0xff,0xe6,0x4b,0x64,0xff,0xe5,0x4d,0x64,0xff,0xe4,0x4e,0x63,0xff,0xed,0x53,
    0x66,0xff,0xe1,0x51,0x61,0xd9,0xe2,0x55,0x63,0x12,0xff,0x7f,0x7f,0x02,0xff,0x55,0x55,0x03,0x00,0x00,0x00,0x00,0xe3,0x57,
    0x62,0x5d,0xeb,0x58,0x65,0xff,0xe0,0x50,0x61,0xfd,0xe0,0x4d,0x62,0xff,0xdf,0x49,0x62,0xff,0xdb,0x3c,0x5a,0xff,0xda,0x37,
    0x59,0xff,0xd8,0x2f,0x57,0xff,0xd9,0x38,0x63,0xff,0xf7,0xd9,0xe1,0xff,0xff,0xff,0xff,0xff,0xfd,0xf6,0xf7,0xff,0xfd,0xf0,
    0xee,0xff,0xe2,0x65,0x85,0xff,0xe5,0x7e,0x9d,0xff,0xff,0xff,0xff,0xff,0xfe,0xfc,0xfc,0xff,0xff,0xfe,0xfe,0xff,0xfa,0xe6,
    0xeb,0xff,0xde,0x4c,0x6b,0xff,0xdc,0x40,0x5f,0xff,0xdd,0x46,0x62,0xff,0xdd,0x47,0x61,0xfe,0xde,0x49,0x60,0xfd,0xde,0x4c,
    0x61,0xfe,0xdf,0x4e,0x61,0xfe,0xe1,0x50,0x60,0xfa,0xf1,0x58,0x68,0xff,0xe2,0x53,0x60,0x84,0x00,0x00,0x00,0x00,0x00,0x00,
    0x00,0x01,0xff,0x00,0x00,0x01,0x7f,0x7f,0x00,0x02,0xe1,0x53,0x60,0xc0,0xee,0x55,0x67,0xff,0xdf,0x4b,0x62,0xfc,0xde,0x49,
    0x62,0xff,0xde,0x47,0x64,0xff,0xdd,0x46,0x66,0xff,0xd9,0x34,0x5b,0xff,0xed,0xa4,0xb7,0xff,0xff,0xff,0xff,0xff,0xfe,0xfa,
    0xfb,0xff,0xff,0xff,0xff,0xff,0xf5,0xcc,0xd7,0xff,0xd6,0x31,0x63,0xff,0xd7,0x33,0x62,0xff,0xf7,0xd5,0xde,0xff,0xff,0xff,
    0xff,0xff,0xfe,0xfb,0xfc,0xff,0xff,0xff,0xff,0xff,0xee,0xa6,0xb5,0xff,0xdb,0x39,0x58,0xff,0xde,0x49,0x63,0xff,0xde,0x49,
    0x61,0xff,0xdf,0x4a,0x61,0xff,0xe0,0x4d,0x62,0xff,0xe0,0x50,0x62,0xff,0xe0,0x51,0x61,0xfe,0xe6,0x55,0x63,0xfd,0xe6,0x55,
    0x62,0xee,0xe1,0x53,0x5e,0x2b,0x00,0x00,0x00,0x00,0xff,0x7f,0x7f,0x02,0x00,0x00,0x00,0x00,0xdf,0x51,0x5f,0x38,0xe6,0x52,
    0x64,0xf1,0xe1,0x4d,0x63,0xfe,0xde,0x49,0x62,0xfe,0xde,0x47,0x63,0xff,0xdb,0x3b,0x5d,0xff,0xe0,0x5a,0x7a,0xff,0xfd,0xf4,
    0xf6,0xff,0xff,0xfd,0xfe,0xff,0xff,0xfc,0xfc,0xff,0xff,0xfd,0xfd,0xfe,0xe0,0x67,0x8d,0xfd,0xd6,0x2a,0x5c,0xff,0xd7,0x2e,
    0x5c,0xff,0xe3,0x6d,0x8b,0xff,0xfe,0xfd,0xfd,0xff,0xff,0xfd,0xfd,0xff,0xff,0xfe,0xfe,0xff,0xfd,0xf5,0xf7,0xff,0xe3,0x64,
    0x7a,0xff,0xdd,0x42,0x5c,0xff,0xdf,0x4c,0x62,0xff,0xe0,0x4d,0x62,0xff,0xe0,0x4b,0x5e,0xff,0xe0,0x4c,0x5d,0xff,0xe1,0x4e,
    0x5d,0xff,0xe0,0x4e,0x5c,0xfd,0xeb,0x56,0x62,0xff,0xe4,0x58,0x63,0xb6,0x00,0x00,0x00,0x00,0xff,0x00,0x00,0x01,0xff,0x00,
    0x00,0x01,0xd0,0x5c,0x5c,0x0b,0xe1,0x50,0x61,0xde,0xe6,0x4f,0x65,0xff,0xde,0x48,0x61,0xfd,0xde,0x47,0x63,0xff,0xdb,0x39,
    0x5c,0xff,0xf3,0xbe,0xca,0xff,0xff,0xff,0xff,0xff,0xfe,0xfb,0xfc,0xff,0xff,0xff,0xff,0xff,0xf1,0xb8,0xca,0xff,0xd4,0x28,
    0x5c,0xff,0xd8,0x35,0x63,0xff,0xd9,0x38,0x63,0xff,0xd8,0x32,0x5c,0xff,0xf2,0xbd,0xca,0xff,0xff,0xff,0xff,0xff,0xfe,0xfb,
    0xfb,0xff,0xff,0xff,0xff,0xff,0xf4,0xc2,0xca,0xff,0xde,0x42,0x5b,0xff,0xe0,0x4f,0x64,0xff,0xdf,0x46,0x5a,0xff,0xe8,0x7a,
    0x88,0xff,0xf7,0xd3,0xd7,0xff,0xf7,0xd1,0xd5,0xff,0xf8,0xd3,0xd6,0xfe,0xf9,0xcd,0xd0,0xfd,0xe6,0x6a,0x71,0xe9,0x00,0x00,
    0x00,0x00,0xff,0x55,0x55,0x03,0x00,0x00,0x00,0x00,0xe2,0x53,0x61,0x7d,0xee,0x55,0x67,0xff,0xde,0x4c,0x61,0xfd,0xdf,0x4b,
    0x64,0xff,0xdc,0x3b,0x5a,0xff,0xe6,0x75,0x8d,0xff,0xfe,0xfd,0xfd,0xff,0xfe,0xfc,0xfd,0xff,0xff,0xfd,0xfe,0xff,0xfb,0xf4,
    0xf6,0xfe,0xdc,0x50,0x7a,0xff,0xd6,0x2c,0x5d,0xff,0xd8,0x37,0x63,0xff,0xd9,0x39,0x63,0xff,0xd9,0x34,0x5d,0xff,0xe0,0x5b,
    0x7a,0xff,0xfd,0xf4,0xf6,0xff,0xff,0xfd,0xfe,0xff,0xff,0xfd,0xfd,0xff,0xff,0xfd,0xfe,0xff,0xe8,0x7f,0x8f,0xff,0xde,0x43,
    0x59,0xff,0xe1,0x52,0x64,0xff,0xf9,0xdc,0xe0,0xff,0xff,0xff,0xff,0xff,0xff,0xff,0xff,0xff,0xff,0xff,0xff,0xfe,0xfa,0xb9,
    0xbd,0xff,0xe1,0x47,0x50,0x6f,0xff,0x7f,0x7f,0x02,0xff,0x00,0x00,0x01,0xe1,0x5a,0x61,0x22,0xe4,0x55,0x62,0xee,0xe5,0x52,
    0x64,0xfe,0xdf,0x4d,0x62,0xfe,0xde,0x49,0x61,0xff,0xde,0x46,0x63,0xff,0xf8,0xd9,0xdf,0xff,0xff,0xff,0xff,0xff,0xfe,0xfb,
    0xfc,0xff,0xff,0xff,0xff,0xff,0xea,0x9a,0xb3,0xfe,0xd4,0x25,0x59,0xff,0xd8,0x37,0x64,0xff,0xd9,0x37,0x62,0xff,0xd9,0x3a,
    0x62,0xff,0xdb,0x3f,0x64,0xff,0xd9,0x35,0x58,0xff,0xee,0xa3,0xb2,0xff,0xff,0xff,0xff,0xff,0xfe,0xfb,0xfc,0xff,0xff,0xff,
    0xff,0xff,0xf9,0xdd,0xe0,0xff,0xde,0x43,0x58,0xff,0xed,0x96,0xa1,0xff,0xff,0xff,0xff,0xff,0xfe,0xfa,0xfb,0xff,0xff,0xff,
    0xff,0xfd,0xff,0xee,0xef,0xff,0xe6,0x64,0x6b,0xc4,0xcc,0x00,0x00,0x05,0xff,0x7f,0x7f,0x02,0x00,0x00,0x00,0x00,0xe2,0x56,
    0x61,0xa0,0xef,0x59,0x67,0xff,0xe0,0x4f,0x62,0xfc,0xe0,0x4f,0x65,0xff,0xdd,0x3d,0x58,0xff,0xec,0x94,0xa4,0xff,0xff,0xff,
    0xff,0xff,0xfe,0xfc,0xfc,0xff,0xff,0xfe,0xfe,0xff,0xfa,0xe5,0xeb,0xff,0xd9,0x3e,0x6c,0xff,0xd7,0x2f,0x60,0xff,0xd8,0x37,
    0x63,0xff,0xd9,0x38,0x62,0xff,0xda,0x3c,0x62,0xff,0xdb,0x3f,0x62,0xff,0xdb,0x3e,0x5f,0xff,0xdf,0x4e,0x6a,0xff,0xfa,0xe6,
    0xea,0xff,0xff,0xff,0xff,0xff,0xff,0xfc,0xfc,0xff,0xff,0xff,0xff,0xff,0xf0,0xac,0xb4,0xff,0xfa,0xe3,0xe6,0xff,0xff,0xfe,
    0xfe,0xff,0xfe,0xfb,0xfb,0xff,0xff,0xff,0xff,0xfd,0xf2,0x9a,0xa0,0xfe,0xe0,0x35,0x40,0x43,0x00,0x00,0x00,0x00,0x00,0x00,
    0x00,0x00,0xe5,0x59,0x61,0x3c,0xe7,0x58,0x63,0xfd,0xe3,0x54,0x61,0xfd,0xe1,0x51,0x63,0xfe,0xdf,0x49,0x5f,0xff,0xe1,0x58,
    0x6f,0xff,0xfb,0xeb,0xee,0xff,0xff,0xfe,0xfe,0xff,0xfe,0xfc,0xfc,0xff,0xff,0xff,0xff,0xff,0xe6,0x81,0x9d,0xff,0xd5,0x27,
    0x59,0xff,0xd8,0x37,0x64,0xff,0xd9,0x37,0x62,0xff,0xd9,0x3a,0x62,0xff,0xdb,0x3d,0x62,0xff,0xdb,0x40,0x61,0xff,0xdd,0x45,
    0x63,0xff,0xdb,0x3b,0x58,0xff,0xea,0x8a,0x9a,0xff,0xff,0xff,0xff,0xff,0xfe,0xfb,0xfb,0xff,0xfe,0xfc,0xfc,0xff,0xfe,0xff,
    0xff,0xff,0xfe,0xfe,0xfe,0xff,0xfe,0xfb,0xfb,0xff,0xff,0xff,0xff,0xfc,0xff,0xdb,0xdf,0xff,0xe2,0x57,0x60,0xa9,0x00,0x00,
    0x00,0x00,0xff,0x7f,0x7f,0x02,0xaa,0x55,0x55,0x03,0xe5,0x59,0x61,0xbf,0xee,0x5b,0x66,0xff,0xe1,0x53,0x60,0xfd,0xe1,0x53,
    0x64,0xff,0xde,0x43,0x59,0xff,0xf1,0xb1,0xbb,0xff,0xff,0xff,0xff,0xff,0xfe,0xfb,0xfc,0xff,0xff,0xff,0xff,0xff,0xf6,0xd1,
    0xdb,0xff,0xd9,0x37,0x63,0xff,0xd8,0x36,0x64,0xff,0xd8,0x38,0x64,0xff,0xda,0x3b,0x64,0xff,0xda,0x3e,0x64,0xff,0xdb,0x40,
    0x63,0xff,0xdc,0x44,0x63,0xff,0xdd,0x47,0x63,0xff,0xde,0x49,0x63,0xff,0xde,0x49,0x61,0xff,0xf5,0xcc,0xd1,0xff,0xfe,0xfd,
    0xfc,0xff,0xfc,0xf2,0xf3,0xff,0xfc,0xf4,0xf4,0xff,0xfc,0xf4,0xf4,0xff,0xfb,0xf4,0xf4,0xfe,0xff,0xf5,0xf6,0xfe,0xee,0x84,
    0x8b,0xef,0xe3,0x29,0x37,0x25,0x00,0x01,0x01,0x00,0xff,0x7f,0x7f,0x02,0xe4,0x5a,0x62,0x68,0xea,0x5c,0x64,0xff,0xe3,0x56,
    0x60,0xfd,0xe2,0x56,0x63,0xff,0xe0,0x49,0x5c,0xff,0xe6,0x6f,0x7f,0xff,0xfe,0xf8,0xf9,0xff,0xff,0xfd,0xfe,0xff,0xff,0xfd,
    0xfd,0xff,0xfe,0xfb,0xfc,0xff,0xe1,0x63,0x84,0xff,0xd5,0x27,0x55,0xff,0xd7,0x2f,0x5d,0xff,0xd7,0x2f,0x5b,0xff,0xd8,0x32,
    0x5b,0xff,0xd9,0x35,0x5b,0xff,0xda,0x38,0x5a,0xff,0xdb,0x3b,0x5a,0xff,0xdc,0x3e,0x5a,0xff,0xdd,0x42,0x5c,0xff,0xdc,0x3c,
    0x55,0xff,0xe4,0x65,0x75,0xff,0xf6,0xcb,0xcc,0xff,0xf6,0xcd,0xcf,0xff,0xf6,0xcd,0xce,0xff,0xf6,0xcc,0xcd,0xff,0xf7,0xd4,
    0xd5,0xfc,0xfc,0xab,0xb0,0xff,0xe1,0x51,0x5b,0x83,0x00,0x00,0x00,0x00,0xaa,0x55,0x55,0x03,0x00,0x00,0x00,0x00,0xe5,0x5a,
    0x61,0xec,0xe7,0x5b,0x62,0xfe,0xe3,0x57,0x61,0xfe,0xe2,0x55,0x63,0xff,0xe0,0x4b,0x5e,0xff,0xf6,0xcb,0xd1,0xff,0xff,0xff,
    0xff,0xff,0xfe,0xfb,0xfc,0xff,0xff,0xff,0xff,0xff,0xf2,0xb8,0xc6,0xff,0xde,0x4e,0x6f,0xff,0xe0,0x5f,0x80,0xff,0xe1,0x60,
    0x81,0xff,0xe1,0x62,0x82,0xff,0xe2,0x64,0x82,0xff,0xe2,0x66,0x82,0xff,0xe3,0x69,0x81,0xff,0xe4,0x6b,0x81,0xff,0xe5,0x6d,
    0x82,0xff,0xe6,0x6f,0x81,0xff,0xe6,0x72,0x82,0xff,0xe6,0x71,0x80,0xff,0xed,0x93,0x9c,0xff,0xef,0xa0,0xa6,0xff,0xef,0x9e,
    0xa4,0xff,0xef,0xa1,0xa6,0xfd,0xf5,0xa1,0xa6,0xff,0xe8,0x66,0x6e,0xde,0xda,0x36,0x48,0x0e,0xff,0x00,0x00,0x01,0xff,0x00,
    0x00,0x01,0x00,0x00,0x00,0x00,0xe5,0x5b,0x61,0xbd,0xeb,0x5d,0x64,0xff,0xe2,0x59,0x62,0xfe,0xe0,0x4a,0x58,0xff,0xeb,0x88,
    0x93,0xff,0xff,0xff,0xff,0xff,0xff,0xfc,0xfd,0xff,0xff,0xfe,0xff,0xff,0xfb,0xed,0xf1,0xff,0xeb,0x90,0x9e,0xff,0xf7,0xcf,
    0xcf,0xff,0xfd,0xf3,0xf3,0xff,0xff,0xfe,0xfe,0xff,0xff,0xff,0xff,0xff,0xff,0xff,0xff,0xff,0xff,0xff,0xff,0xff,0xff,0xff,
    0xff,0xff,0xff,0xff,0xff,0xff,0xff,0xff,0xff,0xff,0xff,0xff,0xff,0xff,0xff,0xff,0xff,0xff,0xff,0xff,0xff,0xff,0xfe,0xfc,
    0xfc,0xff,0xfe,0xfa,0xfb,0xff,0xfe,0xfa,0xfb,0xff,0xff,0xfa,0xfa,0xfe,0xff,0xfa,0xfa,0xfe,0xf2,0x98,0x9d,0xf1,0xe2,0x3e,
    0x43,0x35,0x00,0x00,0x00,0x00,0xff,0x7f,0x7f,0x02,0x00,0x00,0x00,0x00,0xe9,0x5c,0x61,0x2f,0xe7,0x5b,0x63,0xf2,0xe6,0x56,
    0x60,0xfd,0xe1,0x55,0x62,0xfe,0xf9,0xde,0xe1,0xff,0xfe,0xfc,0xfd,0xff,0xfe,0xfa,0xfa,0xff,0xff,0xff,0xff,0xff,0xef,0xaa,
    0xb7,0xff,0xf1,0xac,0xb1,0xff,0xfb,0xe8,0xe8,0xff,0xfd,0xf7,0xf7,0xff,0xfd,0xfa,0xfa,0xff,0xfe,0xfb,0xfc,0xff,0xff,0xfc,
    0xfd,0xff,0xff,0xfc,0xfd,0xff,0xff,0xfc,0xfd,0xff,0xff,0xfc,0xfd,0xff,0xff,0xfc,0xfd,0xff,0xff,0xfc,0xfd,0xff,0xff,0xfc,
    0xfd,0xff,0xff,0xfd,0xfd,0xff,0xff,0xfe,0xfe,0xff,0xff,0xfe,0xfe,0xff,0xff,0xfe,0xfe,0xff,0xff,0xfd,0xfd,0xff,0xff,0xff,
    0xff,0xfc,0xff,0xea,0xeb,0xff,0xe9,0x6c,0x71,0xbc,0xff,0x00,0x00,0x01,0xff,0xff,0xff,0x01,0x00,0x00,0x00,0x00,0x00,0x00,
    0x00,0x00,0xe4,0x5d,0x63,0x88,0xf1,0x55,0x60,0xff,0xf1,0xaf,0xb5,0xfa,0xff,0xff,0xff,0xfe,0xff,0xff,0xff,0xfe,0xff,0xff,
    0xff,0xfd,0xf8,0xde,0xe4,0xfe,0xec,0x93,0x9e,0xff,0xf9,0xd8,0xd8,0xff,0xfc,0xf2,0xf2,0xff,0xfe,0xfe,0xfe,0xff,0xff,0xff,
    0xff,0xff,0xff,0xff,0xff,0xff,0xff,0xff,0xff,0xff,0xff,0xff,0xff,0xff,0xff,0xff,0xff,0xff,0xff,0xff,0xff,0xff,0xff,0xff,
    0xff,0xff,0xff,0xff,0xff,0xff,0xff,0xff,0xff,0xff,0xff,0xff,0xff,0xff,0xff,0xff,0xff,0xff,0xff,0xff,0xff,0xff,0xff,0xff,
    0xff,0xff,0xff,0xff,0xff,0xff,0xff,0xff,0xff,0xff,0xff,0xff,0xff,0xfd,0xfb,0xc0,0xc2,0xff,0xe8,0x61,0x66,0x5c,0x00,0x00,
    0x00,0x00,0xff,0xaa,0xaa,0x03,0xff,0x00,0xff,0x01,0xe6,0x55,0x55,0x15,0xe4,0x5b,0x65,0xe0,0xfd,0xad,0xb4,0xff,0xf8,0xb7,
    0xbf,0xff,0xf7,0xb4,0xbd,0xff,0xf8,0xb2,0xbf,0xff,0xee,0x94,0xa1,0xff,0xf3,0xbc,0xbe,0xff,0xfb,0xea,0xea,0xff,0xfe,0xfc,
    0xfc,0xff,0xfb,0xeb,0xee,0xff,0xef,0xaa,0xb9,0xff,0xf0,0xaf,0xbc,0xff,0xf1,0xaf,0xbb,0xff,0xf1,0xb1,0xbc,0xff,0xf1,0xb2,
    0xbc,0xff,0xf2,0xb4,0xbc,0xff,0xf2,0xb5,0xbd,0xff,0xf2,0xb6,0xbd,0xff,0xf3,0xb8,0xbe,0xff,0xf3,0xb9,0xbe,0xff,0xf4,0xbb,
    0xbf,0xff,0xf5,0xbd,0xc0,0xff,0xf5,0xbe,0xc1,0xff,0xf5,0xc0,0xc2,0xff,0xf5,0xc1,0xc3,0xff,0xf5,0xc5,0xc7,0xfc,0xff,0xc3,
    0xc5,0xfe,0xed,0x80,0x84,0xbf,0x00,0x00,0x00,0x00,0xff,0x7f,0x7f,0x02,0xff,0x00,0x00,0x01,0x00,0x00,0x00,0x00,0xdf,0x57,
    0x63,0x29,0xe0,0x3a,0x49,0x53,0xdb,0x2d,0x41,0x4e,0xda,0x2e,0x45,0x4d,0xd4,0x1c,0x3c,0x59,0xe1,0x5d,0x72,0xe9,0xfc,0xdb,
    0xdc,0xfe,0xfb,0xf4,0xf4,0xfe,0xfe,0xfd,0xfd,0xff,0xfc,0xf4,0xf5,0xff,0xe2,0x5f,0x7b,0xff,0xd9,0x30,0x52,0xff,0xdc,0x3f,
    0x5a,0xff,0xdd,0x40,0x59,0xff,0xdf,0x44,0x5a,0xff,0xdf,0x47,0x5a,0xff,0xe0,0x4b,0x5c,0xff,0xe2,0x4e,0x5d,0xff,0xe2,0x52,
    0x5f,0xff,0xe4,0x56,0x61,0xff,0xe4,0x5a,0x64,0xff,0xe6,0x5e,0x67,0xff,0xe6,0x62,0x69,0xff,0xe8,0x67,0x6d,0xff,0xe9,0x6d,
    0x72,0xff,0xe9,0x71,0x75,0xfd,0xf8,0x82,0x86,0xff,0xf0,0x86,0x8b,0x6a,0x00,0x00,0x00,0x00,0xff,0xaa,0xaa,0x03,0x00,0x00,
    0x00,0x00,0xff,0x00,0x00,0x01,0x00,0x00,0x00,0x00,0x00,0x00,0x00,0x00,0x00,0x00,0x00,0x00,0x00,0x00,0x00,0x00,0x00,0x00,
    0x00,0x00,0xda,0x38,0x54,0x76,0xfc,0xae,0xbb,0xff,0xff,0xff,0xff,0xfc,0xfd,0xfa,0xfa,0xff,0xff,0xff,0xff,0xff,0xf7,0xd4,
    0xda,0xff,0xde,0x46,0x62,0xff,0xdf,0x4e,0x65,0xff,0xe0,0x52,0x67,0xff,0xe2,0x55,0x67,0xff,0xe3,0x58,0x69,0xff,0xe3,0x5c,
    0x6a,0xff,0xe4,0x5f,0x6c,0xfe,0xe5,0x63,0x6e,0xfe,0xe6,0x68,0x71,0xfe,0xe7,0x6c,0x73,0xfe,0xe8,0x70,0x76,0xfe,0xe9,0x75,
    0x7a,0xfe,0xeb,0x7b,0x80,0xfe,0xeb,0x81,0x85,0xfc,0xf8,0x8f,0x93,0xff,0xef,0x8e,0x92,0xca,0xcc,0x99,0x99,0x05,0xff,0x00,
    0x00,0x01,0xff,0x00,0x00,0x01,0x00,0x00,0x00,0x00,0x00,0x00,0x00,0x00,0xff,0x7f,0x7f,0x02,0xff,0x55,0x55,0x03,0xff,0x55,
    0x55,0x03,0xff,0x3f,0x7f,0x04,0xff,0x3f,0x7f,0x04,0xb9,0x00,0x00,0x0b,0xe1,0x5b,0x74,0xd3,0xff,0xef,0xf3,0xff,0xff,0xff,
    0xff,0xfd,0xff,0xfc,0xfd,0xff,0xff,0xff,0xff,0xff,0xeb,0x91,0xa0,0xff,0xdf,0x47,0x5d,0xff,0xe1,0x55,0x68,0xff,0xe3,0x57,
    0x68,0xff,0xe3,0x5b,0x69,0xff,0xe5,0x5f,0x6b,0xff,0xe8,0x65,0x6f,0xff,0xe9,0x69,0x72,0xff,0xea,0x6d,0x75,0xff,0xeb,0x73,
    0x79,0xff,0xed,0x79,0x7e,0xff,0xef,0x80,0x84,0xff,0xf0,0x86,0x8a,0xff,0xf3,0x8e,0x91,0xff,0xf9,0x98,0x9b,0xff,0xf3,0x98,
    0x98,0x43,0x00,0x00,0x00,0x00,0xff,0xaa,0xaa,0x03,0x00,0x00,0x00,0x00,0x00,0x00,0x00,0x00,0x00,0x00,0x00,0x00,0x00,0x00,
    0x00,0x00,0x00,0x00,0x00,0x00,0x00,0x00,0x00,0x00,0x00,0x00,0x00,0x00,0xff,0x55,0x55,0x03,0x00,0x00,0x00,0x00,0xd8,0x26,
    0x42,0x50,0xf4,0x9b,0xaa,0xff,0xff,0xff,0xff,0xfd,0xfe,0xfb,0xfb,0xff,0xff,0xff,0xff,0xff,0xf5,0xc6,0xcc,0xff,0xe0,0x4d,
    0x60,0xff,0xe3,0x5a,0x6a,0xff,0xe4,0x5d,0x6b,0xff,0xe5,0x61,0x6d,0xfe,0xe7,0x66,0x71,0xff,0xe8,0x6b,0x73,0xf3,0xe9,0x6f,
    0x77,0xf5,0xeb,0x75,0x7b,0xf5,0xec,0x7b,0x81,0xf5,0xee,0x83,0x87,0xf5,0xef,0x8a,0x8e,0xf5,0xf0,0x91,0x95,0xf3,0xf9,0x9e,
    0xa0,0xf6,0xf3,0x9e,0xa1,0x96,0x00,0x00,0x00,0x00,0xff,0x7f,0x7f,0x02,0x00,0x00,0x00,0x00,0x00,0x00,0x00,0x00,0x00,0x00,
    0x00,0x00,0x00,0x00,0x00,0x00,0x00,0x00,0x00,0x00,0x00,0x00,0x00,0x00,0x00,0x00,0x00,0x00,0x00,0x00,0x00,0x00,0x00,0x00,
    0x00,0x00,0xff,0x7f,0x7f,0x02,0xff,0x00,0x00,0x01,0xde,0x4f,0x66,0xb6,0xff,0xe1,0xe6,0xff,0xff,0xff,0xff,0xfc,0xfe,0xf7,
    0xf8,0xff,0xe8,0x77,0x86,0xff,0xe2,0x54,0x65,0xff,0xe4,0x5f,0x6e,0xff,0xe4,0x62,0x6e,0xfd,0xf0,0x6c,0x77,0xff,0xe8,0x6b,
    0x74,0x70,0xea,0x72,0x78,0x26,0xed,0x76,0x7c,0x2b,0xec,0x7c,0x82,0x29,0xec,0x82,0x88,0x29,0xec,0x88,0x8f,0x29,0xf2,0x8f,
    0x95,0x29,0xf2,0x9b,0x9b,0x29,0xf2,0xa1,0xa1,0x29,0xff,0x99,0x99,0x05,0x00,0x00,0x00,0x00,0xff,0xff,0xff,0x01,0x00,0x00,
    0x00,0x00,0x00,0x00,0x00,0x00,0x00,0x00,0x00,0x00,0x00,0x00,0x00,0x00,0x00,0x00,0x00,0x00,0x00,0x00,0x00,0x00,0x00,0x00,
    0x00,0x00,0x00,0x00,0x00,0x00,0x00,0x00,0x00,0x00,0xff,0x7f,0x7f,0x02,0x00,0x00,0x00,0x00,0xdb,0x23,0x3d,0x32,0xed,0x86,
    0x94,0xf7,0xff,0xff,0xff,0xfd,0xf2,0xb6,0xbe,0xfd,0xe1,0x51,0x63,0xfe,0xe4,0x61,0x70,0xfe,0xe5,0x64,0x70,0xfb,0xf2,0x6f,
    0x7b,0xff,0xe8,0x70,0x78,0xc3,0xff,0xff,0x00,0x01,0x00,0x00,0x00,0x00,0x00,0x00,0x00,0x00,0x00,0x00,0x00,0x00,0x00,0x00,
    0x00,0x00,0x00,0x00,0x00,0x00,0x00,0x00,0x00,0x00,0x00,0x00,0x00,0x00,0x00,0x00,0x00,0x00,0x00,0x00,0x00,0x00,0x00,0x00,
    0x00,0x00,0x00,0x00,0x00,0x00,0x00,0x00,0x00,0x00,0x00,0x00,0x00,0x00,0x00,0x00,0x00,0x00,0x00,0x00,0x00,0x00,0x00,0x00,
    0x00,0x00,0x00,0x00,0x00,0x00,0x00,0x00,0x00,0x00,0x00,0x00,0x00,0x00,0x00,0x00,0x00,0x00,0x00,0x00,0x00,0x00,0xaa,0x55,
    0x55,0x03,0x00,0x00,0x00,0x00,0xe2,0x55,0x67,0x8f,0xff,0xbc,0xc5,0xff,0xe9,0x74,0x81,0xff,0xe9,0x5f,0x6e,0xff,0xea,0x6b,
    0x77,0xff,0xee,0x70,0x7b,0xff,0xef,0x77,0x80,0xfc,0xea,0x79,0x81,0x3d,0x00,0x00,0x00,0x00,0xcc,0x66,0x66,0x05,0xff,0x7f,
    0x7f,0x02,0xff,0x7f,0x7f,0x02,0xff,0x7f,0x7f,0x02,0xff,0x7f,0x7f,0x02,0xff,0x7f,0x7f,0x02,0xff,0x7f,0x7f,0x02,0xff,0x7f,
    0x7f,0x02,0xff,0x00,0x00,0x01,0x00,0x00,0x00,0x00,0x00,0x00,0x00,0x00,0x00,0x00,0x00,0x00,0x00,0x00,0x00,0x00,0x00,0x00,
    0x00,0x00,0x00,0x00,0x00,0x00,0x00,0x00,0x00,0x00,0x00,0x00,0x00,0x00,0x00,0x00,0x00,0x00,0x00,0x00,0x00,0x00,0x00,0x00,
    0x00,0x00,0x00,0x00,0x00,0x00,0xff,0x00,0x00,0x01,0xff,0xff,0xff,0x01,0xe7,0x5c,0x73,0x16,0xe6,0x5d,0x6c,0xbf,0xe6,0x64,
    0x70,0xe2,0xe7,0x6a,0x76,0xdc,0xe8,0x70,0x7a,0xdc,0xef,0x7a,0x83,0xe3,0xeb,0x7d,0x84,0x8e,0x00,0x00,0x00,0x00,0xff,0x7f,
    0x7f,0x02,0x00,0x00,0x00,0x00,0x00,0x00,0x00,0x00,0x00,0x00,0x00,0x00,0x00,0x00,0x00,0x00,0x00,0x00,0x00,0x00,0x00,0x00,
    0x00,0x00,0x00,0x00,0x00,0x00,0x00,0x00,0x00,0x00,0x00,0x00,0x00,0x00,0x00,0x00,0x00,0x00,0x00,0x00,0x00,0x00,0x00,0x00,
    0x00,0x00,0x00,0x00,0x00,0x00,0xff,0xfa,0x00,0xff,0xf0,0x04,0x02,0xff,0xff,0xfc,0x01,0x7f,0xc0,0x00,0x00,0x7f,0xd0,0x00,
    0x00,0xbf,0xa0,0x00,0x00,0x03,0x00,0x00,0x00,0x7d,0x40,0x00,0x00,0x02,0x40,0x00,0x00,0x00,0x40,0x00,0x00,0x01,0x00,0x00,
    0x00,0x00,0xa0,0x00,0x00,0x00,0x80,0x00,0x00,0x00,0xa0,0x00,0x00,0x00,0x00,0x00,0x00,0x00,0x40,0x00,0x00,0x01,0x80,0x00,
    0x00,0x02,0x00,0x00,0x00,0x02,0x00,0x00,0x00,0x05,0x00,0x00,0x00,0x01,0x00,0x00,0x00,0x05,0x00,0x00,0x00,0x01,0x80,0x00,
    0x00,0x02,0x00,0x00,0x00,0x02,0x40,0x00,0x00,0x02,0xbe,0x00,0x00,0x00,0xc0,0x00,0x00,0x05,0xfd,0x00,0x00,0x0b,0xfe,0x00,
    0x00,0x0b,0xfe,0x80,0x1f,0xff,0xff,0x40,0x20,0x0f,0xff,0x00,0x5f,0xff,0x28,0x00,0x00,0x00,0x28,0x00,0x00,0x00,0x50,0x00,
    0x00,0x00,0x01,0x00,0x20,0x00,0x00,0x00,0x00,0x00,0x40,0x1a,0x00,0x00,0x00,0x00,0x00,0x00,0x00,0x00,0x00,0x00,0x00,0x00,
    0x00,0x00,0x00,0x00,0x00,0x00,0x00,0x00,0x00,0x00,0x00,0x00,0x00,0x00,0x00,0x00,0x00,0x00,0x00,0x00,0x00,0x00,0x00,0x00,
    0x00,0x00,0x00,0x00,0x00,0x00,0x00,0x00,0x00,0x00,0x00,0x00,0x00,0x00,0x00,0x00,0x00,0x00,0x00,0x00,0x00,0x00,0x00,0x00,
    0x00,0x00,0x00,0x00,0x00,0x00,0x00,0x00,0x00,0x00,0x00,0x00,0x00,0x00,0x00,0x00,0x00,0x00,0x00,0x00,0x00,0x00,0x00,0x00,
    0x00,0x00,0x7f,0x00,0x7f,0x02,0xff,0xff,0xff,0x01,0xd3,0x25,0x5d,0x80,0xd7,0x28,0x60,0xcc,0xd6,0x2e,0x64,0xc4,0xd7,0x2d,
    0x63,0xc6,0xd6,0x2d,0x63,0xc5,0xd6,0x2d,0x63,0xc8,0xd7,0x2d,0x64,0xb7,0xdb,0x2f,0x64,0x2b,0x00,0x00,0x00,0x00,0x7f,0x00,
    0x7f,0x02,0x00,0x00,0x00,0x00,0x00,0x00,0x00,0x00,0x00,0x00,0x00,0x00,0x00,0x00,0x00,0x00,0x00,0x00,0x00,0x00,0x00,0x00,
    0x00,0x00,0x00,0x00,0x00,0x00,0x00,0x00,0x00,0x00,0x00,0x00,0x00,0x00,0x00,0x00,0x00,0x00,0x00,0x00,0x00,0x00,0x00,0x00,
    0x00,0x00,0x00,0x00,0x00,0x00,0x00,0x00,0x00,0x00,0x00,0x00,0x00,0x00,0x00,0x00,0x00,0x00,0x00,0x00,0x00,0x00,0x00,0x00,
    0x00,0x00,0x00,0x00,0x00,0x00,0x00,0x00,0x00,0x00,0x00,0x00,0x00,0x00,0x00,0x00,0x00,0x00,0x00,0x00,0x00,0x00,0x00,0x00,
    0x00,0x00,0x00,0x00,0x00,0x00,0x00,0x00,0x00,0x00,0x00,0x00,0x00,0x00,0xff,0x00,0x7f,0x02,0x00,0x00,0x00,0x00,0xd1,0x13,
    0x4d,0x4f,0xe3,0x5d,0x88,0xfe,0xe5,0x5d,0x89,0xff,0xda,0x26,0x60,0xff,0xdc,0x2f,0x67,0xff,0xdc,0x2e,0x66,0xff,0xd9,0x2e,
    0x64,0xff,0xe6,0x32,0x6a,0xff,0xd4,0x31,0x61,0xaf,0xaa,0x55,0x55,0x03,0xff,0x00,0x7f,0x02,0x00,0x00,0x00,0x00,0x00,0x00,
    0x00,0x00,0x00,0x00,0x00,0x00,0x00,0x00,0x00,0x00,0x00,0x00,0x00,0x00,0x00,0x00,0x00,0x00,0x00,0x00,0x00,0x00,0x00,0x00,
    0x00,0x00,0x00,0x00,0x00,0x00,0x00,0x00,0x00,0x00,0x00,0x00,0x00,0x00,0x00,0x00,0x00,0x00,0x00,0x00,0x00,0x00,0x00,0x00,
    0x00,0x00,0x00,0x00,0x00,0x00,0x00,0x00,0x00,0x00,0x00,0x00,0x00,0x00,0xff,0x7f,0x7f,0x02,0xff,0x7f,0x7f,0x02,0xff,0x7f,
    0x7f,0x02,0xff,0x7f,0x7f,0x02,0xff,0x00,0x7f,0x02,0xff,0x00,0x7f,0x02,0xff,0x00,0x7f,0x02,0xff,0x00,0x7f,0x02,0xff,0x00,
    0x7f,0x02,0xaa,0x00,0x55,0x03,0xff,0x00,0x7f,0x02,0xd0,0x2e,0x5c,0x0b,0xd4,0x29,0x60,0xcc,0xfd,0xcf,0xde,0xff,0xf6,0xd6,
    0xe0,0xfb,0xd4,0x2a,0x61,0xfe,0xd5,0x2d,0x62,0xfe,0xd5,0x2d,0x63,0xfe,0xd5,0x2d,0x62,0xfd,0xd6,0x30,0x62,0xfc,0xdc,0x34,
    0x65,0xff,0xd7,0x34,0x62,0x53,0x00,0x00,0x00,0x00,0xaa,0x00,0x55,0x03,0x00,0x00,0x00,0x00,0x00,0x00,0x00,0x00,0x00,0x00,
    0x00,0x00,0x00,0x00,0x00,0x00,0x00,0x00,0x00,0x00,0x00,0x00,0x00,0x00,0x00,0x00,0x00,0x00,0x00,0x00,0x00,0x00,0x00,0x00,
    0x00,0x00,0x00,0x00,0x00,0x00,0x00,0x00,0x00,0x00,0x00,0x00,0x00,0x00,0x00,0x00,0x00,0x00,0x00,0x00,0x00,0x00,0x00,0x00,
    0x00,0x00,0x00,0x00,0x00,0x00,0x00,0x00,0x00,0x00,0x00,0x00,0x00,0x00,0x00,0x00,0x00,0x00,0x00,0x00,0x00,0x00,0x00,0x00,
    0x00,0x00,0x00,0x00,0x00,0x00,0x00,0x00,0x00,0x00,0x00,0x00,0x00,0x00,0x00,0x00,0x00,0x00,0x00,0x00,0x00,0x00,0x00,0x00,
    0x00,0x00,0xd0,0x12,0x4e,0x6e,0xee,0x7a,0x9f,0xff,0xff,0xff,0xff,0xfc,0xff,0xff,0xff,0xff,0xe5,0x79,0x9c,0xff,0xd4,0x23,
    0x5b,0xff,0xd7,0x30,0x65,0xff,0xd6,0x2f,0x62,0xff,0xd5,0x31,0x61,0xfd,0xdf,0x36,0x66,0xff,0xd7,0x36,0x61,0xcf,0xdd,0x33,
    0x66,0x0f,0x7f,0x00,0x7f,0x02,0xff,0x00,0x00,0x01,0x00,0x00,0x00,0x00,0x00,0x00,0x00,0x00,0x00,0x00,0x00,0x00,0x00,0x00,
    0x00,0x00,0x00,0x00,0x00,0x00,0x00,0x00,0x00,0x00,0x00,0x00,0x00,0x00,0x00,0x00,0x00,0x00,0x00,0x00,0x00,0x00,0x00,0x00,
    0x00,0x00,0x00,0x00,0x00,0x00,0x00,0x00,0x00,0x00,0x00,0x00,0x00,0x01,0xff,0x00,0x00,0x01,0x00,0x00,0x00,0x00,0xd4,0x31,
    0x46,0x24,0xd8,0x1f,0x39,0x28,0xd7,0x1a,0x41,0x27,0xd7,0x1a,0x41,0x27,0xd1,0x13,0x41,0x27,0xd7,0x13,0x41,0x27,0xd1,0x0d,
    0x41,0x27,0xd1,0x0d,0x41,0x27,0xd2,0x0c,0x46,0x28,0xce,0x0d,0x4b,0x25,0xcf,0x0c,0x4d,0x3b,0xd9,0x3d,0x6e,0xe5,0xfd,0xde,
    0xe8,0xfe,0xff,0xff,0xff,0xfd,0xff,0xff,0xff,0xff,0xf8,0xde,0xe6,0xff,0xd9,0x3b,0x6d,0xff,0xd6,0x2a,0x60,0xff,0xd7,0x32,
    0x62,0xff,0xd7,0x33,0x62,0xff,0xd6,0x35,0x61,0xfd,0xe3,0x3a,0x67,0xff,0xd9,0x38,0x62,0x75,0x00,0x00,0x00,0x00,0xaa,0x00,
    0x55,0x03,0x00,0x00,0x00,0x00,0x00,0x00,0x00,0x00,0x00,0x00,0x00,0x00,0x00,0x00,0x00,0x00,0x00,0x00,0x00,0x00,0x00,0x00,
    0x00,0x00,0x00,0x00,0x00,0x00,0x00,0x00,0x00,0x00,0x00,0x00,0x00,0x00,0x00,0x00,0x00,0x00,0x00,0x00,0x00,0x00,0x00,0x00,
    0x00,0x00,0xff,0x7f,0x7f,0x02,0x00,0x00,0x00,0x00,0xe0,0x4c,0x5f,0x6e,0xed,0x66,0x77,0xe8,0xe6,0x70,0x83,0xe9,0xe5,0x6a,
    0x80,0xea,0xe5,0x68,0x81,0xea,0xe4,0x66,0x81,0xea,0xe3,0x63,0x81,0xea,0xe2,0x5f,0x80,0xea,0xe1,0x5c,0x80,0xea,0xdf,0x56,
    0x7d,0xeb,0xde,0x52,0x7a,0xe9,0xd9,0x34,0x66,0xf2,0xeb,0x8f,0xad,0xff,0xff,0xff,0xff,0xff,0xff,0xfd,0xfd,0xff,0xff,0xfd,
    0xfe,0xff,0xff,0xff,0xff,0xff,0xeb,0x96,0xb0,0xff,0xd4,0x24,0x5a,0xff,0xd7,0x35,0x64,0xff,0xd8,0x34,0x62,0xff,0xd7,0x36,
    0x62,0xfe,0xde,0x3a,0x64,0xfe,0xdb,0x3b,0x62,0xe7,0xd7,0x37,0x5f,0x20,0x00,0x00,0x00,0x01,0xff,0x00,0x7f,0x02,0x00,0x00,
    0x00,0x00,0x00,0x00,0x00,0x00,0x00,0x00,0x00,0x00,0x00,0x00,0x00,0x00,0x00,0x00,0x00,0x00,0x00,0x00,0x00,0x00,0x00,0x00,
    0x00,0x00,0x00,0x00,0x00,0x00,0x00,0x00,0x00,0x00,0x00,0x00,0x00,0x00,0xff,0x7f,0x7f,0x02,0x00,0x00,0x00,0x00,0xe1,0x61,
    0x69,0x22,0xe1,0x49,0x5d,0xeb,0xf1,0x81,0x90,0xff,0xff,0xf6,0xf7,0xff,0xff,0xf6,0xf7,0xff,0xff,0xf6,0xf8,0xff,0xff,0xf6,
    0xf8,0xff,0xff,0xf5,0xf7,0xff,0xff,0xf4,0xf7,0xff,0xff,0xf1,0xf4,0xff,0xfe,0xe8,0xeb,0xff,0xfb,0xd5,0xd8,0xff,0xf1,0xa0,
    0xac,0xff,0xea,0x96,0xae,0xfe,0xff,0xfd,0xfe,0xff,0xff,0xfe,0xfe,0xff,0xff,0xfe,0xfe,0xff,0xff,0xfe,0xfe,0xff,0xfc,0xef,
    0xf3,0xff,0xdd,0x52,0x7b,0xff,0xd6,0x2d,0x5d,0xff,0xd8,0x37,0x63,0xff,0xd9,0x38,0x62,0xff,0xd8,0x39,0x61,0xfd,0xe5,0x40,
    0x67,0xff,0xda,0x3e,0x61,0x98,0x00,0x00,0x00,0x00,0xff,0x7f,0x7f,0x02,0x00,0x00,0x00,0x00,0x00,0x00,0x00,0x00,0x00,0x00,
    0x00,0x00,0x00,0x00,0x00,0x00,0x00,0x00,0x00,0x00,0x00,0x00,0x00,0x00,0x00,0x00,0x00,0x00,0x00,0x00,0x00,0x00,0x00,0x00,
    0x00,0x00,0x00,0x00,0x00,0x01,0xff,0x7f,0x7f,0x02,0x00,0x00,0x00,0x00,0xe1,0x54,0x61,0x9d,0xed,0x55,0x67,0xff,0xdd,0x48,
    0x5e,0xfc,0xf3,0xc4,0xca,0xfe,0xff,0xff,0xff,0xfe,0xff,0xff,0xff,0xfe,0xff,0xff,0xff,0xfe,0xff,0xff,0xff,0xfe,0xfd,0xff,
    0xff,0xfe,0xfd,0xff,0xff,0xfe,0xfc,0xf9,0xf8,0xfe,0xfa,0xea,0xeb,0xfe,0xf7,0xd1,0xd0,0xfe,0xe8,0x86,0x99,0xfe,0xf3,0xc4,
    0xd4,0xff,0xff,0xff,0xff,0xff,0xff,0xfd,0xfe,0xff,0xff,0xfd,0xfd,0xff,0xff,0xff,0xff,0xff,0xf0,0xb4,0xc5,0xff,0xd7,0x2e,
    0x5d,0xff,0xd9,0x38,0x63,0xff,0xd9,0x3a,0x62,0xff,0xd9,0x3c,0x62,0xfe,0xdd,0x3e,0x62,0xfd,0xde,0x40,0x61,0xf8,0xda,0x44,
    0x5f,0x38,0xff,0x00,0x00,0x01,0xaa,0x2a,0x55,0x06,0xff,0x55,0x55,0x03,0xff,0x55,0x55,0x03,0xff,0x55,0x55,0x03,0xaa,0x55,
    0x55,0x03,0x00,0x00,0x00,0x00,0x00,0x00,0x00,0x00,0x00,0x00,0x00,0x00,0x00,0x00,0x00,0x00,0xff,0x7f,0x7f,0x02,0x00,0x00,
    0x00,0x00,0xe2,0x56,0x62,0x3e,0xe5,0x55,0x63,0xfc,0xe1,0x52,0x64,0xfe,0xdf,0x48,0x5c,0xff,0xe5,0x68,0x7b,0xff,0xfd,0xf2,
    0xf4,0xff,0xfe,0xfc,0xfc,0xff,0xfe,0xfb,0xfc,0xff,0xfe,0xfc,0xfc,0xff,0xfe,0xfb,0xfc,0xff,0xfd,0xfa,0xfb,0xff,0xfd,0xf9,
    0xfa,0xff,0xfc,0xf2,0xf2,0xff,0xfa,0xe0,0xe1,0xff,0xf0,0xb3,0xb7,0xfd,0xe7,0x84,0x9e,0xfe,0xfd,0xf5,0xf9,0xff,0xff,0xfe,
    0xfe,0xff,0xff,0xfe,0xfe,0xff,0xff,0xfd,0xfe,0xff,0xfe,0xfc,0xfc,0xff,0xe3,0x6d,0x8d,0xff,0xd7,0x2f,0x5a,0xff,0xda,0x3d,
    0x64,0xff,0xda,0x3d,0x62,0xff,0xda,0x3e,0x61,0xfd,0xe5,0x44,0x65,0xff,0xdc,0x42,0x60,0xbb,0x00,0x00,0x00,0x00,0x00,0x00,
    0x00,0x00,0x00,0x00,0x00,0x00,0x00,0x00,0x00,0x00,0x00,0x00,0x00,0x00,0x00,0x00,0x00,0x00,0x00,0x00,0x00,0x00,0x00,0x00,
    0x00,0x00,0x00,0x00,0x00,0x00,0xff,0x00,0x00,0x01,0x00,0x00,0x00,0x00,0xe9,0x55,0x6a,0x0c,0xe2,0x55,0x61,0xbf,0xea,0x57,
    0x65,0xff,0xe1,0x50,0x62,0xfc,0xe1,0x50,0x64,0xff,0xdd,0x41,0x5a,0xff,0xef,0xa7,0xb4,0xff,0xff,0xff,0xff,0xff,0xff,0xff,
    0xff,0xff,0xff,0xff,0xff,0xff,0xff,0xff,0xff,0xff,0xff,0xff,0xff,0xff,0xff,0xff,0xff,0xff,0xfd,0xf9,0xf8,0xff,0xfb,0xec,
    0xed,0xff,0xf9,0xd7,0xd6,0xff,0xeb,0x8f,0x9f,0xfc,0xee,0xaf,0xc3,0xfe,0xff,0xff,0xff,0xff,0xff,0xfd,0xfe,0xff,0xff,0xfd,
    0xfd,0xff,0xff,0xff,0xff,0xff,0xf6,0xcf,0xda,0xff,0xda,0x3c,0x64,0xff,0xda,0x3b,0x61,0xff,0xdb,0x3f,0x62,0xff,0xdb,0x40,
    0x61,0xff,0xdc,0x43,0x61,0xfe,0xde,0x45,0x61,0xff,0xde,0x47,0x62,0x87,0xdd,0x48,0x5f,0x5b,0xdd,0x48,0x60,0x62,0xe1,0x4b,
    0x60,0x5f,0xe0,0x4f,0x60,0x64,0xdc,0x4c,0x5e,0x49,0x00,0x00,0x00,0x00,0xff,0x00,0x00,0x01,0x00,0x00,0x00,0x00,0xaa,0x55,
    0x55,0x03,0x00,0x00,0x00,0x00,0xe1,0x57,0x60,0x3d,0xe8,0x58,0x64,0xff,0xe1,0x54,0x61,0xfe,0xe1,0x50,0x62,0xff,0xe0,0x4f,
    0x63,0xff,0xdf,0x48,0x5f,0xff,0xe0,0x54,0x6d,0xff,0xf0,0xab,0xb8,0xff,0xf0,0xb1,0xbe,0xff,0xf0,0xad,0xbc,0xff,0xef,0xad,
    0xbe,0xff,0xed,0xa5,0xb8,0xff,0xf7,0xd9,0xe1,0xff,0xfe,0xfd,0xfd,0xff,0xfd,0xf4,0xf4,0xff,0xfa,0xe2,0xe4,0xff,0xf4,0xc0,
    0xc1,0xfe,0xe7,0x83,0x9a,0xff,0xfa,0xe7,0xee,0xff,0xff,0xfe,0xfe,0xff,0xff,0xfe,0xfe,0xff,0xff,0xfe,0xfe,0xff,0xff,0xff,
    0xff,0xff,0xe9,0x89,0xa1,0xff,0xd9,0x33,0x5a,0xff,0xdc,0x42,0x64,0xff,0xdc,0x41,0x61,0xff,0xdd,0x43,0x61,0xff,0xde,0x47,
    0x61,0xff,0xe6,0x4a,0x64,0xff,0xe5,0x4c,0x64,0xff,0xe6,0x4d,0x64,0xff,0xe6,0x4f,0x64,0xff,0xe7,0x51,0x64,0xff,0xe6,0x52,
    0x63,0xfe,0xe2,0x51,0x62,0x5b,0x00,0x00,0x00,0x00,0xaa,0x55,0x55,0x03,0xff,0x00,0x00,0x01,0x00,0x00,0x00,0x00,0xe4,0x5d,
    0x6b,0x13,0xe3,0x55,0x61,0xd4,0xe9,0x57,0x65,0xff,0xe0,0x50,0x61,0xfd,0xe0,0x4e,0x62,0xff,0xdf,0x4c,0x63,0xff,0xde,0x47,
    0x61,0xff,0xdc,0x3d,0x5b,0xff,0xdb,0x3a,0x5b,0xff,0xda,0x37,0x5c,0xff,0xd8,0x2f,0x59,0xff,0xda,0x3e,0x68,0xff,0xf8,0xda,
    0xe2,0xff,0xff,0xff,0xff,0xff,0xfd,0xf8,0xf9,0xff,0xfb,0xee,0xef,0xff,0xfa,0xde,0xdc,0xff,0xe3,0x66,0x85,0xff,0xe8,0x8d,
    0xa9,0xff,0xff,0xff,0xff,0xff,0xff,0xfd,0xfd,0xff,0xff,0xfe,0xfe,0xff,0xff,0xfe,0xff,0xff,0xfa,0xe7,0xec,0xff,0xde,0x4f,
    0x6e,0xff,0xdb,0x3d,0x5e,0xff,0xdd,0x44,0x62,0xff,0xdd,0x45,0x61,0xff,0xde,0x47,0x61,0xff,0xde,0x48,0x60,0xfd,0xdf,0x4a,
    0x60,0xfd,0xdf,0x4c,0x60,0xfd,0xe0,0x4d,0x60,0xfd,0xe0,0x4f,0x60,0xfb,0xe9,0x54,0x64,0xff,0xe2,0x52,0x61,0xdc,0xe6,0x55,
    0x61,0x15,0xff,0x00,0xff,0x01,0x00,0x00,0x00,0x00,0xff,0x7f,0x7f,0x02,0x00,0x00,0x00,0x00,0xe4,0x57,0x60,0x57,0xe9,0x56,
    0x64,0xff,0xe1,0x50,0x61,0xfd,0xe0,0x4e,0x62,0xfe,0xdf,0x4b,0x62,0xff,0xde,0x49,0x62,0xff,0xde,0x47,0x63,0xff,0xdc,0x43,
    0x63,0xff,0xdc,0x42,0x65,0xff,0xd9,0x33,0x5c,0xff,0xee,0xa7,0xba,0xff,0xff,0xff,0xff,0xff,0xfe,0xfc,0xfc,0xff,0xfe,0xfb,
    0xfb,0xff,0xfe,0xfc,0xfa,0xff,0xf5,0xca,0xd3,0xff,0xd7,0x35,0x66,0xff,0xd8,0x39,0x67,0xff,0xf8,0xdb,0xe3,0xff,0xff,0xff,
    0xff,0xff,0xff,0xfd,0xfd,0xff,0xff,0xfe,0xfe,0xff,0xff,0xff,0xff,0xff,0xef,0xa8,0xb7,0xff,0xdb,0x3a,0x5b,0xff,0xdd,0x46,
    0x63,0xff,0xdd,0x47,0x61,0xff,0xde,0x49,0x61,0xff,0xdf,0x4a,0x61,0xff,0xdf,0x4b,0x61,0xff,0xe0,0x4d,0x61,0xff,0xe0,0x4f,
    0x61,0xff,0xe1,0x50,0x61,0xff,0xe0,0x51,0x61,0xfc,0xef,0x58,0x67,0xff,0xe1,0x55,0x60,0x81,0x00,0x00,0x00,0x00,0x00,0x00,
    0x00,0x00,0x00,0x00,0x00,0x00,0xff,0x00,0x7f,0x02,0xff,0x55,0x55,0x03,0xe2,0x54,0x61,0xb9,0xed,0x55,0x67,0xff,0xe0,0x4d,
    0x62,0xfc,0xdf,0x4b,0x62,0xff,0xde,0x48,0x62,0xff,0xde,0x45,0x62,0xff,0xdc,0x43,0x64,0xff,0xda,0x37,0x5d,0xff,0xe1,0x5f,
    0x7f,0xff,0xfd,0xf4,0xf6,0xff,0xff,0xfe,0xfe,0xff,0xff,0xfc,0xfe,0xff,0xfe,0xfc,0xfd,0xff,0xff,0xff,0xff,0xff,0xe3,0x74,
    0x95,0xff,0xd5,0x2a,0x5d,0xff,0xd6,0x2b,0x5b,0xff,0xe5,0x7a,0x97,0xff,0xff,0xfe,0xfe,0xff,0xff,0xfe,0xfe,0xff,0xff,0xfe,
    0xfe,0xff,0xff,0xfe,0xfe,0xff,0xfd,0xf6,0xf7,0xff,0xe3,0x65,0x7e,0xff,0xdc,0x3f,0x5c,0xff,0xde,0x49,0x63,0xff,0xdf,0x4a,
    0x61,0xff,0xdf,0x4a,0x61,0xff,0xe0,0x4c,0x61,0xff,0xe0,0x4f,0x62,0xff,0xe1,0x51,0x62,0xff,0xe1,0x52,0x62,0xff,0xe1,0x53,
    0x62,0xfe,0xe6,0x56,0x64,0xfe,0xe4,0x56,0x61,0xeb,0xe3,0x58,0x63,0x2e,0x00,0x00,0x00,0x00,0x00,0x00,0x00,0x00,0xaa,0x55,
    0x55,0x03,0x00,0x00,0x00,0x00,0xe6,0x56,0x60,0x35,0xe5,0x51,0x62,0xed,0xe3,0x4f,0x63,0xff,0xde,0x4a,0x62,0xfe,0xde,0x48,
    0x62,0xff,0xdd,0x45,0x62,0xff,0xdd,0x43,0x63,0xff,0xda,0x39,0x5f,0xff,0xf3,0xbe,0xcb,0xff,0xff,0xff,0xff,0xff,0xff,0xfd,
    0xfe,0xff,0xff,0xfd,0xfd,0xff,0xff,0xff,0xff,0xff,0xf1,0xc1,0xd0,0xfd,0xd5,0x2d,0x5f,0xfe,0xd8,0x33,0x63,0xff,0xd8,0x35,
    0x63,0xff,0xd8,0x34,0x60,0xff,0xf3,0xc5,0xd0,0xff,0xff,0xff,0xff,0xff,0xff,0xfd,0xfd,0xff,0xff,0xfd,0xfe,0xff,0xff,0xff,
    0xff,0xff,0xf4,0xc4,0xcd,0xff,0xdd,0x44,0x5e,0xff,0xdf,0x49,0x61,0xff,0xdf,0x4a,0x61,0xff,0xdf,0x4b,0x61,0xff,0xe0,0x4e,
    0x62,0xff,0xe0,0x4a,0x5c,0xff,0xe0,0x4a,0x5b,0xff,0xe1,0x4c,0x5b,0xff,0xe1,0x4d,0x5c,0xff,0xe0,0x4e,0x5a,0xfe,0xea,0x55,
    0x61,0xff,0xe2,0x56,0x61,0xb0,0x00,0x00,0x00,0x00,0x00,0x00,0x00,0x00,0xff,0x00,0x00,0x01,0xff,0x00,0xff,0x01,0xff,0x66,
    0x66,0x05,0xe2,0x50,0x62,0xd0,0xe9,0x51,0x66,0xff,0xde,0x4a,0x61,0xfd,0xde,0x48,0x62,0xff,0xde,0x47,0x64,0xff,0xda,0x37,
    0x5a,0xff,0xe6,0x79,0x91,0xff,0xff,0xfe,0xfe,0xff,0xff,0xfe,0xfe,0xff,0xff,0xfe,0xfe,0xff,0xff,0xfe,0xfe,0xff,0xfd,0xf7,
    0xf9,0xff,0xdf,0x5b,0x84,0xff,0xd5,0x29,0x5c,0xff,0xd8,0x36,0x64,0xff,0xd9,0x38,0x64,0xff,0xd8,0x31,0x5c,0xff,0xe2,0x64,
    0x83,0xff,0xfe,0xf7,0xf9,0xff,0xff,0xfe,0xfe,0xff,0xff,0xfe,0xfe,0xff,0xff,0xfe,0xfe,0xff,0xff,0xfd,0xfd,0xff,0xe8,0x80,
    0x92,0xff,0xdd,0x40,0x59,0xff,0xe0,0x4d,0x63,0xff,0xe0,0x4e,0x62,0xff,0xdf,0x48,0x5b,0xff,0xec,0x95,0xa0,0xff,0xf6,0xcd,
    0xd2,0xff,0xf6,0xc8,0xcc,0xff,0xf6,0xc8,0xcd,0xff,0xf6,0xcd,0xd0,0xfe,0xf6,0xb8,0xbc,0xfd,0xe4,0x5d,0x66,0xea,0x00,0x00,
    0x00,0x00,0x00,0x00,0x00,0x00,0xff,0x7f,0x7f,0x02,0x00,0x00,0x00,0x00,0xe3,0x52,0x64,0x66,0xe8,0x53,0x64,0xfd,0xe0,0x4d,
    0x61,0xfd,0xdf,0x4b,0x62,0xff,0xde,0x48,0x63,0xff,0xdd,0x43,0x61,0xff,0xdd,0x47,0x67,0xff,0xf8,0xd8,0xdf,0xff,0xff,0xff,
    0xff,0xff,0xff,0xfd,0xfe,0xff,0xff,0xfd,0xfe,0xff,0xff,0xff,0xff,0xff,0xed,0xa8,0xbd,0xff,0xd5,0x27,0x5b,0xff,0xd7,0x35,
    0x64,0xff,0xd8,0x35,0x62,0xff,0xd9,0x38,0x62,0xff,0xda,0x3b,0x63,0xff,0xd9,0x34,0x5c,0xff,0xef,0xad,0xbc,0xff,0xff,0xff,
    0xff,0xff,0xff,0xfd,0xfe,0xff,0xff,0xfd,0xfe,0xff,0xff,0xff,0xff,0xff,0xf8,0xda,0xdf,0xff,0xe0,0x51,0x66,0xff,0xe0,0x4c,
    0x61,0xff,0xdf,0x49,0x5d,0xff,0xe5,0x69,0x79,0xff,0xfd,0xf5,0xf6,0xff,0xff,0xff,0xff,0xff,0xff,0xff,0xff,0xff,0xff,0xff,
    0xff,0xff,0xff,0xff,0xff,0xfe,0xf6,0xa2,0xa8,0xff,0xe1,0x4b,0x55,0x81,0x00,0x00,0x00,0x00,0x7f,0x7f,0x7f,0x02,0xff,0x00,
    0xff,0x01,0xe0,0x51,0x5b,0x19,0xe2,0x53,0x61,0xe0,0xe8,0x53,0x65,0xff,0xdf,0x4d,0x61,0xfd,0xdf,0x4b,0x62,0xff,0xdf,0x4a,
    0x64,0xff,0xdb,0x3a,0x59,0xff,0xeb,0x93,0xa6,0xff,0xff,0xff,0xff,0xff,0xff,0xfe,0xfe,0xff,0xff,0xfd,0xfe,0xff,0xff,0xfe,
    0xff,0xff,0xfa,0xe9,0xef,0xfd,0xda,0x46,0x73,0xfd,0xd6,0x2d,0x5e,0xff,0xd7,0x35,0x63,0xff,0xd8,0x36,0x62,0xff,0xd9,0x39,
    0x62,0xff,0xda,0x3c,0x63,0xff,0xd9,0x39,0x5e,0xff,0xe0,0x55,0x73,0xff,0xfb,0xeb,0xef,0xff,0xff,0xfe,0xfe,0xff,0xff,0xfe,
    0xfe,0xff,0xff,0xfd,0xfd,0xff,0xff,0xff,0xff,0xff,0xee,0x9d,0xa9,0xff,0xde,0x44,0x59,0xff,0xe0,0x4b,0x5e,0xff,0xf4,0xbf,
    0xc6,0xff,0xff,0xff,0xff,0xff,0xff,0xfb,0xfb,0xff,0xff,0xfc,0xfc,0xff,0xff,0xff,0xff,0xfd,0xff,0xd8,0xda,0xff,0xe3,0x57,
    0x61,0xcf,0xec,0x48,0x48,0x0e,0x00,0x00,0x00,0x00,0xff,0x7f,0x7f,0x02,0x00,0x00,0x00,0x00,0xe3,0x55,0x60,0x89,0xed,0x58,
    0x66,0xff,0xe0,0x50,0x62,0xfc,0xe0,0x4e,0x62,0xff,0xdf,0x4c,0x63,0xff,0xdd,0x44,0x5e,0xff,0xe1,0x59,0x73,0xff,0xfc,0xed,
    0xf0,0xff,0xff,0xfe,0xfe,0xff,0xff,0xfe,0xfe,0xff,0xff,0xfe,0xfe,0xff,0xff,0xff,0xff,0xff,0xe8,0x8a,0xa7,0xff,0xd4,0x25,
    0x59,0xff,0xd8,0x36,0x64,0xff,0xd8,0x35,0x62,0xff,0xd9,0x37,0x62,0xff,0xda,0x3a,0x62,0xff,0xda,0x3c,0x62,0xff,0xdb,0x41,
    0x64,0xff,0xda,0x37,0x59,0xff,0xeb,0x93,0xa4,0xff,0xff,0xff,0xff,0xff,0xff,0xfe,0xfe,0xff,0xff,0xfd,0xfd,0xff,0xff,0xfe,
    0xfe,0xff,0xfc,0xec,0xee,0xff,0xe2,0x59,0x6b,0xff,0xe7,0x78,0x86,0xff,0xff,0xfd,0xfd,0xff,0xff,0xfe,0xfe,0xff,0xff,0xfe,
    0xfe,0xff,0xff,0xff,0xff,0xfe,0xff,0xfd,0xfd,0xfe,0xf2,0x87,0x8e,0xff,0xe2,0x42,0x4b,0x51,0x00,0x00,0x00,0x00,0xaa,0x55,
    0x55,0x03,0x00,0x00,0x00,0x00,0xe3,0x56,0x61,0x2f,0xe5,0x57,0x62,0xef,0xe5,0x54,0x63,0xfe,0xe0,0x50,0x61,0xfe,0xe0,0x4e,
    0x62,0xff,0xdf,0x4c,0x63,0xff,0xdd,0x41,0x5c,0xff,0xf1,0xb2,0xbe,0xff,0xff,0xff,0xff,0xff,0xff,0xfd,0xfd,0xff,0xff,0xfd,
    0xfd,0xff,0xff,0xff,0xff,0xff,0xf7,0xd8,0xe1,0xff,0xd8,0x39,0x68,0xff,0xd7,0x30,0x61,0xff,0xd8,0x35,0x63,0xff,0xd8,0x37,
    0x62,0xff,0xd9,0x38,0x62,0xff,0xda,0x3c,0x62,0xff,0xdb,0x3e,0x62,0xff,0xdc,0x40,0x62,0xff,0xdc,0x40,0x5f,0xff,0xde,0x4a,
    0x66,0xff,0xf8,0xda,0xdf,0xff,0xff,0xff,0xff,0xff,0xff,0xfc,0xfc,0xff,0xff,0xfd,0xfd,0xff,0xff,0xff,0xff,0xff,0xf3,0xba,
    0xc1,0xff,0xf6,0xcf,0xd4,0xff,0xff,0xff,0xff,0xff,0xff,0xfc,0xfd,0xff,0xff,0xfc,0xfc,0xff,0xff,0xff,0xff,0xfc,0xff,0xc4,
    0xc8,0xff,0xe1,0x50,0x58,0xb5,0xff,0x7f,0x7f,0x04,0xff,0x7f,0x7f,0x02,0xff,0x7f,0x7f,0x02,0xff,0x00,0x00,0x01,0xe1,0x56,
    0x60,0xae,0xef,0x5b,0x66,0xff,0xe1,0x52,0x61,0xfc,0xe1,0x51,0x62,0xff,0xe1,0x50,0x64,0xff,0xde,0x44,0x5c,0xff,0xe5,0x6d,
    0x82,0xff,0xfd,0xf8,0xf9,0xff,0xff,0xfe,0xfe,0xff,0xff,0xfe,0xfe,0xff,0xff,0xfe,0xfe,0xff,0xff,0xfd,0xfd,0xff,0xe4,0x73,
    0x93,0xff,0xd5,0x29,0x5b,0xff,0xd8,0x36,0x64,0xff,0xd8,0x36,0x62,0xff,0xd9,0x38,0x62,0xff,0xd9,0x3a,0x62,0xff,0xdb,0x3d,
    0x62,0xff,0xdb,0x3f,0x62,0xff,0xdc,0x40,0x61,0xff,0xdd,0x46,0x63,0xff,0xdc,0x3c,0x59,0xff,0xe8,0x7d,0x8f,0xff,0xfe,0xfd,
    0xfd,0xff,0xfe,0xfc,0xfc,0xff,0xfe,0xfd,0xfd,0xff,0xfe,0xfc,0xfc,0xff,0xfe,0xff,0xff,0xff,0xfe,0xff,0xff,0xff,0xfe,0xfd,
    0xfd,0xff,0xfe,0xfc,0xfc,0xff,0xff,0xff,0xff,0xfe,0xfd,0xf2,0xf3,0xfe,0xeb,0x74,0x7a,0xf5,0xe2,0x43,0x4c,0x35,0x00,0x00,
    0x00,0x00,0xaa,0x55,0x55,0x03,0x00,0x00,0x00,0x00,0xe4,0x58,0x62,0x4e,0xe8,0x5a,0x63,0xfc,0xe3,0x56,0x61,0xfd,0xe2,0x54,
    0x61,0xfe,0xe1,0x51,0x62,0xff,0xe0,0x4e,0x62,0xff,0xdf,0x49,0x61,0xff,0xf6,0xce,0xd4,0xff,0xff,0xff,0xff,0xff,0xff,0xfd,
    0xfe,0xff,0xff,0xfd,0xfe,0xff,0xff,0xff,0xff,0xff,0xf3,0xc1,0xcf,0xff,0xd8,0x31,0x5e,0xff,0xd7,0x35,0x62,0xff,0xd8,0x35,
    0x62,0xff,0xd8,0x37,0x62,0xff,0xd9,0x39,0x62,0xff,0xda,0x3b,0x62,0xff,0xdb,0x3e,0x61,0xff,0xdc,0x40,0x61,0xff,0xdc,0x42,
    0x61,0xff,0xdd,0x45,0x61,0xff,0xde,0x47,0x62,0xff,0xde,0x44,0x5d,0xff,0xf3,0xbe,0xc6,0xff,0xff,0xff,0xff,0xff,0xfd,0xf6,
    0xf6,0xff,0xfd,0xf8,0xf8,0xff,0xfd,0xf8,0xf8,0xff,0xfd,0xf8,0xf8,0xff,0xfd,0xf8,0xf8,0xff,0xfd,0xf7,0xf6,0xff,0xfc,0xff,
    0xff,0xfd,0xfc,0xad,0xb2,0xff,0xe1,0x4b,0x54,0x91,0x00,0x00,0x00,0x00,0xff,0x7f,0x7f,0x02,0x00,0x00,0x00,0x00,0xd4,0x55,
    0x55,0x0c,0xe5,0x5a,0x61,0xc5,0xee,0x5d,0x66,0xff,0xe2,0x56,0x61,0xfc,0xe2,0x54,0x61,0xff,0xe1,0x52,0x64,0xff,0xdf,0x46,
    0x5b,0xff,0xea,0x88,0x97,0xff,0xff,0xfe,0xfe,0xff,0xff,0xfe,0xfe,0xff,0xff,0xfe,0xfe,0xff,0xff,0xfe,0xfe,0xff,0xfd,0xf6,
    0xf7,0xff,0xe0,0x5f,0x80,0xff,0xd8,0x33,0x5f,0xff,0xd9,0x39,0x65,0xff,0xd8,0x38,0x64,0xff,0xd9,0x3b,0x64,0xff,0xda,0x3d,
    0x64,0xff,0xdb,0x3f,0x64,0xff,0xdc,0x42,0x63,0xff,0xdd,0x44,0x63,0xff,0xdc,0x46,0x63,0xff,0xde,0x48,0x63,0xff,0xdf,0x4c,
    0x65,0xff,0xde,0x46,0x5e,0xff,0xe5,0x6a,0x7c,0xff,0xf9,0xe1,0xe2,0xff,0xfb,0xe9,0xe9,0xff,0xfb,0xe7,0xe7,0xff,0xfa,0xe7,
    0xe7,0xff,0xfa,0xe7,0xe7,0xff,0xfa,0xe6,0xe7,0xff,0xfa,0xec,0xec,0xfd,0xfe,0xd3,0xd4,0xff,0xe6,0x63,0x6c,0xe2,0xda,0x48,
    0x51,0x1c,0xff,0x00,0x00,0x01,0x7f,0x7f,0x7f,0x02,0x00,0x00,0x00,0x00,0xe5,0x5c,0x63,0x79,0xeb,0x5d,0x64,0xff,0xe3,0x58,
    0x60,0xfd,0xe3,0x56,0x61,0xff,0xe2,0x54,0x62,0xff,0xe1,0x4f,0x60,0xff,0xe2,0x56,0x69,0xff,0xfa,0xe1,0xe4,0xff,0xff,0xff,
    0xff,0xff,0xff,0xfe,0xfe,0xff,0xff,0xfd,0xfe,0xff,0xff,0xff,0xff,0xff,0xed,0xa3,0xb6,0xff,0xd6,0x28,0x55,0xff,0xd7,0x31,
    0x5c,0xff,0xd6,0x2c,0x5a,0xff,0xd7,0x2d,0x5a,0xff,0xd8,0x30,0x5a,0xff,0xd8,0x32,0x5a,0xff,0xd9,0x34,0x59,0xff,0xda,0x37,
    0x59,0xff,0xdb,0x39,0x59,0xff,0xdb,0x3b,0x59,0xff,0xdc,0x3e,0x59,0xff,0xdd,0x40,0x59,0xff,0xdd,0x43,0x5a,0xff,0xdd,0x3e,
    0x54,0xff,0xea,0x83,0x8d,0xff,0xf5,0xc1,0xc2,0xff,0xf3,0xbb,0xbd,0xff,0xf4,0xbc,0xbe,0xff,0xf4,0xbc,0xbe,0xff,0xf3,0xbc,
    0xbe,0xff,0xf4,0xbf,0xc1,0xfd,0xf2,0x84,0x8b,0xfd,0xe3,0x4f,0x58,0x70,0x00,0x00,0x00,0x00,0xaa,0x55,0x55,0x03,0x00,0x00,
    0x00,0x00,0x00,0x00,0x00,0x00,0xe5,0x5b,0x61,0xee,0xe6,0x5b,0x62,0xfe,0xe3,0x58,0x61,0xfe,0xe3,0x56,0x61,0xff,0xe2,0x56,
    0x63,0xff,0xe0,0x47,0x59,0xff,0xef,0xa4,0xae,0xff,0xff,0xff,0xff,0xff,0xff,0xfe,0xfe,0xff,0xff,0xfe,0xfe,0xff,0xff,0xff,
    0xff,0xff,0xfa,0xe4,0xea,0xff,0xe1,0x61,0x7d,0xff,0xe0,0x5d,0x7b,0xff,0xe2,0x67,0x85,0xff,0xe2,0x68,0x88,0xff,0xe2,0x69,
    0x89,0xff,0xe3,0x6b,0x89,0xff,0xe3,0x6d,0x88,0xff,0xe4,0x6f,0x88,0xff,0xe5,0x71,0x88,0xff,0xe5,0x72,0x88,0xff,0xe6,0x74,
    0x88,0xff,0xe6,0x76,0x88,0xff,0xe7,0x77,0x88,0xff,0xe7,0x79,0x88,0xff,0xe8,0x79,0x87,0xff,0xe9,0x80,0x8d,0xff,0xed,0x97,
    0xa0,0xff,0xee,0x99,0xa0,0xff,0xee,0x99,0xa0,0xff,0xee,0x9a,0xa0,0xff,0xed,0x9e,0xa3,0xfd,0xf4,0x91,0x97,0xff,0xe6,0x5b,
    0x64,0xd0,0xda,0x6d,0x6d,0x07,0xff,0x00,0x00,0x01,0xff,0x00,0x00,0x01,0x00,0x00,0x00,0x00,0x00,0x00,0x00,0x00,0xe4,0x5b,
    0x61,0xba,0xea,0x5d,0x63,0xff,0xe2,0x58,0x60,0xfe,0xe3,0x58,0x62,0xff,0xe1,0x4f,0x5d,0xff,0xe5,0x69,0x77,0xff,0xfc,0xf0,
    0xf2,0xff,0xff,0xfe,0xfe,0xff,0xff,0xfe,0xfe,0xff,0xff,0xfe,0xfe,0xff,0xff,0xff,0xff,0xff,0xec,0x9a,0xab,0xff,0xf0,0xa7,
    0xad,0xff,0xfa,0xe0,0xdf,0xff,0xfd,0xf6,0xf5,0xff,0xff,0xff,0xff,0xff,0xff,0xff,0xff,0xff,0xff,0xff,0xff,0xff,0xff,0xff,
    0xff,0xff,0xff,0xff,0xff,0xff,0xff,0xff,0xff,0xff,0xff,0xff,0xff,0xff,0xff,0xff,0xff,0xff,0xff,0xff,0xff,0xff,0xff,0xff,
    0xff,0xff,0xff,0xff,0xff,0xff,0xff,0xff,0xff,0xff,0xff,0xff,0xff,0xff,0xff,0xfd,0xfe,0xff,0xff,0xfd,0xfe,0xff,0xff,0xfd,
    0xfe,0xff,0xff,0xfd,0xfd,0xff,0xff,0xff,0xff,0xfe,0xff,0xf0,0xf1,0xff,0xec,0x7a,0x81,0xed,0xe1,0x49,0x53,0x34,0x00,0x00,
    0x00,0x00,0xaa,0x55,0x55,0x03,0x00,0x00,0x00,0x00,0x00,0x00,0x00,0x00,0xe4,0x5a,0x5f,0x30,0xe5,0x5c,0x61,0xf1,0xe7,0x5a,
    0x62,0xfe,0xe2,0x57,0x62,0xfe,0xe1,0x4c,0x5b,0xff,0xf4,0xbb,0xc2,0xff,0xff,0xff,0xff,0xff,0xff,0xfd,0xfd,0xff,0xff,0xfe,
    0xfe,0xff,0xff,0xff,0xff,0xff,0xf6,0xcf,0xd8,0xff,0xea,0x8b,0x97,0xff,0xf7,0xce,0xce,0xff,0xfb,0xe7,0xe8,0xff,0xfd,0xf7,
    0xf7,0xff,0xfe,0xfb,0xfc,0xff,0xfe,0xfd,0xfd,0xff,0xff,0xfe,0xfe,0xff,0xff,0xfe,0xfe,0xff,0xff,0xfe,0xfe,0xff,0xff,0xfe,
    0xfe,0xff,0xff,0xfe,0xfe,0xff,0xff,0xfe,0xfe,0xff,0xff,0xfe,0xfe,0xff,0xff,0xfe,0xfe,0xff,0xff,0xfe,0xfe,0xff,0xff,0xfe,
    0xfe,0xff,0xff,0xff,0xff,0xff,0xff,0xff,0xff,0xff,0xff,0xff,0xff,0xff,0xff,0xff,0xff,0xff,0xff,0xff,0xff,0xff,0xff,0xfe,
    0xfe,0xff,0xff,0xff,0xff,0xfc,0xff,0xcc,0xcf,0xff,0xe5,0x5f,0x66,0xb6,0xff,0x7f,0x7f,0x02,0xff,0x7f,0x7f,0x02,0x00,0x00,
    0x00,0x00,0x00,0x00,0x00,0x00,0x00,0x00,0x00,0x00,0xe2,0x5a,0x61,0x88,0xf0,0x5f,0x68,0xff,0xe0,0x4c,0x58,0xfc,0xe8,0x7d,
    0x87,0xff,0xfe,0xf9,0xf9,0xff,0xfe,0xfc,0xfc,0xff,0xfe,0xfc,0xfc,0xff,0xfe,0xfc,0xfd,0xff,0xfd,0xf8,0xf9,0xff,0xeb,0x8e,
    0x9e,0xff,0xf3,0xb2,0xb5,0xff,0xf9,0xdf,0xe0,0xff,0xfd,0xf3,0xf3,0xff,0xfe,0xfa,0xfb,0xff,0xfd,0xfb,0xfb,0xff,0xfe,0xfb,
    0xfc,0xff,0xff,0xfc,0xfd,0xff,0xff,0xfd,0xfd,0xff,0xff,0xfd,0xfd,0xff,0xff,0xfd,0xfd,0xff,0xff,0xfd,0xfd,0xff,0xff,0xfd,
    0xfd,0xff,0xff,0xfd,0xfd,0xff,0xff,0xfd,0xfd,0xff,0xff,0xfd,0xfd,0xff,0xff,0xfd,0xfd,0xff,0xff,0xfd,0xfd,0xff,0xff,0xfd,
    0xfd,0xff,0xff,0xfd,0xfd,0xff,0xff,0xfd,0xfd,0xff,0xff,0xfd,0xfd,0xff,0xff,0xfd,0xfd,0xff,0xff,0xfc,0xfc,0xfe,0xff,0xfa,
    0xfa,0xfd,0xf2,0x93,0x97,0xfd,0xe6,0x58,0x61,0x54,0x00,0x00,0x00,0x00,0xff,0x7f,0x7f,0x02,0x00,0x00,0x00,0x00,0xff,0x00,
    0x00,0x01,0xe8,0x63,0x6e,0x17,0xe3,0x57,0x5f,0xe0,0xea,0x5e,0x69,0xfe,0xf9,0xdf,0xe1,0xfb,0xff,0xff,0xff,0xfd,0xff,0xff,
    0xff,0xfd,0xff,0xff,0xff,0xfd,0xff,0xff,0xff,0xfd,0xf2,0xbc,0xc7,0xff,0xed,0x94,0x9e,0xff,0xf8,0xd4,0xd5,0xff,0xfb,0xeb,
    0xec,0xff,0xfd,0xf9,0xf9,0xff,0xfe,0xff,0xfe,0xff,0xff,0xff,0xff,0xff,0xff,0xff,0xff,0xff,0xff,0xff,0xff,0xff,0xff,0xff,
    0xff,0xff,0xff,0xff,0xff,0xff,0xff,0xff,0xff,0xff,0xff,0xff,0xff,0xff,0xff,0xff,0xff,0xff,0xff,0xff,0xff,0xff,0xff,0xff,
    0xff,0xff,0xff,0xff,0xff,0xff,0xff,0xff,0xff,0xff,0xff,0xff,0xff,0xff,0xff,0xff,0xff,0xff,0xff,0xff,0xff,0xff,0xff,0xff,
    0xff,0xff,0xff,0xff,0xff,0xff,0xff,0xff,0xff,0xff,0xff,0xff,0xff,0xff,0xff,0xff,0xff,0xfd,0xff,0xe8,0xe9,0xff,0xeb,0x7a,
    0x7f,0xd2,0xe2,0x63,0x63,0x12,0x00,0x00,0x00,0x00,0xff,0xff,0xff,0x01,0xff,0x7f,0x7f,0x02,0x00,0x00,0x00,0x00,0xe1,0x50,
    0x5a,0x66,0xf0,0x6c,0x76,0xff,0xf6,0xa8,0xb0,0xff,0xf6,0xa5,0xb0,0xff,0xf5,0xa3,0xaf,0xff,0xf5,0xa3,0xb0,0xff,0xf5,0x9d,
    0xad,0xff,0xea,0x88,0x97,0xff,0xf4,0xbf,0xc0,0xff,0xfa,0xe2,0xe2,0xff,0xfc,0xf4,0xf4,0xff,0xfe,0xfe,0xfe,0xff,0xf9,0xe2,
    0xe6,0xff,0xeb,0x96,0xa9,0xff,0xec,0x9b,0xac,0xff,0xed,0x9c,0xac,0xff,0xee,0x9e,0xac,0xff,0xee,0x9f,0xac,0xff,0xee,0xa1,
    0xac,0xff,0xef,0xa2,0xad,0xff,0xef,0xa3,0xad,0xff,0xef,0xa4,0xad,0xff,0xef,0xa5,0xae,0xff,0xf0,0xa7,0xae,0xff,0xf1,0xa8,
    0xaf,0xff,0xf2,0xaa,0xb0,0xff,0xf2,0xac,0xb0,0xff,0xf2,0xad,0xb1,0xff,0xf3,0xaf,0xb3,0xff,0xf3,0xb0,0xb4,0xff,0xf3,0xb2,
    0xb5,0xff,0xf3,0xb4,0xb6,0xff,0xf4,0xb6,0xb9,0xff,0xf4,0xb9,0xbb,0xfe,0xf3,0x8e,0x91,0xff,0xee,0x72,0x77,0x3c,0x00,0x00,
    0x00,0x00,0xaa,0x55,0x55,0x03,0x01,0x00,0x00,0x00,0xff,0x00,0x00,0x01,0xff,0x7f,0x7f,0x04,0xdc,0x4d,0x5a,0x52,0xdd,0x38,
    0x45,0x63,0xde,0x35,0x48,0x5f,0xda,0x31,0x48,0x62,0xda,0x2f,0x48,0x5b,0xd8,0x28,0x48,0x8a,0xe5,0x69,0x7d,0xff,0xf8,0xd5,
    0xd6,0xfe,0xfb,0xef,0xef,0xff,0xfd,0xf8,0xf8,0xff,0xff,0xfe,0xfe,0xff,0xfc,0xf0,0xf2,0xff,0xe1,0x5d,0x79,0xff,0xd9,0x30,
    0x52,0xff,0xdc,0x3c,0x5a,0xff,0xdc,0x3d,0x58,0xff,0xdd,0x40,0x59,0xff,0xdf,0x43,0x5a,0xff,0xdf,0x45,0x5a,0xff,0xe0,0x48,
    0x5b,0xff,0xe1,0x4b,0x5c,0xff,0xe1,0x4e,0x5d,0xff,0xe2,0x51,0x5e,0xff,0xe3,0x54,0x60,0xff,0xe4,0x57,0x62,0xff,0xe5,0x5a,
    0x64,0xff,0xe6,0x5d,0x66,0xff,0xe6,0x62,0x68,0xff,0xe7,0x64,0x6b,0xff,0xe8,0x69,0x6f,0xff,0xe9,0x6d,0x72,0xff,0xea,0x72,
    0x76,0xfc,0xf5,0x7d,0x81,0xff,0xee,0x82,0x86,0xc5,0xe9,0x94,0x94,0x0c,0x00,0x00,0x00,0x00,0xff,0x00,0x00,0x01,0x00,0x00,
    0x00,0x00,0x00,0x00,0x00,0x00,0x00,0x00,0x00,0x00,0x00,0x00,0x00,0x00,0x00,0x00,0x00,0x00,0x00,0x00,0x00,0x00,0x00,0x00,
    0x00,0x00,0x00,0x00,0x00,0x00,0x00,0x02,0x02,0x00,0xdc,0x42,0x5f,0xc1,0xfb,0xb9,0xc3,0xff,0xfc,0xff,0xfc,0xfd,0xfe,0xfb,
    0xfb,0xff,0xfe,0xfc,0xfc,0xff,0xff,0xff,0xff,0xff,0xf7,0xcf,0xd6,0xff,0xdd,0x47,0x63,0xff,0xdf,0x4b,0x65,0xff,0xe0,0x4f,
    0x65,0xff,0xe0,0x51,0x66,0xff,0xe2,0x53,0x67,0xff,0xe2,0x56,0x67,0xff,0xe3,0x59,0x69,0xff,0xe4,0x5c,0x6a,0xff,0xe4,0x5f,
    0x6b,0xff,0xe5,0x62,0x6d,0xff,0xe6,0x65,0x6f,0xff,0xe7,0x68,0x71,0xff,0xe8,0x6c,0x73,0xff,0xe8,0x6f,0x75,0xff,0xe9,0x73,
    0x78,0xff,0xea,0x77,0x7c,0xff,0xec,0x7c,0x80,0xff,0xec,0x80,0x85,0xff,0xee,0x86,0x8a,0xfe,0xf3,0x8e,0x91,0xfc,0xf0,0x90,
    0x93,0x45,0x00,0x00,0x00,0x00,0xff,0x7f,0x7f,0x02,0x00,0x00,0x00,0x00,0x00,0x00,0x00,0x00,0x00,0x00,0x00,0x00,0x00,0x00,
    0x00,0x00,0xaa,0x55,0x55,0x03,0xff,0x55,0x55,0x03,0xff,0x55,0x55,0x03,0xff,0x55,0x55,0x03,0xd4,0x55,0x55,0x06,0x00,0x00,
    0x00,0x01,0xd9,0x2d,0x4e,0x3e,0xe7,0x68,0x7e,0xf9,0xfd,0xf3,0xf5,0xfd,0xff,0xfd,0xfd,0xfe,0xff,0xfd,0xfd,0xff,0xff,0xfe,
    0xfe,0xff,0xff,0xff,0xff,0xff,0xe9,0x88,0x99,0xff,0xdd,0x41,0x5a,0xff,0xe0,0x51,0x66,0xff,0xe1,0x51,0x64,0xff,0xe2,0x55,
    0x66,0xff,0xe3,0x57,0x68,0xff,0xe4,0x5a,0x68,0xff,0xe4,0x5d,0x6a,0xfe,0xe4,0x60,0x6b,0xfe,0xe6,0x64,0x6e,0xfe,0xe6,0x67,
    0x70,0xfe,0xe7,0x6b,0x72,0xfe,0xe8,0x6e,0x74,0xfe,0xe8,0x73,0x78,0xfe,0xea,0x77,0x7c,0xfe,0xec,0x7d,0x81,0xfe,0xed,0x82,
    0x86,0xfe,0xed,0x86,0x8a,0xfc,0xfc,0x95,0x99,0xff,0xf1,0x92,0x95,0xa5,0x01,0x00,0x00,0x00,0xff,0x7f,0x7f,0x02,0xff,0x00,
    0x00,0x01,0x00,0x00,0x00,0x00,0x00,0x00,0x00,0x00,0x00,0x00,0x00,0x00,0x00,0x00,0x00,0x00,0x00,0x00,0x00,0x00,0x00,0x00,
    0x00,0x00,0x00,0x00,0x00,0x00,0x00,0x00,0x00,0x00,0x00,0x00,0x00,0x00,0xff,0x7f,0x7f,0x02,0x00,0x00,0x00,0x00,0xdb,0x3a,
    0x55,0x9e,0xfb,0xae,0xbc,0xff,0xff,0xff,0xff,0xfd,0xff,0xfd,0xfd,0xff,0xff,0xfe,0xfe,0xff,0xff,0xff,0xff,0xff,0xfa,0xe2,
    0xe6,0xff,0xe2,0x5c,0x71,0xff,0xe1,0x50,0x63,0xff,0xe2,0x56,0x68,0xff,0xe3,0x58,0x69,0xff,0xe4,0x5b,0x69,0xff,0xe4,0x5e,
    0x6b,0xfe,0xe7,0x63,0x6e,0xff,0xe9,0x67,0x71,0xff,0xea,0x6b,0x73,0xff,0xeb,0x6e,0x76,0xff,0xeb,0x73,0x79,0xff,0xec,0x77,
    0x7d,0xff,0xee,0x7d,0x82,0xff,0xef,0x82,0x87,0xff,0xf0,0x88,0x8c,0xff,0xf0,0x8c,0x90,0xff,0xf9,0x96,0x9a,0xff,0xf5,0x99,
    0x9c,0xf0,0xf2,0x9f,0x99,0x28,0x00,0x00,0x00,0x00,0xff,0x7f,0x7f,0x02,0x00,0x00,0x00,0x00,0x00,0x00,0x00,0x00,0x00,0x00,
    0x00,0x00,0x00,0x00,0x00,0x00,0x00,0x00,0x00,0x00,0x00,0x00,0x00,0x00,0x00,0x00,0x00,0x00,0x00,0x00,0x00,0x00,0x00,0x00,
    0x00,0x00,0x00,0x00,0x00,0x00,0xff,0x7f,0x7f,0x02,0x00,0x00,0x00,0x00,0xe1,0x33,0x48,0x23,0xe4,0x5b,0x71,0xeb,0xff,0xea,
    0xed,0xfe,0xff,0xff,0xff,0xfe,0xff,0xfd,0xfd,0xff,0xff,0xfe,0xfe,0xff,0xfd,0xf7,0xf8,0xff,0xe5,0x6d,0x7e,0xff,0xe1,0x51,
    0x63,0xff,0xe3,0x5a,0x6b,0xff,0xe5,0x5d,0x6b,0xff,0xe4,0x60,0x6c,0xff,0xe7,0x65,0x70,0xff,0xe7,0x67,0x72,0xfa,0xe8,0x6c,
    0x74,0xf2,0xea,0x70,0x77,0xf4,0xeb,0x75,0x7b,0xf4,0xec,0x7a,0x7f,0xf4,0xed,0x7f,0x84,0xf4,0xee,0x85,0x89,0xf4,0xf0,0x8a,
    0x8f,0xf4,0xf2,0x91,0x95,0xf3,0xf3,0x97,0x99,0xf3,0xfb,0xa2,0xa4,0xef,0xf3,0xa0,0xa2,0x71,0x00,0x00,0x00,0x00,0xff,0x7f,
    0x7f,0x02,0x00,0x00,0x00,0x00,0x00,0x00,0x00,0x00,0x00,0x00,0x00,0x00,0x00,0x00,0x00,0x00,0x00,0x00,0x00,0x00,0x00,0x00,
    0x00,0x00,0x00,0x00,0x00,0x00,0x00,0x00,0x00,0x00,0x00,0x00,0x00,0x00,0x00,0x00,0x00,0x00,0x00,0x00,0x00,0x00,0x00,0x00,
    0x00,0x00,0xff,0x7f,0x7f,0x02,0x00,0x00,0x00,0x00,0xdb,0x37,0x50,0x7b,0xf7,0x96,0xa6,0xff,0xff,0xff,0xff,0xfd,0xfe,0xfc,
    0xfc,0xff,0xff,0xff,0xff,0xff,0xf0,0xa9,0xb2,0xff,0xe1,0x4f,0x62,0xff,0xe4,0x5c,0x6c,0xff,0xe4,0x5e,0x6d,0xff,0xe5,0x61,
    0x6e,0xfd,0xeb,0x68,0x73,0xfe,0xe7,0x69,0x73,0xe8,0xeb,0x6c,0x77,0x42,0xe9,0x6c,0x77,0x2f,0xea,0x77,0x7c,0x31,0xea,0x77,
    0x82,0x31,0xea,0x7c,0x82,0x31,0xea,0x82,0x87,0x31,0xef,0x87,0x8c,0x31,0xef,0x91,0x96,0x31,0xf4,0x9a,0x9a,0x30,0xf4,0x9e,
    0x9e,0x32,0xf2,0x9d,0xa3,0x2a,0xff,0xff,0xff,0x01,0xff,0x00,0x00,0x01,0xff,0x00,0x00,0x01,0x00,0x00,0x00,0x00,0x00,0x00,
    0x00,0x00,0x00,0x00,0x00,0x00,0x00,0x00,0x00,0x00,0x00,0x00,0x00,0x00,0x00,0x00,0x00,0x00,0x00,0x00,0x00,0x00,0x00,0x00,
    0x00,0x00,0x00,0x00,0x00,0x00,0x00,0x00,0x00,0x00,0x00,0x00,0x00,0x00,0x00,0x00,0x00,0x00,0xff,0x00,0xff,0x01,0xff,0x00,
    0xff,0x01,0xe2,0x46,0x55,0x12,0xe0,0x53,0x68,0xd6,0xfe,0xd7,0xdd,0xff,0xff,0xff,0xff,0xfd,0xfa,0xe3,0xe6,0xff,0xe4,0x63,
    0x73,0xff,0xe4,0x59,0x69,0xff,0xe4,0x60,0x6e,0xff,0xe5,0x63,0x70,0xff,0xe5,0x66,0x71,0xfd,0xf2,0x71,0x7a,0xff,0xe9,0x6e,
    0x79,0x76,0x00,0x00,0x00,0x00,0x00,0x00,0x00,0x00,0x00,0x00,0x00,0x00,0x00,0x00,0x00,0x00,0x00,0x00,0x00,0x00,0x00,0x00,
    0x00,0x00,0x00,0x00,0x00,0x00,0x00,0x00,0x00,0x00,0x00,0x00,0x00,0x00,0x00,0x00,0x00,0x00,0x00,0x00,0x00,0x00,0x00,0x00,
    0x00,0x00,0x00,0x00,0x00,0x00,0x00,0x00,0x00,0x00,0x00,0x00,0x00,0x00,0x00,0x00,0x00,0x00,0x00,0x00,0x00,0x00,0x00,0x00,
    0x00,0x00,0x00,0x00,0x00,0x00,0x00,0x00,0x00,0x00,0x00,0x00,0x00,0x00,0x00,0x00,0x00,0x00,0x00,0x00,0x00,0x00,0x00,0x00,
    0x00,0x00,0x00,0x00,0x00,0x00,0x00,0x00,0x00,0x00,0x00,0x00,0x00,0x00,0xff,0x7f,0x7f,0x02,0x00,0x00,0x00,0x00,0xe1,0x3b,
    0x53,0x56,0xf1,0x85,0x93,0xff,0xff,0xff,0xff,0xfc,0xed,0x98,0xa2,0xfd,0xe2,0x54,0x65,0xfe,0xe4,0x63,0x71,0xfe,0xe5,0x65,
    0x71,0xfe,0xe6,0x69,0x73,0xfc,0xf0,0x72,0x7c,0xff,0xea,0x72,0x7b,0xd1,0xe9,0x6a,0x7f,0x0c,0xaa,0x55,0x55,0x03,0xff,0xaa,
    0xaa,0x03,0xff,0x7f,0x7f,0x02,0xff,0x7f,0x7f,0x02,0xff,0x7f,0x7f,0x02,0xff,0x7f,0x7f,0x02,0xff,0x7f,0x7f,0x02,0xff,0x7f,
    0x7f,0x02,0xff,0x7f,0x7f,0x02,0xff,0x7f,0x7f,0x02,0xff,0x7f,0x7f,0x02,0x00,0x00,0x00,0x00,0x00,0x00,0x00,0x00,0x00,0x00,
    0x00,0x00,0x00,0x00,0x00,0x00,0x00,0x00,0x00,0x00,0x00,0x00,0x00,0x00,0x00,0x00,0x00,0x00,0x00,0x00,0x00,0x00,0x00,0x00,
    0x00,0x00,0x00,0x00,0x00,0x00,0x00,0x00,0x00,0x00,0x00,0x00,0x00,0x00,0x00,0x00,0x00,0x00,0x00,0x00,0x00,0x00,0x00,0x00,
    0x00,0x00,0x00,0x00,0x00,0x00,0x00,0x00,0x00,0x00,0xff,0x00,0x7f,0x02,0xff,0x3f,0x7f,0x04,0xe4,0x5e,0x6e,0xb4,0xfd,0x9f,
    0xaa,0xff,0xe8,0x67,0x76,0xff,0xea,0x64,0x72,0xff,0xeb,0x6a,0x77,0xff,0xec,0x6f,0x79,0xff,0xee,0x74,0x7e,0xff,0xf2,0x7b,
    0x83,0xff,0xec,0x79,0x82,0x52,0x00,0x00,0x00,0x00,0xff,0x7f,0x7f,0x02,0x00,0x00,0x00,0x00,0x00,0x00,0x00,0x00,0x00,0x00,
    0x00,0x00,0x00,0x00,0x00,0x00,0x00,0x00,0x00,0x00,0x00,0x00,0x00,0x00,0x00,0x00,0x00,0x00,0x00,0x00,0x00,0x00,0x00,0x00,
    0x00,0x00,0x00,0x00,0x00,0x00,0x00,0x00,0x00,0x00,0x00,0x00,0x00,0x00,0x00,0x00,0x00,0x00,0x00,0x00,0x00,0x00,0x00,0x00,
    0x00,0x00,0x00,0x00,0x00,0x00,0x00,0x00,0x00,0x00,0x00,0x00,0x00,0x00,0x00,0x00,0x00,0x00,0x00,0x00,0x00,0x00,0x00,0x00,
    0x00,0x00,0x00,0x00,0x00,0x00,0x00,0x00,0x00,0x00,0x00,0x00,0x00,0x00,0x00,0x00,0x00,0x00,0x00,0x00,0x00,0x00,0x00,0x00,
    0x00,0x00,0xff,0x7f,0x7f,0x02,0x00,0x00,0x00,0x00,0xe6,0x5b,0x6d,0x2a,0xe7,0x5c,0x6b,0xc1,0xe7,0x65,0x72,0xd6,0xe8,0x6a,
    0x75,0xd3,0xe8,0x6d,0x79,0xd4,0xea,0x74,0x7c,0xd3,0xed,0x7b,0x82,0xd9,0xeb,0x7e,0x83,0x93,0xff,0x7f,0x7f,0x04,0xff,0xff,
    0xff,0x01,0xff,0x00,0x00,0x01,0x00,0x00,0x00,0x00,0x00,0x00,0x00,0x00,0x00,0x00,0x00,0x00,0x00,0x00,0x00,0x00,0x00,0x00,
    0x00,0x00,0x00,0x00,0x00,0x00,0x00,0x00,0x00,0x00,0x00,0x00,0x00,0x00,0x00,0x00,0x00,0x00,0x00,0x00,0x00,0x00,0x00,0x00,
    0x00,0x00,0x00,0x00,0x00,0x00,0x00,0x00,0x00,0x00,0x00,0x00,0x00,0x00,0x00,0x00,0x00,0x00,0x00,0x00,0x00,0x00,0xff,0xff,
    0x80,0x17,0xff,0x00,0x00,0x00,0xff,0xff,0x40,0x07,0xff,0x00,0x00,0x00,0xfc,0x00,0x00,0x0b,0xff,0x00,0x00,0x00,0xff,0xff,
    0x80,0x01,0xff,0x00,0x00,0x00,0xe4,0x00,0x00,0x05,0xff,0x00,0x00,0x00,0xe8,0x00,0x00,0x00,0xff,0x00,0x00,0x00,0xd0,0x00,
    0x00,0x02,0xff,0x00,0x00,0x00,0x90,0x00,0x00,0x00,0x07,0x00,0x00,0x00,0xa0,0x00,0x00,0x01,0xff,0x00,0x00,0x00,0x40,0x00,
    0x00,0x00,0x05,0x00,0x00,0x00,0x40,0x00,0x00,0x00,0x02,0x00,0x00,0x00,0x40,0x00,0x00,0x00,0x00,0x00,0x00,0x00,0xa0,0x00,
    0x00,0x00,0x01,0x00,0x00,0x00,0xc0,0x00,0x00,0x00,0x00,0x00,0x00,0x00,0xd0,0x00,0x00,0x00,0x00,0x00,0x00,0x00,0xc0,0x00,
    0x00,0x00,0x00,0x00,0x00,0x00,0xd0,0x00,0x00,0x00,0x00,0x00,0x00,0x00,0x80,0x00,0x00,0x00,0x00,0x00,0x00,0x00,0xa0,0x00,
    0x00,0x00,0x01,0x00,0x00,0x00,0x40,0x00,0x00,0x00,0x00,0x00,0x00,0x00,0x00,0x00,0x00,0x00,0x02,0x00,0x00,0x00,0x80,0x00,
    0x00,0x00,0x05,0x00,0x00,0x00,0x00,0x00,0x00,0x00,0x01,0x00,0x00,0x00,0x00,0x00,0x00,0x00,0x0b,0x00,0x00,0x00,0x00,0x00,
    0x00,0x00,0x03,0x00,0x00,0x00,0x00,0x00,0x00,0x00,0x0b,0x00,0x00,0x00,0x00,0x00,0x00,0x00,0x03,0x00,0x00,0x00,0x80,0x00,
    0x00,0x00,0x05,0x00,0x00,0x00,0x00,0x00,0x00,0x00,0x02,0x00,0x00,0x00,0x40,0x00,0x00,0x00,0x02,0x00,0x00,0x00,0x80,0x00,
    0x00,0x00,0x02,0x00,0x00,0x00,0xff,0x80,0x00,0x00,0x05,0x00,0x00,0x00,0xe0,0x00,0x00,0x00,0x09,0x00,0x00,0x00,0xff,0x40,
    0x00,0x00,0x0b,0x00,0x00,0x00,0xff,0x40,0x00,0x00,0x17,0x00,0x00,0x00,0xff,0xa0,0x00,0x00,0x07,0x00,0x00,0x00,0xff,0x80,
    0x01,0xff,0xff,0x00,0x00,0x00,0xff,0xd0,0x00,0x00,0x3f,0x00,0x00,0x00,0xff,0xe0,0x02,0xff,0xff,0x00,0x00,0x00,0xff,0xe8,
    0x00,0xff,0xff,0x00,0x00,0x00,0x28,0x00,0x00,0x00,0x30,0x00,0x00,0x00,0x60,0x00,0x00,0x00,0x01,0x00,0x20,0x00,0x00,0x00,
    0x00,0x00,0x80,0x25,0x00,0x00,0x00,0x00,0x00,0x00,0x00,0x00,0x00,0x00,0x00,0x00,0x00,0x00,0x00,0x00,0x00,0x00,0x00,0x00,
    0x00,0x00,0x00,0x00,0x00,0x00,0x00,0x00,0x00,0x00,0x00,0x00,0x00,0x00,0x00,0x00,0x00,0x00,0x00,0x00,0x00,0x00,0x00,0x00,
    0x00,0x00,0x00,0x00,0x00,0x00,0x00,0x00,0x00,0x00,0x00,0x00,0x00,0x00,0x00,0x00,0x00,0x00,0x00,0x00,0x00,0x00,0x00,0x00,
    0x00,0x00,0x00,0x00,0x00,0x00,0x00,0x00,0x00,0x00,0x00,0x00,0x00,0x00,0x00,0x00,0x00,0x00,0x00,0x00,0x00,0x00,0x00,0x00,
    0x00,0x00,0x00,0x00,0x00,0x00,0xff,0x00,0x00,0x01,0xff,0x00,0x00,0x01,0xff,0x66,0x66,0x05,0xd2,0x26,0x5d,0x7e,0xd4,0x29,
    0x60,0xc0,0xd5,0x2f,0x63,0xb8,0xd7,0x2d,0x63,0xb9,0xd7,0x2d,0x63,0xb9,0xd5,0x2d,0x63,0xb9,0xd5,0x2d,0x64,0xba,0xd6,0x2e,
    0x63,0xb1,0xd6,0x2c,0x65,0x3f,0x00,0x00,0x00,0x00,0x7f,0x00,0x7f,0x02,0x00,0x00,0x00,0x00,0x00,0x00,0x00,0x00,0x00,0x00,
    0x00,0x00,0x00,0x00,0x00,0x00,0x00,0x00,0x00,0x00,0x00,0x00,0x00,0x00,0x00,0x00,0x00,0x00,0x00,0x00,0x00,0x00,0x00,0x00,
    0x00,0x00,0x00,0x00,0x00,0x00,0x00,0x00,0x00,0x00,0x00,0x00,0x00,0x00,0x00,0x00,0x00,0x00,0x00,0x00,0x00,0x00,0x00,0x00,
    0x00,0x00,0x00,0x00,0x00,0x00,0x00,0x00,0x00,0x00,0x00,0x00,0x00,0x00,0x00,0x00,0x00,0x00,0x00,0x00,0x00,0x00,0x00,0x00,
    0x00,0x00,0x00,0x00,0x00,0x00,0x00,0x00,0x00,0x00,0x00,0x00,0x00,0x00,0x00,0x00,0x00,0x00,0x00,0x00,0x00,0x00,0x00,0x00,
    0x00,0x00,0x00,0x00,0x00,0x00,0x00,0x00,0x00,0x00,0x00,0x00,0x00,0x00,0x00,0x00,0x00,0x00,0x00,0x00,0x00,0x00,0x00,0x00,
    0x00,0x00,0x00,0x00,0x00,0x00,0x7f,0x00,0x7f,0x02,0x00,0x00,0x00,0x00,0xd5,0x24,0x5b,0x62,0xe0,0x49,0x79,0xfd,0xe0,0x46,
    0x77,0xff,0xda,0x2a,0x62,0xff,0xdb,0x2f,0x66,0xff,0xdb,0x2e,0x65,0xff,0xdb,0x2e,0x65,0xff,0xd9,0x2e,0x65,0xff,0xe2,0x31,
    0x68,0xff,0xd6,0x30,0x61,0xce,0xcc,0x33,0x55,0x0f,0xff,0x00,0x00,0x01,0xff,0x00,0xff,0x01,0x00,0x00,0x00,0x00,0x00,0x00,
    0x00,0x00,0x00,0x00,0x00,0x00,0x00,0x00,0x00,0x00,0x00,0x00,0x00,0x00,0x00,0x00,0x00,0x00,0x00,0x00,0x00,0x00,0x00,0x00,
    0x00,0x00,0x00,0x00,0x00,0x00,0x00,0x00,0x00,0x00,0x00,0x00,0x00,0x00,0x00,0x00,0x00,0x00,0x00,0x00,0x00,0x00,0x00,0x00,
    0x00,0x00,0x00,0x00,0x00,0x00,0x00,0x00,0x00,0x00,0x00,0x00,0x00,0x00,0x00,0x00,0x00,0x00,0x00,0x00,0x00,0x00,0x00,0x00,
    0x00,0x00,0x00,0x00,0x00,0x00,0x00,0x00,0x00,0x00,0x00,0x00,0x00,0x00,0x00,0x00,0x00,0x00,0x00,0x00,0x00,0x00,0x00,0x00,
    0x00,0x00,0x00,0x00,0x00,0x00,0x00,0x00,0x00,0x00,0x00,0x00,0x00,0x00,0x00,0x00,0x00,0x00,0x00,0x00,0x00,0x00,0x00,0x00,
    0x00,0x00,0xff,0x00,0x7f,0x02,0xff,0x00,0x00,0x01,0xd6,0x3d,0x70,0x19,0xd4,0x22,0x5c,0xd7,0xf7,0xb3,0xca,0xff,0xf0,0xba,
    0xcc,0xfc,0xd4,0x28,0x5f,0xfe,0xd5,0x2d,0x63,0xfe,0xd5,0x2d,0x63,0xfe,0xd5,0x2d,0x63,0xfe,0xd5,0x2d,0x63,0xfe,0xd5,0x2f,
    0x62,0xfc,0xdf,0x34,0x66,0xff,0xd6,0x32,0x63,0x79,0x00,0x00,0x00,0x00,0xff,0x00,0x7f,0x02,0x00,0x00,0x00,0x00,0x00,0x00,
    0x00,0x00,0x00,0x00,0x00,0x00,0x00,0x00,0x00,0x00,0x00,0x00,0x00,0x00,0x00,0x00,0x00,0x00,0x00,0x00,0x00,0x00,0x00,0x00,
    0x00,0x00,0x00,0x00,0x00,0x00,0x00,0x00,0x00,0x00,0x00,0x00,0x00,0x00,0x00,0x00,0x00,0x00,0x00,0x00,0x00,0x00,0x00,0x00,
    0x00,0x00,0x00,0x00,0x00,0x00,0x00,0x00,0x00,0x00,0x00,0x00,0x00,0x00,0x00,0x00,0x00,0x00,0x00,0x00,0x00,0x00,0x00,0x00,
    0x00,0x00,0x7f,0x7f,0x7f,0x02,0xff,0x7f,0x7f,0x02,0xff,0x7f,0x7f,0x02,0xff,0x7f,0x7f,0x02,0xff,0x7f,0x7f,0x02,0xff,0x7f,
    0x7f,0x02,0xff,0x00,0x7f,0x02,0xff,0x00,0x7f,0x02,0xff,0x00,0x7f,0x02,0xff,0x00,0x7f,0x02,0xff,0x00,0x7f,0x02,0xff,0x00,
    0x7f,0x02,0xff,0x00,0x55,0x03,0x00,0x00,0x00,0x00,0xd1,0x1b,0x56,0x82,0xe7,0x64,0x8e,0xff,0xfd,0xf8,0xfa,0xfd,0xfe,0xfb,
    0xfc,0xff,0xe0,0x62,0x8a,0xff,0xd5,0x25,0x5d,0xff,0xd6,0x30,0x64,0xff,0xd6,0x2d,0x63,0xff,0xd6,0x2e,0x62,0xff,0xd6,0x30,
    0x61,0xfd,0xdb,0x33,0x64,0xfe,0xd8,0x34,0x62,0xe7,0xdb,0x38,0x63,0x24,0x00,0x00,0x00,0x00,0x7f,0x00,0x7f,0x02,0x00,0x00,
    0x00,0x00,0x00,0x00,0x00,0x00,0x00,0x00,0x00,0x00,0x00,0x00,0x00,0x00,0x00,0x00,0x00,0x00,0x00,0x00,0x00,0x00,0x00,0x00,
    0x00,0x00,0x00,0x00,0x00,0x00,0x00,0x00,0x00,0x00,0x00,0x00,0x00,0x00,0x00,0x00,0x00,0x00,0x00,0x00,0x00,0x00,0x00,0x00,
    0x00,0x00,0x00,0x00,0x00,0x00,0x00,0x00,0x00,0x00,0x00,0x00,0x00,0x00,0x00,0x00,0x00,0x00,0x00,0x00,0x00,0x00,0xff,0x00,
    0x00,0x01,0x00,0x00,0x00,0x00,0x00,0x00,0x00,0x00,0x00,0x00,0x00,0x00,0x00,0x00,0x00,0x00,0x00,0x00,0x00,0x00,0x00,0x00,
    0x00,0x00,0x00,0x00,0x00,0x00,0x00,0x00,0x00,0x00,0x00,0x00,0x00,0x00,0x00,0x00,0x00,0x00,0x00,0x00,0x00,0x00,0x00,0x00,
    0x00,0x00,0x00,0x00,0x00,0x00,0xcf,0x23,0x5e,0x2b,0xd9,0x31,0x67,0xeb,0xf8,0xc9,0xd7,0xfe,0xff,0xff,0xff,0xfd,0xff,0xff,
    0xff,0xff,0xf4,0xc9,0xd6,0xff,0xd7,0x33,0x67,0xff,0xd6,0x2c,0x62,0xff,0xd6,0x2e,0x64,0xff,0xd6,0x30,0x62,0xff,0xd7,0x31,
    0x62,0xff,0xd6,0x33,0x61,0xfd,0xe2,0x38,0x66,0xff,0xd7,0x36,0x62,0x9b,0xff,0x00,0xff,0x01,0x7f,0x00,0x7f,0x02,0xff,0x00,
    0x00,0x01,0x00,0x00,0x00,0x00,0x00,0x00,0x00,0x00,0x00,0x00,0x00,0x00,0x00,0x00,0x00,0x00,0x00,0x00,0x00,0x00,0x00,0x00,
    0x00,0x00,0x00,0x00,0x00,0x00,0x00,0x00,0x00,0x00,0x00,0x00,0x00,0x00,0x00,0x00,0x00,0x00,0x00,0x00,0x00,0x00,0x00,0x00,
    0x00,0x00,0x00,0x00,0x00,0x00,0x00,0x00,0x00,0x00,0x00,0x00,0x00,0x00,0x00,0x00,0x00,0x00,0xff,0x00,0x00,0x01,0x00,0x00,
    0x00,0x00,0xe0,0x45,0x55,0x21,0xd9,0x35,0x4a,0x30,0xdd,0x33,0x4f,0x2d,0xd8,0x31,0x53,0x2e,0xd8,0x2c,0x53,0x2e,0xd8,0x2c,
    0x53,0x2e,0xd8,0x26,0x53,0x2e,0xd2,0x26,0x53,0x2e,0xd2,0x26,0x53,0x2e,0xd2,0x21,0x53,0x2e,0xd2,0x21,0x53,0x2e,0xd3,0x1b,
    0x56,0x2f,0xd2,0x26,0x5e,0x2e,0xd2,0x1d,0x57,0xac,0xef,0x80,0xa3,0xff,0xfd,0xff,0xfd,0xfe,0xff,0xfd,0xfe,0xff,0xff,0xfe,
    0xfe,0xff,0xff,0xfe,0xfe,0xff,0xe5,0x7e,0x9f,0xff,0xd4,0x23,0x5c,0xff,0xd6,0x31,0x64,0xff,0xd7,0x31,0x62,0xff,0xd7,0x33,
    0x62,0xff,0xd6,0x34,0x62,0xfe,0xda,0x37,0x63,0xfe,0xdc,0x39,0x62,0xf5,0xdc,0x39,0x60,0x42,0x00,0x00,0x00,0x00,0xff,0x00,
    0x7f,0x02,0x00,0x00,0x00,0x00,0x00,0x00,0x00,0x00,0x00,0x00,0x00,0x00,0x00,0x00,0x00,0x00,0x00,0x00,0x00,0x00,0x00,0x00,
    0x00,0x00,0x00,0x00,0x00,0x00,0x00,0x00,0x00,0x00,0x00,0x00,0x00,0x00,0x00,0x00,0x00,0x00,0x00,0x00,0x00,0x00,0x00,0x00,
    0x00,0x00,0x00,0x00,0x00,0x00,0x00,0x00,0x00,0x00,0x00,0x00,0x00,0x00,0xff,0x00,0xff,0x01,0x00,0x00,0x00,0x00,0xe1,0x4d,
    0x60,0x4f,0xe7,0x58,0x6b,0xdc,0xe3,0x5f,0x72,0xe8,0xe2,0x5b,0x71,0xe7,0xe3,0x58,0x71,0xe7,0xe2,0x56,0x71,0xe7,0xe1,0x53,
    0x71,0xe7,0xe0,0x51,0x72,0xe7,0xde,0x4e,0x71,0xe7,0xde,0x4c,0x71,0xe7,0xdd,0x47,0x71,0xe7,0xdc,0x44,0x70,0xe7,0xda,0x40,
    0x6e,0xe7,0xd9,0x35,0x68,0xe8,0xd9,0x3f,0x6f,0xfd,0xf8,0xda,0xe4,0xfe,0xff,0xff,0xff,0xff,0xff,0xfd,0xfe,0xff,0xff,0xfe,
    0xfe,0xff,0xff,0xff,0xff,0xff,0xf8,0xde,0xe6,0xff,0xd9,0x40,0x70,0xff,0xd5,0x2c,0x5f,0xff,0xd7,0x33,0x63,0xff,0xd7,0x34,
    0x62,0xff,0xd8,0x36,0x62,0xff,0xd7,0x37,0x61,0xfd,0xe2,0x3c,0x66,0xff,0xda,0x3a,0x60,0xbb,0xdf,0x3f,0x5f,0x08,0xff,0x00,
    0x00,0x01,0xff,0x00,0x00,0x01,0x00,0x00,0x00,0x00,0x00,0x00,0x00,0x00,0x00,0x00,0x00,0x00,0x00,0x00,0x00,0x00,0x00,0x00,
    0x00,0x00,0x00,0x00,0x00,0x00,0x00,0x00,0x00,0x00,0x00,0x00,0x00,0x00,0x00,0x00,0x00,0x00,0x00,0x00,0x00,0x00,0x00,0x00,
    0x00,0x00,0x00,0x00,0x00,0x00,0x00,0x00,0x00,0x00,0xff,0x7f,0x7f,0x02,0xff,0x00,0x00,0x01,0xe2,0x63,0x71,0x12,0xe0,0x4c,
    0x5f,0xce,0xf1,0x68,0x7a,0xff,0xf9,0xd3,0xd9,0xff,0xfe,0xe3,0xe7,0xff,0xfe,0xe1,0xe6,0xff,0xfd,0xe1,0xe6,0xff,0xfe,0xe1,
    0xe6,0xff,0xfd,0xe0,0xe7,0xff,0xfc,0xdf,0xe5,0xff,0xfc,0xdd,0xe5,0xff,0xfb,0xd9,0xe1,0xff,0xfa,0xd0,0xd9,0xff,0xf6,0xbe,
    0xc8,0xff,0xf2,0xa2,0xae,0xff,0xe4,0x71,0x90,0xff,0xf8,0xe0,0xe8,0xff,0xff,0xff,0xff,0xff,0xff,0xfe,0xfe,0xff,0xff,0xff,
    0xff,0xff,0xff,0xfd,0xfe,0xff,0xff,0xff,0xff,0xff,0xeb,0x9a,0xb3,0xff,0xd6,0x2b,0x5d,0xff,0xd8,0x36,0x63,0xff,0xd8,0x35,
    0x62,0xff,0xd9,0x37,0x62,0xff,0xd9,0x39,0x62,0xfe,0xda,0x3b,0x62,0xfd,0xdf,0x3e,0x64,0xfc,0xdc,0x3d,0x63,0x5f,0x00,0x00,
    0x00,0x00,0xff,0x7f,0x7f,0x02,0x00,0x00,0x00,0x00,0x00,0x00,0x00,0x00,0x00,0x00,0x00,0x00,0x00,0x00,0x00,0x00,0x00,0x00,
    0x00,0x00,0x00,0x00,0x00,0x00,0x00,0x00,0x00,0x00,0x00,0x00,0x00,0x00,0x00,0x00,0x00,0x00,0x00,0x00,0x00,0x00,0x00,0x00,
    0x00,0x00,0x00,0x00,0x00,0x00,0x00,0x00,0x00,0x00,0xff,0x7f,0x7f,0x02,0x00,0x00,0x00,0x00,0xe2,0x52,0x61,0x76,0xea,0x55,
    0x67,0xff,0xde,0x48,0x5d,0xfc,0xee,0xa9,0xb3,0xfe,0xff,0xff,0xff,0xfe,0xff,0xff,0xff,0xfe,0xff,0xff,0xff,0xfe,0xff,0xff,
    0xff,0xfe,0xff,0xff,0xff,0xfe,0xff,0xff,0xff,0xfe,0xff,0xff,0xff,0xfe,0xfd,0xff,0xff,0xfe,0xfc,0xf9,0xf7,0xfe,0xfa,0xe9,
    0xe8,0xfe,0xf7,0xd3,0xd2,0xfe,0xec,0x96,0xa3,0xff,0xeb,0x97,0xb0,0xff,0xff,0xff,0xff,0xff,0xff,0xfe,0xfe,0xff,0xff,0xff,
    0xff,0xff,0xff,0xfe,0xfe,0xff,0xff,0xfe,0xff,0xff,0xfd,0xf2,0xf5,0xff,0xde,0x56,0x7e,0xff,0xd6,0x2e,0x5d,0xff,0xd8,0x38,
    0x63,0xff,0xd9,0x38,0x62,0xff,0xd9,0x3a,0x62,0xff,0xd9,0x3b,0x61,0xfd,0xe1,0x3f,0x64,0xff,0xdb,0x3e,0x61,0xd7,0xdc,0x45,
    0x5c,0x16,0xff,0x00,0x00,0x01,0x7f,0x00,0x7f,0x02,0x00,0x00,0x00,0x00,0x00,0x00,0x00,0x00,0x00,0x00,0x00,0x00,0x00,0x00,
    0x00,0x00,0x00,0x00,0x00,0x00,0x00,0x00,0x00,0x00,0x00,0x00,0x00,0x00,0x00,0x00,0x00,0x00,0x00,0x00,0x00,0x00,0x00,0x00,
    0x00,0x00,0x00,0x00,0x00,0x00,0xff,0x7f,0x7f,0x02,0x00,0x00,0x00,0x00,0xdb,0x53,0x5e,0x2b,0xe4,0x54,0x62,0xe6,0xe5,0x54,
    0x64,0xfe,0xe0,0x4a,0x5e,0xfd,0xe2,0x5b,0x6f,0xff,0xf9,0xdf,0xe3,0xff,0xff,0xfe,0xfe,0xff,0xff,0xfd,0xfd,0xff,0xff,0xfe,
    0xfe,0xff,0xff,0xfe,0xfe,0xff,0xfe,0xfd,0xfd,0xff,0xfe,0xfd,0xfd,0xff,0xfe,0xfc,0xfc,0xff,0xfd,0xf7,0xf7,0xff,0xfc,0xee,
    0xef,0xff,0xf9,0xda,0xdc,0xff,0xf4,0xc2,0xc2,0xfe,0xe5,0x75,0x8f,0xfc,0xf4,0xca,0xd8,0xff,0xff,0xff,0xff,0xff,0xff,0xfe,
    0xfe,0xff,0xff,0xff,0xff,0xff,0xff,0xfd,0xfe,0xff,0xff,0xff,0xff,0xff,0xf1,0xb6,0xc7,0xff,0xd8,0x34,0x61,0xff,0xd9,0x37,
    0x62,0xff,0xda,0x3a,0x62,0xff,0xda,0x3c,0x62,0xff,0xda,0x3c,0x62,0xff,0xda,0x3e,0x61,0xfd,0xe3,0x43,0x64,0xff,0xdc,0x42,
    0x61,0x7e,0x00,0x00,0x00,0x00,0xbf,0x3f,0x7f,0x04,0xaa,0x55,0x55,0x03,0xaa,0x55,0x55,0x03,0xaa,0x55,0x55,0x03,0xaa,0x55,
    0x55,0x03,0xaa,0x55,0x55,0x03,0xff,0x00,0x00,0x01,0x00,0x00,0x00,0x00,0x00,0x00,0x00,0x00,0x00,0x00,0x00,0x00,0x00,0x00,
    0x00,0x00,0x00,0x00,0x00,0x01,0x7f,0x7f,0x7f,0x02,0x00,0x00,0x00,0x00,0xe1,0x55,0x60,0x99,0xed,0x58,0x66,0xff,0xe0,0x50,
    0x61,0xfd,0xe1,0x51,0x64,0xff,0xde,0x43,0x5a,0xff,0xea,0x8b,0x9a,0xff,0xff,0xff,0xfe,0xff,0xff,0xfc,0xfd,0xff,0xff,0xfc,
    0xfd,0xff,0xff,0xfd,0xfd,0xff,0xff,0xfd,0xfd,0xff,0xfd,0xfc,0xfc,0xff,0xfe,0xfb,0xfb,0xff,0xfe,0xfb,0xfb,0xff,0xfc,0xf5,
    0xf5,0xff,0xfb,0xe8,0xe9,0xff,0xf7,0xd3,0xd3,0xfe,0xee,0xa2,0xab,0xfc,0xe8,0x85,0xa1,0xff,0xfe,0xf8,0xfa,0xff,0xff,0xfe,
    0xfe,0xff,0xff,0xfe,0xfe,0xff,0xff,0xfe,0xfe,0xff,0xff,0xfe,0xfe,0xff,0xff,0xfc,0xfd,0xff,0xe4,0x71,0x8f,0xff,0xd7,0x2f,
    0x5a,0xff,0xda,0x3c,0x63,0xff,0xdb,0x3c,0x62,0xff,0xdb,0x3e,0x62,0xff,0xdb,0x3f,0x61,0xfd,0xdf,0x43,0x62,0xfe,0xdd,0x43,
    0x61,0xee,0xda,0x42,0x61,0x2a,0x00,0x00,0x00,0x00,0x00,0x00,0x00,0x00,0x00,0x00,0x00,0x00,0x00,0x00,0x00,0x00,0x00,0x00,
    0x00,0x00,0x00,0x00,0x00,0x00,0x00,0x00,0x00,0x00,0xff,0x00,0x00,0x01,0x00,0x00,0x00,0x00,0x00,0x00,0x00,0x00,0x00,0x00,
    0x00,0x00,0xff,0x7f,0x7f,0x02,0x00,0x00,0x00,0x00,0xe6,0x58,0x5f,0x48,0xe4,0x56,0x62,0xf4,0xe3,0x53,0x62,0xfe,0xe0,0x51,
    0x61,0xfe,0xe1,0x4f,0x63,0xff,0xe0,0x4b,0x61,0xff,0xe0,0x4d,0x65,0xff,0xf6,0xce,0xd4,0xff,0xff,0xff,0xff,0xff,0xff,0xff,
    0xff,0xff,0xff,0xff,0xff,0xff,0xff,0xff,0xff,0xff,0xff,0xff,0xff,0xff,0xff,0xff,0xff,0xff,0xff,0xff,0xff,0xff,0xfd,0xfa,
    0xfa,0xff,0xfc,0xf1,0xf2,0xff,0xf9,0xde,0xe0,0xff,0xf7,0xca,0xc9,0xff,0xe6,0x7d,0x94,0xfb,0xef,0xb5,0xc8,0xff,0xff,0xff,
    0xff,0xff,0xff,0xfd,0xfe,0xff,0xff,0xff,0xff,0xff,0xff,0xfe,0xfe,0xff,0xff,0xff,0xff,0xff,0xf6,0xd0,0xda,0xff,0xdb,0x41,
    0x68,0xff,0xd9,0x39,0x60,0xff,0xdb,0x3e,0x62,0xff,0xdc,0x3f,0x62,0xff,0xdc,0x41,0x61,0xff,0xdb,0x42,0x61,0xfe,0xe3,0x46,
    0x63,0xff,0xde,0x45,0x61,0xba,0xe0,0x49,0x63,0x6c,0xdd,0x49,0x61,0x73,0xdd,0x49,0x60,0x72,0xe1,0x4c,0x61,0x71,0xdf,0x4d,
    0x61,0x73,0xe0,0x50,0x60,0x6c,0xd6,0x51,0x5b,0x19,0x00,0x00,0x00,0x00,0xff,0x00,0x00,0x01,0x00,0x00,0x00,0x00,0x00,0x00,
    0x00,0x00,0xff,0x7f,0x7f,0x02,0x00,0x00,0x00,0x00,0xe4,0x56,0x5f,0xa5,0xf0,0x5b,0x66,0xff,0xe0,0x52,0x61,0xfc,0xe1,0x51,
    0x62,0xff,0xe1,0x4f,0x62,0xff,0xe0,0x4e,0x63,0xff,0xdd,0x43,0x5d,0xff,0xe5,0x6c,0x82,0xff,0xf5,0xc4,0xcd,0xff,0xf4,0xc1,
    0xcb,0xff,0xf3,0xc0,0xcc,0xff,0xf3,0xbf,0xcc,0xff,0xf3,0xbf,0xcc,0xff,0xf1,0xba,0xc9,0xff,0xfa,0xe5,0xeb,0xff,0xff,0xfd,
    0xfd,0xff,0xfd,0xf6,0xf6,0xff,0xfc,0xec,0xec,0xff,0xf8,0xd5,0xd6,0xff,0xf0,0xb0,0xb4,0xfe,0xe6,0x7c,0x98,0xff,0xfb,0xec,
    0xf1,0xff,0xff,0xfe,0xfe,0xff,0xff,0xfe,0xfe,0xff,0xff,0xff,0xff,0xff,0xff,0xfe,0xfe,0xff,0xff,0xff,0xff,0xff,0xea,0x8d,
    0xa4,0xff,0xd8,0x33,0x5b,0xff,0xdb,0x41,0x64,0xff,0xdc,0x40,0x61,0xff,0xdc,0x42,0x61,0xff,0xdd,0x44,0x61,0xff,0xdd,0x46,
    0x61,0xfe,0xe3,0x4a,0x63,0xff,0xe5,0x4b,0x64,0xff,0xe5,0x4c,0x64,0xff,0xe6,0x4d,0x64,0xff,0xe6,0x4f,0x64,0xff,0xe5,0x50,
    0x63,0xff,0xed,0x54,0x67,0xff,0xdf,0x50,0x60,0xb1,0xe2,0x55,0x71,0x09,0xff,0x00,0xff,0x01,0xff,0x00,0xff,0x01,0x00,0x00,
    0x00,0x00,0xff,0x7f,0x7f,0x02,0x00,0x00,0x00,0x00,0xe2,0x55,0x60,0x74,0xeb,0x59,0x65,0xff,0xe1,0x53,0x61,0xfd,0xe1,0x51,
    0x62,0xff,0xe1,0x4f,0x62,0xff,0xdf,0x4c,0x62,0xff,0xdf,0x4a,0x63,0xff,0xde,0x45,0x60,0xff,0xdd,0x43,0x61,0xff,0xdc,0x41,
    0x61,0xff,0xdb,0x3e,0x61,0xff,0xdb,0x3c,0x62,0xff,0xd8,0x34,0x5e,0xff,0xdc,0x47,0x70,0xff,0xf8,0xdf,0xe6,0xff,0xff,0xff,
    0xff,0xff,0xfd,0xf9,0xf9,0xff,0xfc,0xf4,0xf4,0xff,0xf9,0xe1,0xe3,0xff,0xf8,0xce,0xce,0xff,0xe3,0x68,0x85,0xff,0xeb,0x9a,
    0xb3,0xff,0xff,0xff,0xff,0xff,0xff,0xfd,0xfe,0xff,0xff,0xff,0xff,0xff,0xff,0xfe,0xfe,0xff,0xff,0xff,0xff,0xff,0xfa,0xe6,
    0xeb,0xff,0xdf,0x55,0x74,0xff,0xda,0x3a,0x5e,0xff,0xdc,0x42,0x63,0xff,0xdc,0x43,0x61,0xff,0xdd,0x45,0x61,0xff,0xde,0x47,
    0x61,0xff,0xde,0x48,0x60,0xfd,0xdf,0x49,0x60,0xfd,0xdf,0x4a,0x60,0xfd,0xdf,0x4c,0x60,0xfd,0xe0,0x4d,0x60,0xfd,0xdf,0x4e,
    0x60,0xfd,0xe1,0x50,0x62,0xfc,0xe8,0x54,0x64,0xff,0xe1,0x54,0x5e,0x5e,0x00,0x00,0x00,0x00,0xff,0x7f,0x7f,0x02,0x00,0x00,
    0x00,0x00,0xff,0x00,0xff,0x01,0x00,0x00,0x00,0x00,0xdd,0x55,0x66,0x0f,0xe1,0x56,0x60,0xcf,0xea,0x57,0x65,0xff,0xe0,0x50,
    0x61,0xfd,0xe1,0x4f,0x62,0xff,0xdf,0x4c,0x62,0xff,0xdf,0x49,0x62,0xff,0xde,0x48,0x63,0xff,0xdd,0x44,0x62,0xff,0xdc,0x42,
    0x62,0xff,0xdc,0x3f,0x62,0xff,0xdb,0x3d,0x64,0xff,0xd8,0x33,0x5e,0xff,0xee,0xa7,0xba,0xff,0xff,0xff,0xff,0xff,0xfe,0xfd,
    0xfd,0xff,0xfd,0xfc,0xfc,0xff,0xfd,0xf6,0xf7,0xff,0xfc,0xf3,0xf2,0xff,0xf4,0xc2,0xca,0xff,0xd8,0x3a,0x68,0xff,0xda,0x44,
    0x71,0xff,0xf9,0xdf,0xe7,0xff,0xff,0xff,0xff,0xff,0xff,0xfe,0xfe,0xff,0xff,0xff,0xff,0xff,0xff,0xfd,0xfe,0xff,0xff,0xff,
    0xff,0xff,0xef,0xa8,0xb7,0xff,0xdb,0x3a,0x5c,0xff,0xdd,0x44,0x62,0xff,0xdd,0x44,0x61,0xff,0xdd,0x46,0x61,0xff,0xde,0x48,
    0x61,0xff,0xdf,0x49,0x61,0xff,0xdf,0x4a,0x61,0xff,0xdf,0x4b,0x61,0xff,0xe0,0x4d,0x61,0xff,0xe0,0x4e,0x61,0xff,0xe1,0x50,
    0x61,0xff,0xe0,0x50,0x60,0xfd,0xe9,0x55,0x64,0xfe,0xe2,0x52,0x61,0xd8,0xdf,0x55,0x5f,0x18,0xff,0x00,0x00,0x01,0x00,0x00,
    0x00,0x00,0x00,0x00,0x00,0x00,0xff,0x7f,0x7f,0x02,0x00,0x00,0x00,0x00,0xe3,0x58,0x61,0x54,0xe8,0x55,0x63,0xfb,0xe2,0x51,
    0x62,0xfd,0xe0,0x4e,0x62,0xfe,0xe0,0x4c,0x62,0xff,0xde,0x49,0x62,0xff,0xde,0x47,0x62,0xff,0xde,0x44,0x62,0xff,0xdc,0x42,
    0x62,0xff,0xdc,0x41,0x64,0xff,0xda,0x36,0x5d,0xff,0xe1,0x63,0x83,0xff,0xfe,0xf7,0xf8,0xff,0xff,0xff,0xff,0xff,0xfe,0xfd,
    0xfd,0xff,0xfe,0xfd,0xfd,0xff,0xfd,0xfa,0xfa,0xff,0xfd,0xf7,0xf6,0xff,0xe6,0x7f,0x9d,0xff,0xd5,0x2b,0x5e,0xff,0xd6,0x2a,
    0x5b,0xff,0xe7,0x85,0xa1,0xff,0xff,0xff,0xff,0xff,0xff,0xfe,0xfe,0xff,0xff,0xff,0xff,0xff,0xff,0xfe,0xfe,0xff,0xff,0xfe,
    0xfe,0xff,0xfd,0xf6,0xf7,0xff,0xe4,0x6c,0x84,0xff,0xdb,0x3c,0x5b,0xff,0xdd,0x47,0x62,0xff,0xde,0x46,0x61,0xff,0xde,0x49,
    0x61,0xff,0xdf,0x49,0x61,0xff,0xdf,0x4a,0x61,0xff,0xdf,0x4c,0x61,0xff,0xe0,0x4e,0x61,0xff,0xe0,0x50,0x61,0xff,0xe1,0x50,
    0x61,0xff,0xe1,0x51,0x61,0xff,0xe1,0x52,0x60,0xfd,0xed,0x58,0x65,0xff,0xe2,0x54,0x62,0x7c,0x00,0x00,0x00,0x00,0x00,0x00,
    0x00,0x00,0x00,0x00,0x00,0x00,0xff,0x00,0x00,0x01,0xff,0x00,0x00,0x01,0xbf,0x3f,0x3f,0x04,0xe2,0x54,0x60,0xb3,0xec,0x55,
    0x67,0xff,0xe0,0x4e,0x61,0xfd,0xdf,0x4c,0x62,0xff,0xdf,0x49,0x62,0xff,0xde,0x47,0x62,0xff,0xde,0x44,0x62,0xff,0xdd,0x42,
    0x62,0xff,0xdb,0x3e,0x62,0xff,0xdb,0x3c,0x62,0xff,0xf3,0xc0,0xcc,0xff,0xff,0xff,0xff,0xff,0xff,0xfd,0xfe,0xff,0xff,0xfe,
    0xfe,0xff,0xfe,0xfc,0xfc,0xff,0xff,0xff,0xff,0xff,0xf4,0xc9,0xd5,0xfe,0xd7,0x36,0x66,0xff,0xd7,0x31,0x61,0xff,0xd8,0x33,
    0x62,0xff,0xd9,0x3c,0x67,0xff,0xf5,0xcb,0xd6,0xff,0xff,0xff,0xff,0xff,0xff,0xfd,0xfe,0xff,0xff,0xff,0xff,0xff,0xff,0xfd,
    0xfd,0xff,0xff,0xff,0xff,0xff,0xf4,0xc3,0xcc,0xff,0xdd,0x44,0x61,0xff,0xde,0x46,0x61,0xff,0xde,0x48,0x61,0xff,0xdf,0x4a,
    0x61,0xff,0xdf,0x4b,0x61,0xff,0xe0,0x4b,0x61,0xff,0xe0,0x4d,0x61,0xff,0xe0,0x50,0x62,0xff,0xe1,0x51,0x62,0xff,0xe1,0x52,
    0x62,0xff,0xe2,0x54,0x62,0xff,0xe2,0x55,0x62,0xfd,0xe7,0x58,0x64,0xfe,0xe4,0x57,0x61,0xe9,0xdf,0x58,0x62,0x31,0x00,0x00,
    0x00,0x00,0x00,0x00,0x00,0x00,0x00,0x00,0x00,0x00,0xff,0x7f,0x7f,0x02,0x00,0x00,0x00,0x00,0xe1,0x53,0x62,0x34,0xe3,0x51,
    0x62,0xe8,0xe4,0x50,0x64,0xff,0xdf,0x4b,0x61,0xfd,0xde,0x4a,0x62,0xff,0xde,0x47,0x62,0xff,0xdd,0x44,0x62,0xff,0xdd,0x44,
    0x64,0xff,0xda,0x36,0x5b,0xff,0xe6,0x79,0x93,0xff,0xfe,0xfc,0xfd,0xff,0xff,0xfe,0xfe,0xff,0xff,0xff,0xff,0xff,0xff,0xfe,
    0xfe,0xff,0xff,0xfd,0xfe,0xff,0xfc,0xf7,0xf9,0xff,0xe0,0x67,0x8c,0xfb,0xd5,0x27,0x5b,0xff,0xd7,0x35,0x63,0xff,0xd8,0x37,
    0x63,0xff,0xd7,0x2e,0x5b,0xff,0xe3,0x6e,0x8c,0xff,0xfe,0xf9,0xfa,0xff,0xff,0xfe,0xfe,0xff,0xff,0xfe,0xfe,0xff,0xff,0xfe,
    0xff,0xff,0xff,0xfe,0xfe,0xff,0xfe,0xfd,0xfd,0xff,0xe9,0x85,0x96,0xff,0xdc,0x3f,0x59,0xff,0xdf,0x4b,0x63,0xff,0xdf,0x4a,
    0x61,0xff,0xdf,0x4b,0x61,0xff,0xe0,0x4d,0x61,0xff,0xe0,0x4e,0x61,0xff,0xe0,0x49,0x5b,0xff,0xe0,0x49,0x5a,0xff,0xe0,0x4b,
    0x5a,0xff,0xe1,0x4c,0x5a,0xff,0xe1,0x4d,0x5b,0xff,0xe0,0x4e,0x59,0xfe,0xe8,0x55,0x5f,0xff,0xe3,0x56,0x62,0xa9,0x00,0x00,
    0x00,0x00,0x00,0x00,0x00,0x00,0x00,0x00,0x00,0x00,0xff,0x00,0x00,0x01,0xff,0x00,0x00,0x01,0xbf,0x3f,0x3f,0x04,0xe3,0x51,
    0x62,0xc2,0xeb,0x52,0x67,0xff,0xdf,0x4b,0x62,0xfc,0xdf,0x4a,0x62,0xff,0xde,0x47,0x62,0xff,0xdd,0x45,0x63,0xff,0xdb,0x3f,
    0x60,0xff,0xdd,0x4a,0x6a,0xff,0xf8,0xd9,0xe1,0xff,0xff,0xff,0xff,0xff,0xff,0xfe,0xfe,0xff,0xff,0xff,0xff,0xff,0xff,0xfd,
    0xfe,0xff,0xff,0xff,0xff,0xff,0xf0,0xb3,0xc6,0xff,0xd5,0x2c,0x5f,0xff,0xd7,0x32,0x62,0xff,0xd7,0x34,0x62,0xff,0xd8,0x36,
    0x62,0xff,0xd8,0x38,0x62,0xff,0xd9,0x37,0x60,0xff,0xf1,0xb6,0xc4,0xff,0xff,0xff,0xff,0xff,0xff,0xfd,0xfd,0xff,0xff,0xff,
    0xff,0xff,0xff,0xfe,0xfe,0xff,0xff,0xff,0xff,0xff,0xf8,0xd9,0xde,0xff,0xe0,0x54,0x6b,0xff,0xdf,0x47,0x5f,0xff,0xdf,0x4c,
    0x62,0xff,0xe0,0x4c,0x61,0xff,0xe0,0x4d,0x60,0xff,0xe0,0x51,0x64,0xff,0xf0,0xa8,0xb1,0xff,0xf4,0xc3,0xc8,0xff,0xf4,0xbf,
    0xc4,0xff,0xf4,0xc0,0xc5,0xff,0xf4,0xc0,0xc4,0xff,0xf5,0xc7,0xca,0xfe,0xf1,0xa2,0xa7,0xfe,0xe3,0x55,0x5f,0xe8,0x00,0x00,
    0x00,0x00,0x00,0x00,0x00,0x00,0x00,0x00,0x00,0x00,0xff,0x7f,0x7f,0x02,0x00,0x00,0x00,0x00,0xe5,0x52,0x62,0x50,0xe6,0x52,
    0x64,0xf6,0xe1,0x4f,0x62,0xfe,0xde,0x4c,0x62,0xff,0xde,0x49,0x62,0xff,0xde,0x47,0x62,0xff,0xde,0x46,0x64,0xff,0xdb,0x3a,
    0x5b,0xff,0xeb,0x95,0xa8,0xff,0xff,0xff,0xff,0xff,0xff,0xfe,0xfe,0xff,0xff,0xff,0xff,0xff,0xff,0xfe,0xfe,0xff,0xff,0xfe,
    0xff,0xff,0xfc,0xed,0xf2,0xff,0xdd,0x51,0x7b,0xff,0xd5,0x2c,0x5e,0xff,0xd7,0x34,0x63,0xff,0xd8,0x35,0x62,0xff,0xd9,0x37,
    0x62,0xff,0xda,0x3a,0x63,0xff,0xd9,0x34,0x5e,0xff,0xe0,0x5e,0x7c,0xff,0xfc,0xef,0xf2,0xff,0xff,0xfe,0xfe,0xff,0xff,0xfe,
    0xfe,0xff,0xff,0xff,0xff,0xff,0xff,0xfe,0xfe,0xff,0xff,0xff,0xff,0xff,0xed,0x9c,0xaa,0xff,0xde,0x42,0x5a,0xff,0xdf,0x4d,
    0x63,0xff,0xe0,0x4f,0x63,0xff,0xdf,0x47,0x5b,0xff,0xea,0x8a,0x96,0xff,0xff,0xff,0xff,0xff,0xff,0xff,0xff,0xff,0xff,0xff,
    0xff,0xff,0xff,0xff,0xff,0xff,0xff,0xff,0xff,0xff,0xff,0xff,0xff,0xfe,0xf0,0x8f,0x95,0xff,0xe1,0x4c,0x57,0x92,0x00,0x00,
    0x00,0x00,0x00,0x00,0x00,0x00,0x7f,0x7f,0x7f,0x02,0xff,0x00,0x00,0x01,0xee,0x55,0x66,0x0f,0xe1,0x52,0x60,0xd0,0xeb,0x54,
    0x66,0xff,0xe0,0x4e,0x61,0xfd,0xdf,0x4c,0x62,0xff,0xde,0x49,0x62,0xff,0xde,0x49,0x63,0xff,0xdc,0x3f,0x5e,0xff,0xe1,0x5a,
    0x77,0xff,0xfb,0xec,0xef,0xff,0xff,0xff,0xff,0xff,0xff,0xfe,0xfe,0xff,0xff,0xff,0xff,0xff,0xff,0xfd,0xfe,0xff,0xff,0xff,
    0xff,0xfe,0xeb,0x9a,0xb4,0xfc,0xd5,0x28,0x5c,0xff,0xd7,0x34,0x64,0xff,0xd7,0x34,0x62,0xff,0xd8,0x36,0x62,0xff,0xd9,0x38,
    0x62,0xff,0xda,0x3a,0x62,0xff,0xda,0x3d,0x63,0xff,0xd9,0x36,0x5b,0xff,0xed,0x9e,0xaf,0xff,0xff,0xff,0xff,0xff,0xff,0xfd,
    0xfe,0xff,0xff,0xff,0xff,0xff,0xff,0xfe,0xfe,0xff,0xff,0xfe,0xff,0xff,0xfb,0xec,0xee,0xff,0xe4,0x67,0x7a,0xff,0xdf,0x48,
    0x5e,0xff,0xe0,0x4d,0x60,0xff,0xe2,0x59,0x6a,0xff,0xfa,0xe0,0xe3,0xff,0xff,0xfe,0xfe,0xff,0xff,0xfb,0xfc,0xff,0xff,0xfd,
    0xfd,0xff,0xff,0xfc,0xfc,0xff,0xff,0xff,0xff,0xfd,0xfc,0xc0,0xc5,0xff,0xe3,0x51,0x5c,0xd8,0xe2,0x55,0x5e,0x1b,0x00,0x00,
    0x00,0x00,0x00,0x00,0x00,0x00,0xff,0x7f,0x7f,0x02,0x00,0x00,0x00,0x00,0xe0,0x54,0x61,0x76,0xe8,0x56,0x64,0xff,0xe1,0x50,
    0x61,0xfd,0xe0,0x4e,0x62,0xfe,0xdf,0x4c,0x62,0xff,0xdf,0x4a,0x62,0xff,0xde,0x48,0x63,0xff,0xdc,0x3f,0x5d,0xff,0xf1,0xb2,
    0xbe,0xff,0xff,0xff,0xff,0xff,0xff,0xfd,0xfe,0xff,0xff,0xff,0xff,0xff,0xff,0xfe,0xfe,0xff,0xff,0xff,0xff,0xff,0xf7,0xdb,
    0xe3,0xfe,0xd8,0x3d,0x6c,0xfd,0xd6,0x2e,0x60,0xff,0xd7,0x35,0x63,0xff,0xd8,0x36,0x62,0xff,0xd9,0x37,0x62,0xff,0xd9,0x39,
    0x62,0xff,0xda,0x3b,0x62,0xff,0xda,0x3e,0x63,0xff,0xda,0x3b,0x5f,0xff,0xdf,0x52,0x6f,0xff,0xf9,0xde,0xe4,0xff,0xff,0xff,
    0xff,0xff,0xff,0xfe,0xfe,0xff,0xff,0xff,0xff,0xff,0xff,0xfd,0xfe,0xff,0xff,0xff,0xff,0xff,0xf2,0xb8,0xbf,0xff,0xdf,0x48,
    0x5d,0xff,0xdf,0x49,0x5c,0xff,0xef,0xa3,0xac,0xff,0xff,0xff,0xff,0xff,0xff,0xfe,0xfe,0xff,0xff,0xff,0xff,0xff,0xff,0xfe,
    0xfe,0xff,0xff,0xff,0xff,0xfe,0xfd,0xf2,0xf2,0xfd,0xee,0x75,0x7d,0xfd,0xe2,0x4e,0x56,0x61,0x00,0x00,0x00,0x00,0x00,0x00,
    0x00,0x00,0xff,0x7f,0x7f,0x02,0x00,0x00,0x00,0x00,0xde,0x52,0x62,0x1f,0xe2,0x55,0x61,0xe3,0xe7,0x55,0x64,0xff,0xe1,0x50,
    0x61,0xfd,0xe1,0x4f,0x62,0xff,0xdf,0x4c,0x62,0xff,0xdf,0x4b,0x63,0xff,0xdd,0x41,0x5d,0xff,0xe5,0x71,0x87,0xff,0xfe,0xfa,
    0xfb,0xff,0xff,0xfe,0xff,0xff,0xff,0xfe,0xfe,0xff,0xff,0xfe,0xff,0xff,0xff,0xfe,0xfe,0xff,0xff,0xfd,0xfd,0xff,0xe6,0x7d,
    0x9d,0xff,0xd4,0x27,0x5b,0xff,0xd7,0x35,0x64,0xff,0xd8,0x35,0x62,0xff,0xd8,0x36,0x62,0xff,0xd9,0x37,0x62,0xff,0xd9,0x3a,
    0x62,0xff,0xda,0x3c,0x62,0xff,0xdb,0x3e,0x62,0xff,0xdc,0x42,0x63,0xff,0xdb,0x38,0x59,0xff,0xe9,0x86,0x99,0xff,0xff,0xfe,
    0xff,0xff,0xff,0xfe,0xfe,0xff,0xff,0xfe,0xfe,0xff,0xff,0xfe,0xfe,0xff,0xff,0xfe,0xfe,0xff,0xfd,0xf7,0xf7,0xff,0xe7,0x74,
    0x84,0xff,0xe3,0x60,0x70,0xff,0xfc,0xee,0xf0,0xff,0xff,0xfe,0xfe,0xff,0xff,0xfd,0xfd,0xff,0xff,0xff,0xff,0xff,0xff,0xfd,
    0xfd,0xff,0xff,0xff,0xff,0xfd,0xfb,0xb0,0xb5,0xff,0xe3,0x4f,0x59,0xc1,0xe2,0x71,0x71,0x09,0x7f,0x00,0x00,0x02,0xff,0x00,
    0x00,0x01,0xff,0x7f,0x7f,0x02,0x7f,0x00,0x7f,0x02,0xe3,0x57,0x61,0x95,0xec,0x59,0x65,0xff,0xe1,0x52,0x61,0xfd,0xe1,0x51,
    0x62,0xff,0xe1,0x4f,0x62,0xff,0xdf,0x4d,0x62,0xff,0xdf,0x48,0x61,0xff,0xdf,0x4b,0x66,0xff,0xf6,0xcc,0xd4,0xff,0xff,0xff,
    0xff,0xff,0xff,0xfe,0xfe,0xff,0xff,0xff,0xff,0xff,0xff,0xfd,0xfd,0xff,0xff,0xff,0xff,0xff,0xf4,0xc9,0xd5,0xff,0xd8,0x36,
    0x65,0xff,0xd6,0x31,0x61,0xff,0xd8,0x34,0x62,0xff,0xd8,0x36,0x62,0xff,0xd8,0x37,0x62,0xff,0xd9,0x39,0x62,0xff,0xda,0x3b,
    0x62,0xff,0xda,0x3e,0x62,0xff,0xdb,0x3f,0x61,0xff,0xdc,0x41,0x62,0xff,0xdd,0x42,0x60,0xff,0xde,0x48,0x64,0xff,0xf5,0xcc,
    0xd3,0xff,0xff,0xff,0xff,0xff,0xfe,0xfc,0xfc,0xff,0xff,0xfe,0xfe,0xff,0xff,0xfc,0xfc,0xff,0xff,0xff,0xff,0xff,0xf6,0xca,
    0xd0,0xff,0xf4,0xbf,0xc5,0xff,0xff,0xff,0xff,0xff,0xff,0xfd,0xfd,0xff,0xfe,0xfe,0xfe,0xff,0xfe,0xfd,0xfd,0xff,0xff,0xff,
    0xff,0xfe,0xfb,0xe1,0xe3,0xfe,0xe6,0x63,0x6b,0xf8,0xe1,0x52,0x56,0x44,0x00,0x00,0x00,0x00,0xff,0x7f,0x7f,0x02,0xff,0x7f,
    0x7f,0x02,0x00,0x00,0x00,0x00,0xe4,0x57,0x60,0x3a,0xe4,0x57,0x60,0xf8,0xe4,0x56,0x62,0xfe,0xe1,0x53,0x61,0xfe,0xe1,0x51,
    0x61,0xff,0xe1,0x4f,0x62,0xff,0xe0,0x4e,0x64,0xff,0xdd,0x41,0x5b,0xff,0xe9,0x86,0x98,0xff,0xff,0xff,0xff,0xff,0xff,0xfe,
    0xfe,0xff,0xff,0xff,0xff,0xff,0xff,0xfe,0xfe,0xff,0xff,0xfe,0xfe,0xff,0xfd,0xf6,0xf7,0xff,0xe2,0x69,0x8a,0xff,0xd6,0x2b,
    0x5c,0xff,0xd7,0x34,0x63,0xff,0xd8,0x35,0x62,0xff,0xd8,0x37,0x62,0xff,0xd9,0x38,0x62,0xff,0xd9,0x3a,0x62,0xff,0xdb,0x3d,
    0x62,0xff,0xdb,0x3e,0x61,0xff,0xdb,0x3f,0x61,0xff,0xdc,0x42,0x61,0xff,0xdd,0x46,0x63,0xff,0xdc,0x3e,0x5a,0xff,0xe6,0x72,
    0x85,0xff,0xfd,0xf8,0xf9,0xff,0xfe,0xfe,0xfe,0xff,0xfe,0xfc,0xfc,0xff,0xfe,0xfd,0xfd,0xff,0xfe,0xfd,0xfd,0xff,0xfe,0xfd,
    0xfd,0xff,0xfe,0xff,0xff,0xff,0xfe,0xfd,0xfd,0xff,0xfe,0xfd,0xfd,0xff,0xfe,0xfd,0xfd,0xff,0xfe,0xfd,0xfd,0xff,0xfd,0xfd,
    0xfd,0xfd,0xf9,0x9a,0x9f,0xff,0xe1,0x4e,0x58,0xa2,0xff,0xff,0xff,0x02,0xff,0x7f,0x7f,0x02,0xff,0x00,0x00,0x01,0xff,0x00,
    0x00,0x01,0xe7,0x5c,0x5c,0x0b,0xe4,0x58,0x61,0xb5,0xeb,0x5b,0x64,0xff,0xe2,0x55,0x60,0xfd,0xe2,0x54,0x61,0xff,0xe1,0x51,
    0x62,0xff,0xe1,0x50,0x64,0xff,0xdf,0x48,0x5f,0xff,0xe2,0x5b,0x71,0xff,0xfa,0xe1,0xe5,0xff,0xff,0xff,0xff,0xff,0xff,0xfe,
    0xfe,0xff,0xff,0xff,0xff,0xff,0xff,0xfd,0xfd,0xff,0xff,0xff,0xff,0xff,0xf0,0xae,0xc1,0xff,0xd7,0x2e,0x5c,0xff,0xd8,0x35,
    0x63,0xff,0xd7,0x34,0x62,0xff,0xd8,0x36,0x62,0xff,0xd9,0x38,0x62,0xff,0xd9,0x3a,0x62,0xff,0xda,0x3b,0x62,0xff,0xdb,0x3d,
    0x61,0xff,0xdb,0x3f,0x61,0xff,0xdc,0x41,0x61,0xff,0xdc,0x43,0x61,0xff,0xdd,0x46,0x61,0xff,0xde,0x48,0x61,0xff,0xde,0x44,
    0x5d,0xff,0xf1,0xb0,0xba,0xff,0xfe,0xff,0xff,0xff,0xfd,0xf8,0xf8,0xff,0xfd,0xfa,0xfa,0xff,0xfd,0xfa,0xfa,0xff,0xfd,0xfa,
    0xfa,0xff,0xfd,0xf9,0xf9,0xff,0xfd,0xfa,0xfa,0xff,0xfd,0xfa,0xfa,0xff,0xfd,0xf8,0xf8,0xff,0xff,0xff,0xff,0xfd,0xfa,0xd0,
    0xd2,0xfe,0xe5,0x5b,0x64,0xe9,0xe3,0x59,0x60,0x25,0x00,0x00,0x00,0x00,0xff,0x7f,0x7f,0x02,0x00,0x00,0x00,0x00,0x00,0x00,
    0x00,0x00,0xe4,0x5a,0x60,0x57,0xea,0x5c,0x64,0xff,0xe3,0x57,0x61,0xfd,0xe2,0x55,0x61,0xfe,0xe2,0x54,0x61,0xff,0xe1,0x51,
    0x62,0xff,0xe1,0x50,0x64,0xff,0xde,0x45,0x5c,0xff,0xef,0xa3,0xaf,0xff,0xff,0xff,0xff,0xff,0xff,0xfe,0xfe,0xff,0xff,0xff,
    0xff,0xff,0xff,0xfe,0xfe,0xff,0xff,0xfe,0xfe,0xff,0xfb,0xe8,0xed,0xff,0xdf,0x57,0x7b,0xff,0xd7,0x31,0x5e,0xff,0xd8,0x36,
    0x63,0xff,0xd8,0x35,0x62,0xff,0xd8,0x36,0x62,0xff,0xd9,0x39,0x62,0xff,0xd9,0x3b,0x62,0xff,0xda,0x3c,0x62,0xff,0xdb,0x3f,
    0x61,0xff,0xdb,0x41,0x61,0xff,0xdc,0x42,0x61,0xff,0xdd,0x44,0x61,0xff,0xde,0x46,0x61,0xff,0xde,0x49,0x62,0xff,0xdd,0x45,
    0x5d,0xff,0xe3,0x60,0x74,0xff,0xf9,0xe1,0xe3,0xff,0xfc,0xf4,0xf3,0xff,0xfc,0xef,0xef,0xff,0xfc,0xf0,0xf0,0xff,0xfc,0xf0,
    0xf0,0xff,0xfc,0xf0,0xf0,0xff,0xfc,0xf0,0xf0,0xff,0xfc,0xf0,0xf0,0xff,0xfc,0xf2,0xf2,0xff,0xfb,0xeb,0xeb,0xfd,0xf0,0x82,
    0x89,0xff,0xe4,0x50,0x58,0x7c,0x00,0x00,0x00,0x00,0xff,0xff,0xff,0x01,0x00,0x00,0x00,0x00,0x00,0x00,0x00,0x00,0xdd,0x58,
    0x63,0x17,0xe3,0x5a,0x61,0xce,0xec,0x5c,0x64,0xff,0xe2,0x57,0x60,0xfd,0xe3,0x56,0x61,0xff,0xe2,0x53,0x61,0xff,0xe1,0x53,
    0x63,0xff,0xdf,0x49,0x5d,0xff,0xe5,0x6c,0x7d,0xff,0xfc,0xee,0xf0,0xff,0xff,0xfe,0xfe,0xff,0xff,0xfe,0xfe,0xff,0xff,0xff,
    0xff,0xff,0xff,0xfd,0xfe,0xff,0xff,0xff,0xff,0xff,0xeb,0x98,0xad,0xff,0xd8,0x31,0x5b,0xff,0xda,0x3c,0x66,0xff,0xd8,0x38,
    0x64,0xff,0xd8,0x38,0x64,0xff,0xd9,0x3b,0x64,0xff,0xda,0x3d,0x64,0xff,0xdb,0x3e,0x64,0xff,0xdb,0x3f,0x64,0xff,0xdb,0x43,
    0x64,0xff,0xdd,0x44,0x63,0xff,0xdd,0x45,0x63,0xff,0xdd,0x47,0x63,0xff,0xde,0x4a,0x63,0xff,0xdf,0x4b,0x63,0xff,0xe0,0x4d,
    0x64,0xff,0xdf,0x48,0x5f,0xff,0xec,0x8f,0x9a,0xff,0xf9,0xde,0xde,0xff,0xf9,0xd9,0xda,0xff,0xf8,0xda,0xdb,0xff,0xf8,0xda,
    0xdb,0xff,0xf8,0xda,0xdb,0xff,0xf8,0xda,0xdb,0xff,0xf9,0xd8,0xda,0xff,0xf9,0xdf,0xdf,0xfd,0xf9,0xaa,0xae,0xff,0xe3,0x56,
    0x5e,0xd5,0xe1,0x69,0x78,0x11,0xff,0x00,0x00,0x01,0x7f,0x7f,0x7f,0x02,0x00,0x00,0x00,0x00,0x00,0x00,0x00,0x00,0xe4,0x5a,
    0x61,0x88,0xea,0x5d,0x64,0xff,0xe3,0x59,0x61,0xfe,0xe4,0x57,0x61,0xff,0xe3,0x56,0x61,0xff,0xe2,0x53,0x61,0xff,0xe2,0x52,
    0x63,0xff,0xe0,0x4a,0x5e,0xff,0xf3,0xbc,0xc3,0xff,0xff,0xff,0xff,0xff,0xff,0xfd,0xfd,0xff,0xff,0xff,0xff,0xff,0xff,0xfe,
    0xfe,0xff,0xff,0xff,0xff,0xff,0xf7,0xd6,0xde,0xff,0xdb,0x42,0x68,0xff,0xd7,0x2e,0x59,0xff,0xd7,0x2f,0x5b,0xff,0xd6,0x2b,
    0x59,0xff,0xd6,0x2b,0x59,0xff,0xd7,0x2e,0x59,0xff,0xd8,0x30,0x59,0xff,0xd8,0x31,0x59,0xff,0xd9,0x33,0x58,0xff,0xd9,0x36,
    0x58,0xff,0xdb,0x38,0x58,0xff,0xdb,0x39,0x58,0xff,0xdc,0x3c,0x58,0xff,0xdd,0x3e,0x58,0xff,0xdd,0x3f,0x58,0xff,0xdd,0x41,
    0x58,0xff,0xdd,0x41,0x57,0xff,0xdf,0x4a,0x5d,0xff,0xee,0x99,0xa0,0xff,0xf2,0xb1,0xb4,0xff,0xf1,0xad,0xb0,0xff,0xf1,0xae,
    0xb1,0xff,0xf1,0xae,0xb1,0xff,0xf1,0xae,0xb1,0xff,0xf1,0xb0,0xb3,0xff,0xf1,0xa8,0xab,0xfe,0xec,0x6c,0x75,0xf5,0xe3,0x57,
    0x5f,0x5d,0x00,0x00,0x00,0x00,0xff,0xff,0xff,0x01,0x00,0x00,0x00,0x00,0x00,0x00,0x00,0x00,0x00,0x00,0x00,0x00,0xe5,0x5b,
    0x61,0xef,0xe5,0x5b,0x61,0xfe,0xe3,0x59,0x61,0xfe,0xe3,0x58,0x61,0xff,0xe3,0x55,0x61,0xff,0xe2,0x55,0x63,0xff,0xdf,0x49,
    0x5b,0xff,0xea,0x81,0x8e,0xff,0xfe,0xfa,0xfb,0xff,0xff,0xfe,0xfe,0xff,0xff,0xff,0xff,0xff,0xff,0xfe,0xfe,0xff,0xff,0xfe,
    0xfe,0xff,0xfe,0xfa,0xfb,0xff,0xe9,0x86,0x9d,0xff,0xe0,0x58,0x75,0xff,0xe2,0x6a,0x87,0xff,0xe3,0x6e,0x8b,0xff,0xe4,0x71,
    0x8e,0xff,0xe4,0x72,0x8f,0xff,0xe5,0x73,0x90,0xff,0xe5,0x75,0x90,0xff,0xe5,0x76,0x8f,0xff,0xe6,0x77,0x90,0xff,0xe6,0x79,
    0x8f,0xff,0xe6,0x7a,0x8f,0xff,0xe7,0x7c,0x8f,0xff,0xe8,0x7d,0x8f,0xff,0xe8,0x7e,0x8f,0xff,0xe8,0x80,0x8f,0xff,0xe8,0x81,
    0x8f,0xff,0xe9,0x82,0x90,0xff,0xe9,0x82,0x8f,0xff,0xeb,0x8d,0x97,0xff,0xed,0x96,0x9e,0xff,0xed,0x96,0x9e,0xff,0xee,0x97,
    0x9e,0xff,0xee,0x97,0x9e,0xff,0xee,0x98,0x9e,0xff,0xee,0x9c,0xa2,0xfc,0xf4,0x81,0x88,0xff,0xe6,0x59,0x62,0xc2,0xbf,0x7f,
    0x7f,0x04,0xff,0x00,0x00,0x01,0xff,0x00,0x00,0x01,0x00,0x00,0x00,0x00,0x00,0x00,0x00,0x00,0x00,0x00,0x00,0x00,0xe3,0x5a,
    0x60,0xb9,0xe8,0x5c,0x63,0xff,0xe3,0x59,0x61,0xfe,0xe3,0x58,0x61,0xff,0xe3,0x56,0x61,0xff,0xe2,0x52,0x61,0xff,0xe2,0x56,
    0x66,0xff,0xf8,0xd3,0xd7,0xff,0xff,0xff,0xff,0xff,0xff,0xfe,0xfe,0xff,0xff,0xff,0xff,0xff,0xff,0xfd,0xfe,0xff,0xff,0xff,
    0xff,0xff,0xf3,0xbf,0xcb,0xff,0xe9,0x84,0x94,0xff,0xf7,0xcb,0xca,0xff,0xfb,0xe3,0xe3,0xff,0xfe,0xf8,0xf7,0xff,0xff,0xff,
    0xff,0xff,0xff,0xff,0xff,0xff,0xff,0xff,0xff,0xff,0xff,0xff,0xff,0xff,0xff,0xff,0xff,0xff,0xff,0xff,0xff,0xff,0xff,0xff,
    0xff,0xff,0xff,0xff,0xff,0xff,0xff,0xff,0xff,0xff,0xff,0xff,0xff,0xff,0xff,0xff,0xff,0xff,0xff,0xff,0xff,0xff,0xff,0xff,
    0xff,0xff,0xff,0xff,0xff,0xff,0xff,0xff,0xff,0xff,0xff,0xff,0xff,0xff,0xff,0xff,0xff,0xff,0xff,0xff,0xff,0xff,0xff,0xff,
    0xff,0xff,0xff,0xff,0xff,0xff,0xff,0xff,0xfe,0xff,0xff,0xff,0xff,0xfd,0xfd,0xd9,0xdb,0xff,0xe9,0x67,0x6f,0xe8,0xe5,0x5b,
    0x60,0x32,0x00,0x00,0x00,0x00,0xff,0x7f,0x7f,0x02,0x00,0x00,0x00,0x00,0x00,0x00,0x00,0x00,0x00,0x00,0x00,0x00,0xe4,0x58,
    0x62,0x31,0xe6,0x5c,0x61,0xeb,0xe8,0x5b,0x63,0xfe,0xe4,0x57,0x60,0xfd,0xe3,0x58,0x63,0xff,0xe1,0x4a,0x59,0xff,0xed,0x95,
    0x9f,0xff,0xff,0xff,0xff,0xff,0xff,0xfe,0xfe,0xff,0xff,0xff,0xff,0xff,0xff,0xfe,0xfe,0xff,0xff,0xff,0xff,0xff,0xfd,0xf4,
    0xf6,0xff,0xe9,0x86,0x98,0xff,0xf1,0xad,0xb2,0xff,0xf8,0xd4,0xd6,0xff,0xfb,0xea,0xea,0xff,0xfd,0xf5,0xf6,0xff,0xfd,0xfb,
    0xfb,0xff,0xfe,0xfd,0xfd,0xff,0xfe,0xfd,0xfd,0xff,0xff,0xfe,0xfe,0xff,0xff,0xfe,0xfe,0xff,0xff,0xfe,0xfe,0xff,0xff,0xfe,
    0xfe,0xff,0xff,0xfe,0xfe,0xff,0xff,0xfe,0xfe,0xff,0xff,0xfe,0xfe,0xff,0xff,0xfe,0xfe,0xff,0xff,0xfe,0xfe,0xff,0xff,0xfe,
    0xfe,0xff,0xff,0xfe,0xfe,0xff,0xff,0xfe,0xfe,0xff,0xff,0xff,0xff,0xff,0xff,0xff,0xff,0xff,0xff,0xff,0xff,0xff,0xff,0xff,
    0xff,0xff,0xff,0xff,0xff,0xff,0xff,0xff,0xff,0xff,0xff,0xfe,0xfe,0xff,0xff,0xff,0xff,0xfd,0xfc,0xa9,0xae,0xff,0xe4,0x5b,
    0x63,0xaf,0xff,0xaa,0xaa,0x03,0xff,0x00,0xff,0x01,0xff,0x00,0x00,0x01,0x00,0x00,0x00,0x00,0x00,0x00,0x00,0x00,0x00,0x00,
    0x00,0x00,0xe3,0x5b,0x61,0x8b,0xee,0x5d,0x65,0xff,0xe2,0x58,0x61,0xfd,0xe2,0x51,0x5d,0xff,0xe5,0x63,0x70,0xff,0xfa,0xe5,
    0xe7,0xff,0xff,0xfe,0xfe,0xff,0xff,0xfd,0xfd,0xff,0xff,0xff,0xff,0xff,0xff,0xfd,0xfd,0xff,0xff,0xff,0xff,0xff,0xef,0xa9,
    0xb7,0xff,0xeb,0x8b,0x97,0xff,0xf7,0xcc,0xcc,0xff,0xf9,0xe2,0xe2,0xff,0xfd,0xf3,0xf4,0xff,0xfe,0xfa,0xfa,0xff,0xfe,0xfc,
    0xfc,0xff,0xfe,0xfd,0xfe,0xff,0xff,0xfe,0xfe,0xff,0xff,0xfe,0xff,0xff,0xff,0xfe,0xff,0xff,0xff,0xfe,0xff,0xff,0xff,0xfe,
    0xff,0xff,0xff,0xfe,0xff,0xff,0xff,0xfe,0xff,0xff,0xff,0xfe,0xff,0xff,0xff,0xfe,0xff,0xff,0xff,0xfe,0xff,0xff,0xff,0xfe,
    0xff,0xff,0xff,0xfe,0xff,0xff,0xff,0xff,0xff,0xff,0xff,0xfe,0xff,0xff,0xff,0xfe,0xff,0xff,0xff,0xff,0xff,0xff,0xff,0xff,
    0xff,0xff,0xff,0xff,0xff,0xff,0xff,0xff,0xff,0xff,0xff,0xfe,0xfe,0xff,0xff,0xff,0xff,0xfe,0xfc,0xea,0xeb,0xfe,0xee,0x7a,
    0x7f,0xfa,0xe8,0x62,0x68,0x4e,0x00,0x00,0x00,0x00,0xff,0x7f,0x7f,0x02,0x00,0x00,0x00,0x00,0x00,0x00,0x00,0x00,0xff,0x00,
    0x00,0x01,0xe1,0x58,0x62,0x1a,0xe5,0x5a,0x61,0xd9,0xea,0x5b,0x65,0xff,0xe0,0x4e,0x59,0xfd,0xf1,0xaf,0xb5,0xff,0xff,0xff,
    0xff,0xff,0xff,0xfd,0xfd,0xff,0xff,0xfe,0xfe,0xff,0xfe,0xfc,0xfd,0xff,0xff,0xfe,0xfe,0xff,0xf9,0xe2,0xe8,0xff,0xe9,0x83,
    0x93,0xff,0xf4,0xba,0xbb,0xff,0xf8,0xd7,0xd9,0xff,0xfb,0xee,0xee,0xff,0xfd,0xf8,0xf8,0xff,0xfe,0xfc,0xfc,0xff,0xfe,0xfc,
    0xfd,0xff,0xff,0xfd,0xfd,0xff,0xff,0xfe,0xfe,0xff,0xff,0xfe,0xfe,0xff,0xff,0xfe,0xfe,0xff,0xff,0xfe,0xfe,0xff,0xff,0xfe,
    0xfe,0xff,0xff,0xfe,0xfe,0xff,0xff,0xfe,0xfe,0xff,0xff,0xfe,0xfe,0xff,0xff,0xfe,0xfe,0xff,0xff,0xfe,0xfe,0xff,0xff,0xfe,
    0xfe,0xff,0xff,0xfe,0xfe,0xff,0xff,0xfe,0xfe,0xff,0xff,0xfe,0xfe,0xff,0xff,0xfe,0xfe,0xff,0xff,0xfe,0xfe,0xff,0xff,0xfe,
    0xfe,0xff,0xff,0xfe,0xfe,0xff,0xff,0xfe,0xfe,0xff,0xff,0xfe,0xfe,0xff,0xff,0xfd,0xfd,0xff,0xff,0xff,0xff,0xfd,0xfd,0xc1,
    0xc4,0xff,0xe7,0x67,0x6e,0xce,0xee,0x77,0x88,0x0f,0x00,0x00,0x00,0x00,0xff,0x00,0x00,0x01,0x00,0x00,0x00,0x00,0xff,0x7f,
    0x7f,0x02,0x00,0x00,0x00,0x00,0xe6,0x5d,0x64,0x68,0xe9,0x54,0x5e,0xff,0xe9,0x7c,0x85,0xfc,0xfc,0xfa,0xfa,0xfd,0xff,0xff,
    0xff,0xfd,0xff,0xff,0xff,0xfd,0xff,0xff,0xff,0xfd,0xff,0xff,0xff,0xfd,0xff,0xff,0xff,0xfd,0xed,0x9c,0xab,0xff,0xee,0x99,
    0xa2,0xff,0xf8,0xd0,0xd1,0xff,0xfb,0xe4,0xe6,0xff,0xfd,0xf5,0xf5,0xff,0xfd,0xfb,0xfb,0xff,0xfe,0xfd,0xfd,0xff,0xff,0xff,
    0xff,0xff,0xff,0xff,0xff,0xff,0xff,0xff,0xff,0xff,0xff,0xff,0xff,0xff,0xff,0xff,0xff,0xff,0xff,0xff,0xff,0xff,0xff,0xff,
    0xff,0xff,0xff,0xff,0xff,0xff,0xff,0xff,0xff,0xff,0xff,0xff,0xff,0xff,0xff,0xff,0xff,0xff,0xff,0xff,0xff,0xff,0xff,0xff,
    0xff,0xff,0xff,0xff,0xff,0xff,0xff,0xff,0xff,0xff,0xff,0xff,0xff,0xff,0xff,0xff,0xff,0xff,0xff,0xff,0xff,0xff,0xff,0xff,
    0xff,0xff,0xff,0xff,0xff,0xff,0xff,0xff,0xff,0xff,0xff,0xff,0xff,0xff,0xff,0xff,0xff,0xff,0xff,0xff,0xff,0xff,0xff,0xfb,
    0xfc,0xfd,0xf7,0x98,0x9c,0xff,0xea,0x6e,0x72,0x6f,0x00,0x00,0x00,0x00,0xff,0x7f,0x7f,0x02,0x00,0x00,0x00,0x00,0xff,0xff,
    0xff,0x01,0xff,0x00,0x00,0x01,0xe5,0x7f,0x7f,0x0a,0xe0,0x51,0x5c,0xbf,0xf6,0x7b,0x85,0xff,0xf3,0x9b,0xa4,0xff,0xf3,0x94,
    0xa0,0xff,0xf3,0x94,0xa1,0xff,0xf2,0x92,0xa0,0xff,0xf2,0x93,0xa3,0xff,0xee,0x86,0x98,0xff,0xe9,0x87,0x94,0xfe,0xf5,0xc1,
    0xc2,0xff,0xf9,0xdb,0xdc,0xff,0xfc,0xf0,0xf0,0xff,0xfd,0xf7,0xf7,0xff,0xff,0xff,0xff,0xff,0xf7,0xd7,0xde,0xff,0xe8,0x85,
    0x9a,0xff,0xe9,0x89,0x9e,0xff,0xe9,0x8a,0x9d,0xff,0xea,0x8c,0x9d,0xff,0xeb,0x8d,0x9d,0xff,0xeb,0x8e,0x9d,0xff,0xeb,0x8f,
    0x9e,0xff,0xec,0x91,0x9e,0xff,0xec,0x92,0x9e,0xff,0xec,0x93,0x9f,0xff,0xec,0x94,0x9f,0xff,0xed,0x96,0x9f,0xff,0xee,0x97,
    0xa0,0xff,0xee,0x99,0xa1,0xff,0xee,0x9a,0xa1,0xff,0xef,0x9b,0xa2,0xff,0xf0,0x9d,0xa3,0xff,0xf0,0x9f,0xa4,0xff,0xf0,0xa0,
    0xa5,0xff,0xf0,0xa2,0xa6,0xff,0xf1,0xa4,0xa7,0xff,0xf1,0xa5,0xa9,0xff,0xf1,0xa8,0xaa,0xff,0xf2,0xa9,0xac,0xff,0xf2,0xb0,
    0xb2,0xfc,0xfd,0x9d,0xa0,0xff,0xec,0x7a,0x7f,0xa4,0x00,0x00,0x00,0x00,0xff,0x7f,0x7f,0x02,0x00,0x00,0x00,0x00,0x00,0x00,
    0x00,0x00,0x00,0x00,0x00,0x00,0x00,0x00,0x00,0x00,0xe2,0x5c,0x6a,0x24,0xdf,0x4c,0x57,0x72,0xdd,0x3c,0x49,0x72,0xdd,0x3a,
    0x4c,0x72,0xdd,0x37,0x4e,0x72,0xdb,0x35,0x4d,0x73,0xd9,0x33,0x4f,0x6d,0xda,0x34,0x52,0xbd,0xec,0x77,0x88,0xff,0xf6,0xd1,
    0xd1,0xfe,0xfb,0xe8,0xe8,0xff,0xfd,0xf5,0xf5,0xff,0xfd,0xfa,0xfa,0xff,0xff,0xff,0xfe,0xff,0xfb,0xec,0xee,0xff,0xe1,0x5c,
    0x78,0xff,0xd9,0x30,0x53,0xff,0xdc,0x3b,0x5a,0xff,0xdc,0x3c,0x58,0xff,0xdc,0x3e,0x59,0xff,0xdd,0x41,0x59,0xff,0xdf,0x42,
    0x5a,0xff,0xdf,0x45,0x5a,0xff,0xdf,0x47,0x5a,0xff,0xe0,0x49,0x5c,0xff,0xe1,0x4c,0x5d,0xff,0xe2,0x4e,0x5d,0xff,0xe2,0x51,
    0x5e,0xff,0xe2,0x53,0x60,0xff,0xe4,0x56,0x61,0xff,0xe4,0x59,0x63,0xff,0xe5,0x5c,0x64,0xff,0xe6,0x5e,0x67,0xff,0xe6,0x61,
    0x68,0xff,0xe7,0x64,0x6a,0xff,0xe8,0x67,0x6d,0xff,0xe9,0x6a,0x70,0xff,0xea,0x6f,0x73,0xff,0xea,0x72,0x77,0xfe,0xec,0x77,
    0x7b,0xfe,0xf0,0x81,0x85,0xf8,0xf1,0x88,0x8b,0x49,0x00,0x00,0x00,0x00,0xff,0x7f,0x7f,0x02,0x00,0x00,0x00,0x00,0x00,0x00,
    0x00,0x00,0x00,0x00,0x00,0x00,0xff,0x00,0x00,0x01,0x00,0x00,0x00,0x00,0x00,0x00,0x00,0x00,0x00,0x00,0x00,0x00,0x00,0x00,
    0x00,0x00,0x00,0x00,0x00,0x00,0x00,0x00,0x00,0x00,0x00,0x00,0x00,0x00,0xdd,0x4f,0x6b,0x2d,0xde,0x4a,0x64,0xf1,0xf6,0xbf,
    0xc6,0xfe,0xfd,0xf9,0xf7,0xfd,0xfd,0xf8,0xf8,0xff,0xfe,0xfd,0xfe,0xff,0xfe,0xfc,0xfd,0xff,0xff,0xff,0xff,0xff,0xf5,0xca,
    0xd2,0xff,0xde,0x47,0x64,0xff,0xde,0x49,0x64,0xff,0xdf,0x4d,0x65,0xff,0xdf,0x4f,0x65,0xff,0xe0,0x50,0x66,0xff,0xe2,0x52,
    0x66,0xff,0xe1,0x54,0x67,0xff,0xe2,0x57,0x68,0xff,0xe3,0x59,0x69,0xff,0xe4,0x5b,0x6a,0xff,0xe4,0x5e,0x6b,0xff,0xe5,0x61,
    0x6c,0xff,0xe6,0x63,0x6d,0xff,0xe6,0x66,0x6f,0xff,0xe7,0x68,0x70,0xff,0xe8,0x6b,0x72,0xff,0xe8,0x6e,0x75,0xff,0xe9,0x70,
    0x76,0xff,0xea,0x74,0x7a,0xff,0xeb,0x78,0x7d,0xff,0xec,0x7c,0x80,0xff,0xec,0x80,0x84,0xff,0xec,0x84,0x88,0xfd,0xf9,0x8f,
    0x93,0xff,0xef,0x8c,0x8e,0xa3,0xff,0x7f,0x7f,0x02,0xff,0xff,0xff,0x01,0x00,0x00,0x00,0x01,0x00,0x00,0x00,0x00,0x00,0x00,
    0x00,0x00,0x00,0x00,0x00,0x00,0x00,0x00,0x00,0x00,0xff,0x00,0x00,0x01,0xaa,0x55,0x55,0x03,0xaa,0x55,0x55,0x03,0xaa,0x55,
    0x55,0x03,0xaa,0x55,0x55,0x03,0xff,0x55,0x55,0x03,0xff,0x3f,0x7f,0x04,0x00,0x01,0x01,0x00,0xdb,0x3b,0x57,0x89,0xf0,0x7b,
    0x8f,0xff,0xfb,0xf3,0xf4,0xfd,0xfe,0xfc,0xfc,0xff,0xfe,0xfd,0xfd,0xff,0xfe,0xfd,0xfd,0xff,0xff,0xfd,0xfe,0xff,0xfe,0xfc,
    0xfd,0xff,0xe9,0x84,0x97,0xff,0xdd,0x40,0x5c,0xff,0xe0,0x4e,0x65,0xff,0xe0,0x4e,0x64,0xff,0xe1,0x50,0x64,0xff,0xe1,0x53,
    0x65,0xff,0xe2,0x54,0x66,0xff,0xe3,0x57,0x67,0xff,0xe3,0x5a,0x68,0xff,0xe4,0x5c,0x69,0xff,0xe4,0x5f,0x6b,0xff,0xe6,0x61,
    0x6d,0xff,0xe6,0x64,0x6e,0xff,0xe7,0x67,0x71,0xff,0xe8,0x6b,0x72,0xff,0xe8,0x6d,0x73,0xff,0xe9,0x71,0x76,0xff,0xea,0x74,
    0x79,0xff,0xeb,0x79,0x7d,0xff,0xec,0x7c,0x81,0xff,0xed,0x81,0x85,0xff,0xee,0x86,0x8a,0xfd,0xf2,0x8c,0x90,0xfe,0xf2,0x8f,
    0x92,0xec,0xf3,0x90,0x90,0x2e,0x00,0x00,0x00,0x00,0xff,0x7f,0x7f,0x02,0x00,0x00,0x00,0x00,0x00,0x00,0x00,0x00,0x00,0x00,
    0x00,0x00,0x00,0x00,0x00,0x00,0x00,0x00,0x00,0x00,0x00,0x00,0x00,0x00,0x00,0x00,0x00,0x00,0x00,0x00,0x00,0x00,0x00,0x00,
    0x00,0x00,0x00,0x00,0x00,0x00,0x00,0x00,0x00,0x00,0x7f,0x00,0x7f,0x02,0xff,0x00,0x00,0x01,0xdf,0x4a,0x5f,0x18,0xde,0x43,
    0x5e,0xdb,0xf8,0xbb,0xc7,0xff,0xff,0xff,0xff,0xfd,0xfe,0xfc,0xfd,0xff,0xff,0xfe,0xfe,0xff,0xff,0xfe,0xfe,0xff,0xff,0xff,
    0xff,0xff,0xf9,0xdc,0xe1,0xff,0xe1,0x55,0x6b,0xff,0xdf,0x4c,0x62,0xff,0xe1,0x52,0x65,0xff,0xe1,0x53,0x66,0xff,0xe2,0x56,
    0x67,0xff,0xe3,0x58,0x68,0xff,0xe3,0x5b,0x69,0xff,0xe4,0x5d,0x69,0xff,0xe4,0x60,0x6b,0xfe,0xe5,0x63,0x6e,0xfe,0xe6,0x65,
    0x6f,0xfe,0xe6,0x69,0x71,0xfe,0xe8,0x6c,0x73,0xfe,0xe8,0x6f,0x75,0xfe,0xe8,0x72,0x78,0xfe,0xea,0x76,0x7c,0xfe,0xeb,0x7b,
    0x7f,0xfe,0xec,0x7f,0x83,0xfe,0xec,0x83,0x87,0xfe,0xee,0x88,0x8b,0xfe,0xee,0x8c,0x90,0xfc,0xfb,0x99,0x9c,0xff,0xf0,0x94,
    0x98,0x7f,0x00,0x00,0x00,0x00,0xff,0x7f,0x7f,0x02,0x00,0x00,0x00,0x00,0x00,0x00,0x00,0x00,0x00,0x00,0x00,0x00,0x00,0x00,
    0x00,0x00,0x00,0x00,0x00,0x00,0x00,0x00,0x00,0x00,0x00,0x00,0x00,0x00,0x00,0x00,0x00,0x00,0x00,0x00,0x00,0x00,0x00,0x00,
    0x00,0x00,0x00,0x00,0x00,0x00,0x00,0x00,0x00,0x00,0x00,0x00,0x00,0x00,0xff,0x7f,0x7f,0x02,0x00,0x00,0x00,0x00,0xdc,0x39,
    0x55,0x66,0xe9,0x69,0x7f,0xfe,0xfb,0xf0,0xf2,0xfd,0xff,0xff,0xff,0xfe,0xff,0xfe,0xfe,0xff,0xff,0xff,0xff,0xff,0xff,0xfe,
    0xfe,0xff,0xff,0xff,0xff,0xff,0xee,0xa2,0xae,0xff,0xdf,0x4a,0x5f,0xff,0xe2,0x56,0x68,0xff,0xe3,0x57,0x68,0xff,0xe3,0x59,
    0x69,0xff,0xe4,0x5c,0x6a,0xff,0xe4,0x5e,0x6b,0xff,0xe5,0x61,0x6e,0xfe,0xe8,0x65,0x70,0xff,0xe9,0x69,0x72,0xff,0xea,0x6b,
    0x74,0xff,0xeb,0x6f,0x76,0xff,0xec,0x73,0x79,0xff,0xec,0x77,0x7d,0xff,0xee,0x7b,0x81,0xff,0xef,0x7f,0x84,0xff,0xf0,0x84,
    0x88,0xff,0xf1,0x89,0x8d,0xff,0xf2,0x8e,0x91,0xff,0xf1,0x91,0x94,0xff,0xff,0x9e,0xa1,0xff,0xf4,0x9a,0x9e,0xd5,0xff,0x9f,
    0x9f,0x18,0xff,0x00,0x00,0x01,0xff,0x7f,0x7f,0x02,0x00,0x00,0x00,0x00,0x00,0x00,0x00,0x00,0x00,0x00,0x00,0x00,0x00,0x00,
    0x00,0x00,0x00,0x00,0x00,0x00,0x00,0x00,0x00,0x00,0x00,0x00,0x00,0x00,0x00,0x00,0x00,0x00,0x00,0x00,0x00,0x00,0x00,0x00,
    0x00,0x00,0x00,0x00,0x00,0x00,0x00,0x00,0x00,0x00,0x00,0x00,0x00,0x00,0xff,0x00,0x00,0x01,0xff,0x00,0x00,0x01,0xff,0x71,
    0x71,0x09,0xde,0x40,0x5a,0xc2,0xf8,0xa9,0xb5,0xff,0xff,0xff,0xff,0xfd,0xff,0xfd,0xfe,0xff,0xff,0xff,0xff,0xff,0xff,0xfe,
    0xfe,0xff,0xff,0xff,0xff,0xff,0xef,0xa5,0xaf,0xff,0xe0,0x4d,0x60,0xff,0xe3,0x59,0x6a,0xff,0xe3,0x5a,0x6a,0xff,0xe5,0x5d,
    0x6c,0xff,0xe5,0x60,0x6d,0xff,0xe5,0x63,0x6e,0xfe,0xe8,0x66,0x71,0xff,0xe7,0x68,0x73,0xf3,0xe9,0x6c,0x74,0xf2,0xea,0x70,
    0x78,0xf2,0xec,0x74,0x7b,0xf2,0xec,0x79,0x7e,0xf2,0xed,0x7d,0x82,0xf2,0xef,0x81,0x86,0xf2,0xef,0x86,0x8b,0xf2,0xf0,0x8b,
    0x90,0xf2,0xf2,0x90,0x93,0xf2,0xf2,0x94,0x97,0xf2,0xf4,0x9a,0x9c,0xf3,0xfa,0xa2,0xa4,0xe2,0xf5,0x9f,0xa5,0x50,0x00,0x00,
    0x00,0x00,0xff,0xff,0xff,0x01,0x00,0x00,0x00,0x00,0x00,0x00,0x00,0x00,0x00,0x00,0x00,0x00,0x00,0x00,0x00,0x00,0x00,0x00,
    0x00,0x00,0x00,0x00,0x00,0x00,0x00,0x00,0x00,0x00,0x00,0x00,0x00,0x00,0x00,0x00,0x00,0x00,0x00,0x00,0x00,0x00,0x00,0x00,
    0x00,0x00,0x00,0x00,0x00,0x00,0x00,0x00,0x00,0x00,0x00,0x00,0x00,0x00,0x00,0x00,0x00,0x00,0xff,0x7f,0x7f,0x02,0x00,0x00,
    0x00,0x00,0xe2,0x44,0x59,0x47,0xe5,0x5b,0x6f,0xf6,0xfb,0xe1,0xe5,0xfe,0xff,0xff,0xff,0xfe,0xfe,0xfc,0xfc,0xff,0xff,0xff,
    0xff,0xff,0xf8,0xda,0xde,0xff,0xe3,0x5e,0x70,0xff,0xe2,0x57,0x68,0xff,0xe3,0x5b,0x6c,0xff,0xe4,0x5e,0x6d,0xff,0xe5,0x61,
    0x6e,0xff,0xe4,0x63,0x6e,0xfd,0xf1,0x6c,0x76,0xff,0xe7,0x69,0x73,0xb0,0xe4,0x69,0x72,0x3a,0xe9,0x6d,0x76,0x3a,0xe8,0x74,
    0x7d,0x39,0xed,0x78,0x7d,0x39,0xed,0x7d,0x81,0x39,0xed,0x81,0x86,0x39,0xed,0x86,0x8a,0x39,0xf1,0x8a,0x8f,0x39,0xf1,0x8f,
    0x93,0x39,0xf1,0x93,0x98,0x39,0xf5,0x9a,0x9f,0x38,0xf6,0x9f,0x9f,0x3b,0xeb,0x9f,0x9f,0x28,0x00,0x00,0x00,0x00,0xff,0x00,
    0x00,0x01,0x00,0x00,0x00,0x00,0x00,0x00,0x00,0x00,0x00,0x00,0x00,0x00,0x00,0x00,0x00,0x00,0x00,0x00,0x00,0x00,0x00,0x00,
    0x00,0x00,0x00,0x00,0x00,0x00,0x00,0x00,0x00,0x00,0x00,0x00,0x00,0x00,0x00,0x00,0x00,0x00,0x00,0x00,0x00,0x00,0x00,0x00,
    0x00,0x00,0x00,0x00,0x00,0x00,0x00,0x00,0x00,0x00,0x00,0x00,0x00,0x00,0x00,0x00,0x00,0x00,0xff,0x00,0x00,0x01,0xff,0x00,
    0xff,0x01,0xff,0xff,0xff,0x01,0xdd,0x40,0x59,0xa6,0xf7,0x97,0xa4,0xff,0xff,0xff,0xff,0xfd,0xfe,0xfc,0xfd,0xff,0xfe,0xfa,
    0xfb,0xff,0xec,0x8c,0x98,0xff,0xe2,0x51,0x63,0xff,0xe4,0x5e,0x6e,0xff,0xe5,0x5f,0x6d,0xff,0xe5,0x62,0x6f,0xff,0xe6,0x65,
    0x71,0xfd,0xe9,0x6a,0x75,0xfe,0xea,0x6d,0x77,0xef,0xeb,0x6e,0x78,0x33,0x00,0x00,0x00,0x00,0x00,0x00,0x00,0x00,0x00,0x00,
    0x00,0x00,0x00,0x00,0x00,0x00,0x00,0x00,0x00,0x00,0x00,0x00,0x00,0x00,0x00,0x00,0x00,0x00,0x00,0x00,0x00,0x00,0x00,0x00,
    0x00,0x00,0x00,0x00,0x00,0x00,0x00,0x00,0x00,0x00,0x00,0x00,0x00,0x00,0x00,0x00,0x00,0x00,0xff,0x00,0x00,0x01,0x00,0x00,
    0x00,0x00,0x00,0x00,0x00,0x00,0x00,0x00,0x00,0x00,0x00,0x00,0x00,0x00,0x00,0x00,0x00,0x00,0x00,0x00,0x00,0x00,0x00,0x00,
    0x00,0x00,0x00,0x00,0x00,0x00,0x00,0x00,0x00,0x00,0x00,0x00,0x00,0x00,0x00,0x00,0x00,0x00,0x00,0x00,0x00,0x00,0x00,0x00,
    0x00,0x00,0x00,0x00,0x00,0x00,0x00,0x00,0x00,0x00,0x00,0x00,0x00,0x00,0x00,0x00,0x00,0x00,0x00,0x00,0x00,0x00,0xff,0x00,
    0xff,0x01,0x00,0x00,0x00,0x00,0xe6,0x4e,0x67,0x2a,0xe1,0x54,0x68,0xe8,0xfa,0xce,0xd4,0xfe,0xff,0xff,0xff,0xfd,0xf5,0xc7,
    0xcd,0xff,0xe3,0x5a,0x6b,0xff,0xe5,0x5e,0x6d,0xff,0xe5,0x61,0x6f,0xff,0xe6,0x64,0x71,0xff,0xe7,0x67,0x73,0xff,0xe7,0x6a,
    0x74,0xfd,0xf4,0x74,0x7e,0xff,0xe8,0x71,0x78,0x87,0x00,0x00,0x00,0x00,0xbf,0x7f,0x7f,0x04,0xff,0x7f,0x7f,0x02,0xff,0x7f,
    0x7f,0x02,0xff,0x7f,0x7f,0x02,0xff,0x7f,0x7f,0x02,0xff,0x7f,0x7f,0x02,0xff,0x7f,0x7f,0x02,0xff,0x7f,0x7f,0x02,0xff,0x7f,
    0x7f,0x02,0xff,0x7f,0x7f,0x02,0xff,0x7f,0x7f,0x02,0xff,0xff,0xff,0x02,0xff,0x7f,0x7f,0x02,0x00,0x00,0x00,0x00,0x00,0x00,
    0x00,0x00,0x00,0x00,0x00,0x00,0x00,0x00,0x00,0x00,0x00,0x00,0x00,0x00,0x00,0x00,0x00,0x00,0x00,0x00,0x00,0x00,0x00,0x00,
    0x00,0x00,0x00,0x00,0x00,0x00,0x00,0x00,0x00,0x00,0x00,0x00,0x00,0x00,0x00,0x00,0x00,0x00,0x00,0x00,0x00,0x00,0x00,0x00,
    0x00,0x00,0x00,0x00,0x00,0x00,0x00,0x00,0x00,0x00,0x00,0x00,0x00,0x00,0x00,0x00,0x00,0x00,0x00,0x00,0x00,0x00,0x00,0x00,
    0x00,0x00,0xff,0x7f,0x7f,0x02,0x00,0x00,0x00,0x00,0xdd,0x48,0x5b,0x83,0xf5,0x89,0x97,0xff,0xfb,0xee,0xf0,0xfc,0xe8,0x7f,
    0x8b,0xfe,0xe3,0x58,0x68,0xfe,0xe4,0x63,0x71,0xfe,0xe5,0x65,0x72,0xfe,0xe6,0x69,0x74,0xfe,0xe6,0x6b,0x75,0xfd,0xef,0x74,
    0x7e,0xfe,0xeb,0x76,0x7e,0xda,0xec,0x7f,0x7f,0x1c,0xff,0x00,0x00,0x01,0xff,0x7f,0x7f,0x02,0x00,0x00,0x00,0x00,0x00,0x00,
    0x00,0x00,0x00,0x00,0x00,0x00,0x00,0x00,0x00,0x00,0x00,0x00,0x00,0x00,0x00,0x00,0x00,0x00,0x00,0x00,0x00,0x00,0x00,0x00,
    0x00,0x00,0x00,0x00,0x00,0x00,0x00,0x00,0x00,0x00,0x00,0x00,0x00,0x00,0x00,0x00,0x00,0x00,0x00,0x00,0x00,0x00,0x00,0x00,
    0x00,0x00,0x00,0x00,0x00,0x00,0x00,0x00,0x00,0x00,0x00,0x00,0x00,0x00,0x00,0x00,0x00,0x00,0x00,0x00,0x00,0x00,0x00,0x00,
    0x00,0x00,0x00,0x00,0x00,0x00,0x00,0x00,0x00,0x00,0x00,0x00,0x00,0x00,0x00,0x00,0x00,0x00,0x00,0x00,0x00,0x00,0x00,0x00,
    0x00,0x00,0x00,0x00,0x00,0x00,0x00,0x00,0x00,0x00,0x00,0x00,0x00,0x00,0x00,0x00,0x00,0x00,0x00,0x00,0x00,0x00,0x00,0x00,
    0x00,0x00,0x7f,0x7f,0x7f,0x02,0xff,0x00,0x00,0x01,0xe5,0x4c,0x59,0x14,0xe4,0x60,0x70,0xd0,0xf6,0x84,0x91,0xff,0xe7,0x62,
    0x70,0xff,0xea,0x66,0x73,0xff,0xeb,0x69,0x76,0xff,0xec,0x6d,0x78,0xff,0xec,0x71,0x7c,0xff,0xed,0x76,0x7f,0xff,0xf4,0x7e,
    0x86,0xff,0xeb,0x7b,0x83,0x67,0x00,0x00,0x00,0x00,0xff,0x7f,0x7f,0x02,0x00,0x00,0x00,0x00,0x00,0x00,0x00,0x00,0x00,0x00,
    0x00,0x00,0x00,0x00,0x00,0x00,0x00,0x00,0x00,0x00,0x00,0x00,0x00,0x00,0x00,0x00,0x00,0x00,0x00,0x00,0x00,0x00,0x00,0x00,
    0x00,0x00,0x00,0x00,0x00,0x00,0x00,0x00,0x00,0x00,0x00,0x00,0x00,0x00,0x00,0x00,0x00,0x00,0x00,0x00,0x00,0x00,0x00,0x00,
    0x00,0x00,0x00,0x00,0x00,0x00,0x00,0x00,0x00,0x00,0x00,0x00,0x00,0x00,0x00,0x00,0x00,0x00,0x00,0x00,0x00,0x00,0x00,0x00,
    0x00,0x00,0x00,0x00,0x00,0x00,0x00,0x00,0x00,0x00,0x00,0x00,0x00,0x00,0x00,0x00,0x00,0x00,0x00,0x00,0x00,0x00,0x00,0x00,
    0x00,0x00,0x00,0x00,0x00,0x00,0x00,0x00,0x00,0x00,0x00,0x00,0x00,0x00,0x00,0x00,0x00,0x00,0x00,0x00,0x00,0x00,0x00,0x00,
    0x00,0x00,0x00,0x00,0x00,0x00,0x7f,0x7f,0x7f,0x02,0x00,0x00,0x00,0x00,0xe6,0x61,0x6d,0x3f,0xe6,0x5e,0x6d,0xbf,0xe6,0x66,
    0x73,0xcc,0xe7,0x68,0x74,0xca,0xe8,0x6c,0x77,0xcb,0xe8,0x71,0x7b,0xcb,0xea,0x76,0x7e,0xca,0xec,0x7b,0x83,0xce,0xeb,0x7e,
    0x85,0x93,0xe9,0x7f,0x94,0x0c,0xff,0x00,0x00,0x01,0xff,0xff,0xff,0x01,0x00,0x00,0x00,0x00,0x00,0x00,0x00,0x00,0x00,0x00,
    0x00,0x00,0x00,0x00,0x00,0x00,0x00,0x00,0x00,0x00,0x00,0x00,0x00,0x00,0x00,0x00,0x00,0x00,0x00,0x00,0x00,0x00,0x00,0x00,
    0x00,0x00,0x00,0x00,0x00,0x00,0x00,0x00,0x00,0x00,0x00,0x00,0x00,0x00,0x00,0x00,0x00,0x00,0x00,0x00,0x00,0x00,0x00,0x00,
    0x00,0x00,0x00,0x00,0x00,0x00,0x00,0x00,0x00,0x00,0x00,0x00,0x00,0x00,0x00,0x00,0x00,0x00,0x00,0x00,0x00,0x00,0xff,0xff,
    0xf0,0x00,0xbf,0xff,0x00,0x00,0xff,0xff,0xf4,0x00,0x1f,0xff,0x00,0x00,0xff,0xff,0xe0,0x00,0x5f,0xff,0x00,0x00,0xfe,0x00,
    0x08,0x00,0x2f,0xff,0x00,0x00,0xfd,0xff,0xf0,0x00,0x07,0xff,0x00,0x00,0xfa,0x00,0x00,0x00,0x17,0xff,0x00,0x00,0xf4,0x00,
    0x00,0x00,0x03,0xff,0x00,0x00,0xe0,0x00,0x00,0x00,0x0b,0xff,0x00,0x00,0xe8,0x00,0x00,0x00,0x01,0xff,0x00,0x00,0xd0,0x00,
    0x00,0x00,0x04,0x07,0x00,0x00,0x90,0x00,0x00,0x00,0x03,0xfb,0x00,0x00,0xa0,0x00,0x00,0x00,0x00,0x05,0x00,0x00,0xa0,0x00,
    0x00,0x00,0x00,0x00,0x00,0x00,0xa0,0x00,0x00,0x00,0x00,0x02,0x00,0x00,0xa0,0x00,0x00,0x00,0x00,0x00,0x00,0x00,0xd0,0x00,
    0x00,0x00,0x00,0x01,0x00,0x00,0xc0,0x00,0x00,0x00,0x00,0x00,0x00,0x00,0xe8,0x00,0x00,0x00,0x00,0x00,0x00,0x00,0xe0,0x00,
    0x00,0x00,0x00,0x00,0x00,0x00,0xe8,0x00,0x00,0x00,0x00,0x00,0x00,0x00,0xc0,0x00,0x00,0x00,0x00,0x00,0x00,0x00,0xd0,0x00,
    0x00,0x00,0x00,0x01,0x00,0x00,0xa0,0x00,0x00,0x00,0x00,0x00,0x00,0x00,0x00,0x00,0x00,0x00,0x00,0x02,0x00,0x00,0x40,0x00,
    0x00,0x00,0x00,0x00,0x00,0x00,0x00,0x00,0x00,0x00,0x00,0x05,0x00,0x00,0x80,0x00,0x00,0x00,0x00,0x0b,0x00,0x00,0x00,0x00,
    0x00,0x00,0x00,0x03,0x00,0x00,0x00,0x00,0x00,0x00,0x00,0x17,0x00,0x00,0x00,0x00,0x00,0x00,0x00,0x07,0x00,0x00,0x00,0x00,
    0x00,0x00,0x00,0x17,0x00,0x00,0x00,0x00,0x00,0x00,0x00,0x03,0x00,0x00,0x80,0x00,0x00,0x00,0x00,0x0b,0x00,0x00,0x00,0x00,
    0x00,0x00,0x00,0x05,0x00,0x00,0x40,0x00,0x00,0x00,0x00,0x05,0x00,0x00,0x00,0x00,0x00,0x00,0x00,0x05,0x00,0x00,0xe0,0x00,
    0x00,0x00,0x00,0x05,0x00,0x00,0xdf,0xc0,0x00,0x00,0x00,0x01,0x00,0x00,0xe0,0x20,0x00,0x00,0x00,0x0b,0x00,0x00,0xff,0x80,
    0x00,0x00,0x00,0x17,0x00,0x00,0xff,0xd0,0x00,0x00,0x00,0x07,0x00,0x00,0xff,0xc0,0x00,0x00,0x00,0x2f,0x00,0x00,0xff,0xe8,
    0x00,0x00,0x00,0x5f,0x00,0x00,0xff,0xe0,0x00,0x0f,0xff,0xbf,0x00,0x00,0xff,0xf4,0x00,0x10,0x00,0x7f,0x00,0x00,0xff,0xfa,
    0x00,0x07,0xff,0xff,0x00,0x00,0xff,0xf8,0x00,0x2f,0xff,0xff,0x00,0x00,0xff,0xfd,0x00,0x0f,0xff,0xff,0x00,0x00,0x28,0x00,
    0x00,0x00,0x40,0x00,0x00,0x00,0x80,0x00,0x00,0x00,0x01,0x00,0x20,0x00,0x00,0x00,0x00,0x00,0x00,0x42,0x00,0x00,0x00,0x00,
    0x00,0x00,0x00,0x00,0x00,0x00,0x00,0x00,0x00,0x00,0x00,0x00,0x00,0x00,0x00,0x00,0x00,0x00,0x00,0x00,0x00,0x00,0x00,0x00,
    0x00,0x00,0x00,0x00,0x00,0x00,0x00,0x00,0x00,0x00,0x00,0x00,0x00,0x00,0x00,0x00,0x00,0x00,0x00,0x00,0x00,0x00,0x00,0x00,
    0x00,0x00,0x00,0x00,0x00,0x00,0x00,0x00,0x00,0x00,0x00,0x00,0x00,0x00,0x00,0x00,0x00,0x00,0x00,0x00,0x00,0x00,0x00,0x00,
    0x00,0x00,0x00,0x00,0x00,0x00,0x00,0x00,0x00,0x00,0x00,0x00,0x00,0x00,0x00,0x00,0x00,0x00,0x00,0x00,0x00,0x00,0x00,0x00,
    0x00,0x00,0x00,0x00,0x00,0x00,0x00,0x00,0x00,0x00,0x00,0x00,0x00,0x00,0x00,0x00,0x00,0x00,0x00,0x00,0x00,0x00,0x00,0x00,
    0x00,0x00,0x00,0x00,0x00,0x00,0x00,0x00,0x00,0x00,0x00,0x00,0x00,0x00,0xd4,0x2a,0x55,0x0c,0xd5,0x2b,0x60,0x74,0xd4,0x2d,
    0x63,0xa7,0xd4,0x2f,0x63,0xa2,0xd6,0x2d,0x62,0xa3,0xd6,0x2d,0x62,0xa3,0xd6,0x2d,0x62,0xa3,0xd6,0x2d,0x62,0xa3,0xd7,0x2d,
    0x63,0xa2,0xd5,0x2d,0x63,0xa4,0xd5,0x2d,0x62,0x9e,0xd3,0x2e,0x62,0x58,0xbf,0x3f,0x3f,0x04,0x7f,0x00,0x00,0x02,0x00,0x00,
    0x00,0x00,0x00,0x00,0x00,0x00,0x00,0x00,0x00,0x00,0x00,0x00,0x00,0x00,0x00,0x00,0x00,0x00,0x00,0x00,0x00,0x00,0x00,0x00,
    0x00,0x00,0x00,0x00,0x00,0x00,0x00,0x00,0x00,0x00,0x00,0x00,0x00,0x00,0x00,0x00,0x00,0x00,0x00,0x00,0x00,0x00,0x00,0x00,
    0x00,0x00,0x00,0x00,0x00,0x00,0x00,0x00,0x00,0x00,0x00,0x00,0x00,0x00,0x00,0x00,0x00,0x00,0x00,0x00,0x00,0x00,0x00,0x00,
    0x00,0x00,0x00,0x00,0x00,0x00,0x00,0x00,0x00,0x00,0x00,0x00,0x00,0x00,0x00,0x00,0x00,0x00,0x00,0x00,0x00,0x00,0x00,0x00,
    0x00,0x00,0x00,0x00,0x00,0x00,0x00,0x00,0x00,0x00,0x00,0x00,0x00,0x00,0x00,0x00,0x00,0x00,0x00,0x00,0x00,0x00,0x00,0x00,
    0x00,0x00,0x00,0x00,0x00,0x00,0x00,0x00,0x00,0x00,0x00,0x00,0x00,0x00,0x00,0x00,0x00,0x00,0x00,0x00,0x00,0x00,0x00,0x00,
    0x00,0x00,0x00,0x00,0x00,0x00,0x00,0x00,0x00,0x00,0x00,0x00,0x00,0x00,0x00,0x00,0x00,0x00,0x00,0x00,0x00,0x00,0x00,0x00,
    0x00,0x00,0x00,0x00,0x00,0x00,0x00,0x00,0x00,0x00,0x00,0x00,0x00,0x00,0x00,0x00,0x00,0x00,0xff,0x00,0x00,0x01,0xff,0x00,
    0xff,0x01,0xaa,0x2a,0x55,0x06,0xd5,0x2d,0x62,0x7a,0xda,0x32,0x69,0xf7,0xd7,0x2f,0x65,0xff,0xd6,0x2d,0x63,0xfe,0xd6,0x2d,
    0x63,0xfe,0xd6,0x2d,0x63,0xfe,0xd6,0x2d,0x63,0xfe,0xd6,0x2d,0x63,0xfe,0xd6,0x2d,0x63,0xfe,0xd6,0x2d,0x63,0xfd,0xd8,0x2e,
    0x64,0xff,0xd7,0x2e,0x63,0xec,0xd7,0x31,0x63,0x4d,0x00,0x00,0x00,0x00,0x7f,0x00,0x7f,0x02,0x00,0x00,0x00,0x00,0x00,0x00,
    0x00,0x00,0x00,0x00,0x00,0x00,0x00,0x00,0x00,0x00,0x00,0x00,0x00,0x00,0x00,0x00,0x00,0x00,0x00,0x00,0x00,0x00,0x00,0x00,
    0x00,0x00,0x00,0x00,0x00,0x00,0x00,0x00,0x00,0x00,0x00,0x00,0x00,0x00,0x00,0x00,0x00,0x00,0x00,0x00,0x00,0x00,0x00,0x00,
    0x00,0x00,0x00,0x00,0x00,0x00,0x00,0x00,0x00,0x00,0x00,0x00,0x00,0x00,0x00,0x00,0x00,0x00,0x00,0x00,0x00,0x00,0x00,0x00,
    0x00,0x00,0x00,0x00,0x00,0x00,0x00,0x00,0x00,0x00,0x00,0x00,0x00,0x00,0x00,0x00,0x00,0x00,0x00,0x00,0x00,0x00,0x00,0x00,
    0x00,0x00,0x00,0x00,0x00,0x00,0x00,0x00,0x00,0x00,0x00,0x00,0x00,0x00,0x00,0x00,0x00,0x00,0x00,0x00,0x00,0x00,0x00,0x00,
    0x00,0x00,0x00,0x00,0x00,0x00,0x00,0x00,0x00,0x00,0x00,0x00,0x00,0x00,0x00,0x00,0x00,0x00,0x00,0x00,0x00,0x00,0x00,0x00,
    0x00,0x00,0x00,0x00,0x00,0x00,0x00,0x00,0x00,0x00,0x00,0x00,0x00,0x00,0x00,0x00,0x00,0x00,0x00,0x00,0x00,0x00,0x00,0x00,
    0x00,0x00,0x00,0x00,0x00,0x00,0x00,0x00,0x00,0x00,0x7f,0x00,0x7f,0x02,0x00,0x00,0x00,0x00,0xd4,0x2e,0x61,0x3c,0xd4,0x28,
    0x5f,0xea,0xeb,0x7f,0xa2,0xff,0xe3,0x78,0x9b,0xfe,0xd6,0x2a,0x61,0xff,0xd6,0x2d,0x63,0xff,0xd6,0x2d,0x63,0xff,0xd6,0x2d,
    0x63,0xff,0xd6,0x2d,0x63,0xff,0xd6,0x2d,0x63,0xff,0xd6,0x2d,0x63,0xff,0xd5,0x2e,0x62,0xfd,0xde,0x33,0x66,0xff,0xd6,0x32,
    0x62,0xb7,0xda,0x36,0x5b,0x0e,0x00,0x00,0x00,0x00,0xff,0x00,0x00,0x01,0x00,0x00,0x00,0x00,0x00,0x00,0x00,0x00,0x00,0x00,
    0x00,0x00,0x00,0x00,0x00,0x00,0x00,0x00,0x00,0x00,0x00,0x00,0x00,0x00,0x00,0x00,0x00,0x00,0x00,0x00,0x00,0x00,0x00,0x00,
    0x00,0x00,0x00,0x00,0x00,0x00,0x00,0x00,0x00,0x00,0x00,0x00,0x00,0x00,0x00,0x00,0x00,0x00,0x00,0x00,0x00,0x00,0x00,0x00,
    0x00,0x00,0x00,0x00,0x00,0x00,0x00,0x00,0x00,0x00,0x00,0x00,0x00,0x00,0x00,0x00,0x00,0x00,0x00,0x00,0x00,0x00,0x00,0x00,
    0x00,0x00,0x00,0x00,0x00,0x00,0x00,0x00,0x00,0x00,0x00,0x00,0x00,0x00,0x00,0x00,0x00,0x00,0x00,0x00,0x00,0x00,0x00,0x00,
    0x00,0x00,0x00,0x00,0x00,0x00,0x00,0x00,0x00,0x00,0x00,0x00,0x00,0x00,0x00,0x00,0x00,0x00,0x00,0x00,0x00,0x00,0x00,0x00,
    0x00,0x00,0x00,0x00,0x00,0x00,0x00,0x00,0x00,0x00,0x00,0x00,0x00,0x00,0x00,0x00,0x00,0x00,0x00,0x00,0x00,0x00,0x00,0x00,
    0x00,0x00,0x00,0x00,0x00,0x00,0x00,0x00,0x00,0x00,0x00,0x00,0x00,0x00,0x00,0x00,0x00,0x00,0x00,0x00,0x00,0x00,0xff,0x00,
    0xff,0x01,0xff,0x00,0x00,0x01,0xd0,0x45,0x73,0x0b,0xd3,0x26,0x5f,0xa0,0xdf,0x3f,0x72,0xff,0xf5,0xd9,0xe3,0xfe,0xf9,0xe2,
    0xe9,0xff,0xdb,0x49,0x78,0xff,0xd5,0x28,0x5f,0xff,0xd6,0x2e,0x64,0xff,0xd6,0x2d,0x63,0xff,0xd6,0x2d,0x63,0xff,0xd6,0x2d,
    0x63,0xff,0xd6,0x2e,0x63,0xff,0xd5,0x2f,0x62,0xfe,0xd7,0x30,0x61,0xfd,0xda,0x33,0x63,0xf9,0xd6,0x33,0x60,0x6c,0x00,0x00,
    0x00,0x00,0x7f,0x00,0x7f,0x02,0x00,0x00,0x00,0x00,0x00,0x00,0x00,0x00,0x00,0x00,0x00,0x00,0x00,0x00,0x00,0x00,0x00,0x00,
    0x00,0x00,0x00,0x00,0x00,0x00,0x00,0x00,0x00,0x00,0x00,0x00,0x00,0x00,0x00,0x00,0x00,0x00,0x00,0x00,0x00,0x00,0x00,0x00,
    0x00,0x00,0x00,0x00,0x00,0x00,0x00,0x00,0x00,0x00,0x00,0x00,0x00,0x00,0x00,0x00,0x00,0x00,0x00,0x00,0x00,0x00,0x00,0x00,
    0x00,0x00,0x00,0x00,0x00,0x00,0x00,0x00,0x00,0x00,0x00,0x00,0x00,0x00,0x00,0x00,0x00,0x00,0x00,0x00,0x00,0x00,0x00,0x00,
    0x00,0x00,0x00,0x00,0x00,0x00,0x00,0x00,0x00,0x00,0x00,0x00,0x00,0x00,0x00,0x00,0x00,0x00,0x00,0x00,0x00,0x00,0x00,0x00,
    0x00,0x00,0x00,0x00,0x00,0x00,0x00,0x00,0x00,0x00,0x00,0x00,0x00,0x00,0x00,0x00,0x00,0x00,0x00,0x00,0x00,0x00,0x00,0x00,
    0x00,0x00,0x00,0x00,0x00,0x00,0x00,0x00,0x00,0x00,0x00,0x00,0x00,0x00,0x00,0x00,0x00,0x00,0x00,0x00,0x00,0x00,0x00,0x00,
    0x00,0x00,0x00,0x00,0x00,0x00,0x00,0x00,0x00,0x00,0x00,0x00,0x00,0x00,0x7f,0x00,0x7f,0x02,0x00,0x00,0x00,0x00,0xd7,0x2e,
    0x62,0x53,0xd6,0x2d,0x63,0xee,0xec,0x95,0xb1,0xfe,0xff,0xfd,0xfd,0xfe,0xff,0xff,0xff,0xff,0xeb,0x96,0xb1,0xff,0xd6,0x2b,
    0x61,0xff,0xd6,0x2d,0x63,0xff,0xd6,0x2d,0x63,0xff,0xd6,0x2d,0x63,0xff,0xd6,0x2d,0x63,0xff,0xd6,0x2e,0x62,0xff,0xd6,0x30,
    0x62,0xff,0xd6,0x30,0x61,0xfd,0xdd,0x34,0x65,0xff,0xd6,0x34,0x62,0xd5,0xd2,0x34,0x61,0x22,0x00,0x00,0x00,0x00,0xff,0x00,
    0x00,0x01,0x00,0x00,0x00,0x00,0x00,0x00,0x00,0x00,0x00,0x00,0x00,0x00,0x00,0x00,0x00,0x00,0x00,0x00,0x00,0x00,0x00,0x00,
    0x00,0x00,0x00,0x00,0x00,0x00,0x00,0x00,0x00,0x00,0x00,0x00,0x00,0x00,0x00,0x00,0x00,0x00,0x00,0x00,0x00,0x00,0x00,0x00,
    0x00,0x00,0x00,0x00,0x00,0x00,0x00,0x00,0x00,0x00,0x00,0x00,0x00,0x00,0x00,0x00,0x00,0x00,0x00,0x00,0x00,0x00,0x00,0x00,
    0x00,0x00,0x00,0x00,0x00,0x00,0x00,0x00,0x00,0x00,0x00,0x00,0x00,0x00,0x00,0x00,0x00,0x00,0x00,0x00,0x00,0x00,0x00,0x00,
    0x00,0x00,0x00,0x00,0x00,0x00,0x00,0x00,0x00,0x00,0xff,0x00,0x00,0x01,0xff,0x7f,0x7f,0x02,0xff,0x7f,0x7f,0x02,0xff,0x7f,
    0x7f,0x02,0xff,0x7f,0x7f,0x02,0xff,0x7f,0x7f,0x02,0xff,0x00,0x7f,0x02,0xff,0x00,0x7f,0x02,0xff,0x00,0x7f,0x02,0xff,0x00,
    0x7f,0x02,0xff,0x00,0x7f,0x02,0xff,0x00,0x7f,0x02,0xff,0x00,0x7f,0x02,0xff,0x00,0x7f,0x02,0xff,0x00,0x7f,0x02,0xff,0x00,
    0x7f,0x02,0xaa,0x00,0x55,0x03,0xff,0x00,0x00,0x01,0xd4,0x55,0x7f,0x0c,0xd2,0x22,0x5b,0xbe,0xe5,0x59,0x86,0xff,0xfa,0xea,
    0xef,0xfe,0xff,0xff,0xff,0xff,0xff,0xfe,0xfe,0xff,0xfb,0xe7,0xed,0xff,0xdf,0x5b,0x85,0xff,0xd5,0x27,0x5f,0xff,0xd6,0x2f,
    0x64,0xff,0xd6,0x2d,0x63,0xff,0xd6,0x2e,0x63,0xff,0xd6,0x30,0x62,0xff,0xd6,0x31,0x62,0xff,0xd7,0x33,0x62,0xff,0xd6,0x34,
    0x62,0xfe,0xdc,0x37,0x64,0xff,0xd8,0x34,0x61,0x83,0xff,0x3f,0x7f,0x04,0xff,0x00,0xff,0x01,0xff,0x00,0x00,0x01,0x00,0x00,
    0x00,0x00,0x00,0x00,0x00,0x00,0x00,0x00,0x00,0x00,0x00,0x00,0x00,0x00,0x00,0x00,0x00,0x00,0x00,0x00,0x00,0x00,0x00,0x00,
    0x00,0x00,0x00,0x00,0x00,0x00,0x00,0x00,0x00,0x00,0x00,0x00,0x00,0x00,0x00,0x00,0x00,0x00,0x00,0x00,0x00,0x00,0x00,0x00,
    0x00,0x00,0x00,0x00,0x00,0x00,0x00,0x00,0x00,0x00,0x00,0x00,0x00,0x00,0x00,0x00,0x00,0x00,0x00,0x00,0x00,0x00,0x00,0x00,
    0x00,0x00,0x00,0x00,0x00,0x00,0x00,0x00,0x00,0x00,0x00,0x00,0x00,0x00,0x00,0x00,0x00,0x00,0x00,0x00,0x00,0x00,0xff,0x00,
    0x00,0x01,0x00,0x00,0x00,0x00,0x00,0x00,0x00,0x00,0x00,0x00,0x00,0x00,0x00,0x00,0x00,0x00,0x00,0x00,0x00,0x00,0x00,0x00,
    0x00,0x00,0x00,0x00,0x00,0x00,0x00,0x00,0x00,0x00,0x00,0x00,0x00,0x00,0x00,0x00,0x00,0x00,0x00,0x00,0x00,0x00,0x00,0x00,
    0x00,0x00,0x00,0x00,0x00,0x00,0x00,0x00,0x00,0x00,0x00,0x00,0x00,0x00,0x00,0x00,0x00,0x00,0x00,0x00,0x00,0x00,0x00,0x00,
    0x00,0x00,0xd4,0x27,0x61,0x73,0xda,0x34,0x69,0xfb,0xf0,0xb1,0xc5,0xfe,0xff,0xff,0xff,0xfe,0xff,0xfe,0xfe,0xff,0xff,0xfe,
    0xfe,0xff,0xff,0xff,0xff,0xff,0xef,0xb2,0xc6,0xff,0xd7,0x34,0x68,0xff,0xd6,0x2b,0x61,0xff,0xd6,0x2e,0x64,0xff,0xd6,0x2f,
    0x63,0xff,0xd6,0x30,0x62,0xff,0xd7,0x31,0x62,0xff,0xd7,0x33,0x62,0xff,0xd7,0x35,0x61,0xfd,0xdd,0x38,0x64,0xff,0xd9,0x38,
    0x62,0xe8,0xd5,0x35,0x62,0x3e,0x00,0x00,0x00,0x00,0x7f,0x00,0x7f,0x02,0x00,0x00,0x00,0x00,0x00,0x00,0x00,0x00,0x00,0x00,
    0x00,0x00,0x00,0x00,0x00,0x00,0x00,0x00,0x00,0x00,0x00,0x00,0x00,0x00,0x00,0x00,0x00,0x00,0x00,0x00,0x00,0x00,0x00,0x00,
    0x00,0x00,0x00,0x00,0x00,0x00,0x00,0x00,0x00,0x00,0x00,0x00,0x00,0x00,0x00,0x00,0x00,0x00,0x00,0x00,0x00,0x00,0x00,0x00,
    0x00,0x00,0x00,0x00,0x00,0x00,0x00,0x00,0x00,0x00,0x00,0x00,0x00,0x00,0x00,0x00,0x00,0x00,0x00,0x00,0x00,0x00,0x00,0x00,
    0x00,0x00,0x00,0x00,0x00,0x00,0x00,0x00,0x00,0x00,0x00,0x00,0x00,0x00,0x00,0x00,0x00,0x00,0xdd,0x4d,0x63,0x17,0xdd,0x48,
    0x61,0x3c,0xdd,0x48,0x5d,0x3c,0xdd,0x44,0x5d,0x3c,0xdd,0x44,0x61,0x3c,0xdd,0x44,0x61,0x3c,0xdd,0x3f,0x61,0x3c,0xdd,0x3f,
    0x61,0x3c,0xdd,0x3b,0x61,0x3c,0xd8,0x3b,0x61,0x3c,0xd8,0x37,0x61,0x3c,0xd8,0x37,0x61,0x3c,0xd8,0x33,0x61,0x3c,0xd8,0x2e,
    0x61,0x3c,0xd4,0x2e,0x61,0x3c,0xd5,0x2d,0x60,0x3d,0xd6,0x2c,0x62,0x39,0xd5,0x30,0x67,0x4f,0xd3,0x25,0x5d,0xd5,0xe8,0x70,
    0x97,0xff,0xfb,0xf2,0xf5,0xfe,0xff,0xfe,0xff,0xff,0xff,0xfe,0xfe,0xff,0xff,0xfe,0xfe,0xff,0xff,0xfe,0xff,0xff,0xfc,0xf3,
    0xf5,0xff,0xe3,0x6e,0x93,0xff,0xd5,0x26,0x5e,0xff,0xd6,0x2f,0x64,0xff,0xd6,0x30,0x62,0xff,0xd7,0x32,0x62,0xff,0xd7,0x33,
    0x62,0xff,0xd8,0x35,0x62,0xff,0xd8,0x36,0x62,0xff,0xd8,0x36,0x61,0xfd,0xdf,0x3a,0x64,0xff,0xd8,0x39,0x61,0xa5,0xe7,0x2e,
    0x5c,0x0b,0xff,0x00,0x00,0x01,0xff,0x00,0x00,0x01,0x00,0x00,0x00,0x00,0x00,0x00,0x00,0x00,0x00,0x00,0x00,0x00,0x00,0x00,
    0x00,0x00,0x00,0x00,0x00,0x00,0x00,0x00,0x00,0x00,0x00,0x00,0x00,0x00,0x00,0x00,0x00,0x00,0x00,0x00,0x00,0x00,0x00,0x00,
    0x00,0x00,0x00,0x00,0x00,0x00,0x00,0x00,0x00,0x00,0x00,0x00,0x00,0x00,0x00,0x00,0x00,0x00,0x00,0x00,0x00,0x00,0x00,0x00,
    0x00,0x00,0x00,0x00,0x00,0x00,0x00,0x00,0x00,0x00,0x00,0x00,0x00,0x00,0x00,0x00,0x00,0x00,0x00,0x00,0x00,0x00,0xff,0x00,
    0x00,0x01,0x00,0x00,0x00,0x00,0xdd,0x49,0x5d,0x26,0xe2,0x4f,0x64,0xad,0xe3,0x50,0x63,0xe1,0xe1,0x4c,0x61,0xde,0xe0,0x4a,
    0x62,0xdf,0xe0,0x48,0x63,0xdf,0xde,0x46,0x63,0xdf,0xdd,0x44,0x63,0xdf,0xdd,0x42,0x63,0xdf,0xdc,0x40,0x63,0xdf,0xdc,0x3d,
    0x63,0xdf,0xdb,0x3b,0x63,0xdf,0xdb,0x3a,0x63,0xdf,0xda,0x36,0x63,0xdf,0xd9,0x35,0x63,0xdf,0xd9,0x32,0x63,0xdf,0xd8,0x30,
    0x63,0xdf,0xd7,0x2d,0x63,0xde,0xd7,0x2a,0x61,0xe8,0xd8,0x37,0x6a,0xfd,0xf4,0xc5,0xd4,0xff,0xff,0xff,0xff,0xff,0xff,0xfe,
    0xfe,0xff,0xff,0xff,0xff,0xff,0xff,0xff,0xff,0xff,0xff,0xfe,0xff,0xff,0xff,0xff,0xff,0xff,0xf4,0xc8,0xd6,0xff,0xd9,0x3d,
    0x6f,0xff,0xd6,0x2c,0x60,0xff,0xd6,0x32,0x62,0xff,0xd7,0x32,0x62,0xff,0xd7,0x33,0x62,0xff,0xd8,0x35,0x62,0xff,0xd8,0x36,
    0x62,0xff,0xd8,0x37,0x61,0xfe,0xdb,0x3a,0x63,0xfe,0xdd,0x3b,0x63,0xf1,0xd9,0x3c,0x62,0x58,0x00,0x00,0x00,0x00,0xff,0x7f,
    0x7f,0x02,0x00,0x00,0x00,0x00,0x00,0x00,0x00,0x00,0x00,0x00,0x00,0x00,0x00,0x00,0x00,0x00,0x00,0x00,0x00,0x00,0x00,0x00,
    0x00,0x00,0x00,0x00,0x00,0x00,0x00,0x00,0x00,0x00,0x00,0x00,0x00,0x00,0x00,0x00,0x00,0x00,0x00,0x00,0x00,0x00,0x00,0x00,
    0x00,0x00,0x00,0x00,0x00,0x00,0x00,0x00,0x00,0x00,0x00,0x00,0x00,0x00,0x00,0x00,0x00,0x00,0x00,0x00,0x00,0x00,0x00,0x00,
    0x00,0x00,0x00,0x00,0x00,0x00,0x00,0x00,0x00,0x00,0x00,0x00,0x00,0x00,0xff,0x00,0x00,0x01,0xff,0xff,0xff,0x01,0xdf,0x4e,
    0x61,0x8b,0xeb,0x54,0x67,0xff,0xee,0x86,0x94,0xff,0xf5,0xb5,0xbf,0xff,0xf5,0xb1,0xbb,0xff,0xf5,0xb0,0xbb,0xff,0xf5,0xaf,
    0xbc,0xff,0xf4,0xae,0xbc,0xff,0xf4,0xad,0xbc,0xff,0xf4,0xab,0xbc,0xff,0xf3,0xab,0xbc,0xff,0xf2,0xa9,0xbb,0xff,0xf2,0xa8,
    0xbb,0xff,0xf1,0xa5,0xb9,0xff,0xf1,0xa1,0xb6,0xff,0xef,0x9b,0xb1,0xff,0xed,0x8e,0xa6,0xff,0xec,0x85,0x9d,0xff,0xe5,0x65,
    0x86,0xff,0xe2,0x68,0x8e,0xff,0xfa,0xea,0xef,0xff,0xff,0xfe,0xff,0xff,0xff,0xfe,0xfe,0xff,0xff,0xff,0xff,0xff,0xff,0xff,
    0xff,0xff,0xff,0xff,0xff,0xff,0xff,0xff,0xff,0xff,0xfe,0xfb,0xfc,0xff,0xe7,0x85,0xa3,0xff,0xd5,0x29,0x5e,0xff,0xd7,0x34,
    0x63,0xff,0xd7,0x34,0x62,0xff,0xd8,0x34,0x62,0xff,0xd8,0x36,0x62,0xff,0xd9,0x37,0x62,0xff,0xd9,0x39,0x62,0xff,0xd8,0x3a,
    0x61,0xfe,0xe0,0x3d,0x65,0xff,0xd9,0x3c,0x61,0xbe,0xd0,0x39,0x5c,0x16,0x00,0x00,0x00,0x00,0x7f,0x00,0x7f,0x02,0x00,0x00,
    0x00,0x00,0x00,0x00,0x00,0x00,0x00,0x00,0x00,0x00,0x00,0x00,0x00,0x00,0x00,0x00,0x00,0x00,0x00,0x00,0x00,0x00,0x00,0x00,
    0x00,0x00,0x00,0x00,0x00,0x00,0x00,0x00,0x00,0x00,0x00,0x00,0x00,0x00,0x00,0x00,0x00,0x00,0x00,0x00,0x00,0x00,0x00,0x00,
    0x00,0x00,0x00,0x00,0x00,0x00,0x00,0x00,0x00,0x00,0x00,0x00,0x00,0x00,0x00,0x00,0x00,0x00,0x00,0x00,0x00,0x00,0x00,0x00,
    0x00,0x00,0x7f,0x7f,0x7f,0x02,0x00,0x00,0x00,0x00,0xe6,0x55,0x61,0x3f,0xe4,0x52,0x64,0xe4,0xe3,0x4c,0x60,0xfe,0xe7,0x7c,
    0x8c,0xfd,0xfb,0xf1,0xf3,0xfe,0xff,0xff,0xff,0xfe,0xff,0xff,0xff,0xfe,0xff,0xff,0xff,0xfe,0xff,0xff,0xff,0xfe,0xff,0xff,
    0xff,0xfe,0xff,0xff,0xff,0xfe,0xff,0xff,0xff,0xfe,0xff,0xff,0xff,0xfe,0xff,0xff,0xff,0xfe,0xfd,0xff,0xfd,0xfe,0xfd,0xf9,
    0xf8,0xfe,0xfb,0xf2,0xf1,0xfe,0xf8,0xe2,0xe1,0xfe,0xf6,0xce,0xcd,0xfe,0xf2,0xb5,0xb9,0xfe,0xe2,0x6a,0x89,0xff,0xf1,0xba,
    0xcc,0xff,0xff,0xff,0xff,0xff,0xff,0xfe,0xfe,0xff,0xff,0xff,0xff,0xff,0xff,0xff,0xff,0xff,0xff,0xff,0xff,0xff,0xff,0xfe,
    0xfe,0xff,0xff,0xff,0xff,0xff,0xf9,0xde,0xe6,0xff,0xdd,0x52,0x7b,0xff,0xd6,0x2e,0x5f,0xff,0xd8,0x35,0x63,0xff,0xd8,0x35,
    0x62,0xff,0xd8,0x36,0x62,0xff,0xd9,0x38,0x62,0xff,0xd9,0x3a,0x62,0xff,0xd9,0x3b,0x62,0xfe,0xda,0x3d,0x62,0xfe,0xda,0x3e,
    0x62,0xfe,0xda,0x3f,0x63,0x71,0x00,0x00,0x00,0x00,0x7f,0x00,0x7f,0x02,0x00,0x00,0x00,0x00,0x00,0x00,0x00,0x00,0x00,0x00,
    0x00,0x00,0x00,0x00,0x00,0x00,0x00,0x00,0x00,0x00,0x00,0x00,0x00,0x00,0x00,0x00,0x00,0x00,0x00,0x00,0x00,0x00,0x00,0x00,
    0x00,0x00,0x00,0x00,0x00,0x00,0x00,0x00,0x00,0x00,0x00,0x00,0x00,0x00,0x00,0x00,0x00,0x00,0x00,0x00,0x00,0x00,0x00,0x00,
    0x00,0x00,0x00,0x00,0x00,0x00,0x00,0x00,0x00,0x00,0x00,0x00,0x00,0x00,0xff,0x00,0xff,0x01,0xff,0x00,0xff,0x01,0xd0,0x45,
    0x5c,0x0b,0xe1,0x51,0x61,0xa5,0xeb,0x55,0x66,0xff,0xdf,0x4f,0x61,0xfe,0xe0,0x4b,0x60,0xff,0xf1,0xad,0xb7,0xff,0xff,0xff,
    0xff,0xff,0xff,0xfe,0xfe,0xff,0xff,0xfe,0xfe,0xff,0xff,0xfe,0xfe,0xff,0xff,0xfe,0xfe,0xff,0xff,0xfe,0xfe,0xff,0xfe,0xfd,
    0xfd,0xff,0xfe,0xfd,0xfd,0xff,0xfe,0xfc,0xfc,0xff,0xfe,0xfc,0xfc,0xff,0xfd,0xf8,0xf8,0xff,0xfc,0xf3,0xf3,0xff,0xfb,0xe9,
    0xea,0xff,0xf8,0xd6,0xd8,0xff,0xf6,0xc6,0xc7,0xff,0xed,0x9a,0xa5,0xff,0xe5,0x79,0x98,0xff,0xfb,0xeb,0xf0,0xff,0xff,0xff,
    0xff,0xff,0xff,0xfe,0xfe,0xff,0xff,0xff,0xff,0xff,0xff,0xff,0xff,0xff,0xff,0xff,0xff,0xff,0xff,0xfe,0xfe,0xff,0xff,0xff,
    0xff,0xff,0xec,0x9f,0xb6,0xff,0xd7,0x31,0x61,0xff,0xd8,0x34,0x62,0xff,0xd8,0x36,0x62,0xff,0xd9,0x38,0x62,0xff,0xd9,0x39,
    0x62,0xff,0xda,0x3b,0x62,0xff,0xda,0x3b,0x62,0xff,0xd9,0x3c,0x62,0xfe,0xde,0x40,0x63,0xff,0xdb,0x3f,0x60,0xdd,0xdd,0x43,
    0x64,0x26,0x00,0x00,0x00,0x00,0xff,0x00,0x00,0x01,0x00,0x00,0x00,0x00,0x00,0x00,0x00,0x00,0x00,0x00,0x00,0x00,0x00,0x00,
    0x00,0x00,0x00,0x00,0x00,0x00,0x00,0x00,0x00,0x00,0x00,0x00,0x00,0x00,0x00,0x00,0x00,0x00,0x00,0x00,0x00,0x00,0x00,0x00,
    0x00,0x00,0x00,0x00,0x00,0x00,0x00,0x00,0x00,0x00,0x00,0x00,0x00,0x00,0x00,0x00,0x00,0x00,0x00,0x00,0x00,0x00,0x00,0x00,
    0x00,0x00,0x00,0x00,0x00,0x00,0x7f,0x7f,0x7f,0x02,0x00,0x00,0x00,0x00,0xe1,0x55,0x62,0x60,0xe3,0x54,0x62,0xf4,0xe2,0x51,
    0x62,0xfe,0xe0,0x50,0x63,0xfe,0xdf,0x49,0x5e,0xff,0xe4,0x6b,0x7d,0xff,0xfa,0xe4,0xe7,0xff,0xff,0xff,0xff,0xff,0xff,0xfe,
    0xfe,0xff,0xff,0xff,0xff,0xff,0xff,0xff,0xff,0xff,0xff,0xff,0xff,0xff,0xff,0xff,0xff,0xff,0xfe,0xfe,0xfe,0xff,0xfe,0xfe,
    0xfe,0xff,0xfe,0xfd,0xfd,0xff,0xfe,0xfb,0xfb,0xff,0xfd,0xf6,0xf6,0xff,0xfc,0xf1,0xf1,0xff,0xfa,0xe3,0xe4,0xff,0xf7,0xce,
    0xd0,0xff,0xf4,0xbd,0xbe,0xff,0xe4,0x71,0x8d,0xfd,0xea,0x9a,0xb3,0xff,0xff,0xff,0xff,0xff,0xff,0xfe,0xff,0xff,0xff,0xff,
    0xff,0xff,0xff,0xff,0xff,0xff,0xff,0xff,0xff,0xff,0xff,0xfe,0xfe,0xff,0xff,0xfe,0xfe,0xff,0xfb,0xeb,0xf0,0xff,0xe1,0x62,
    0x85,0xff,0xd7,0x31,0x5f,0xff,0xd9,0x37,0x63,0xff,0xd9,0x38,0x62,0xff,0xd9,0x3a,0x62,0xff,0xda,0x3c,0x62,0xff,0xda,0x3c,
    0x62,0xff,0xdb,0x3e,0x62,0xff,0xda,0x3f,0x61,0xfe,0xdf,0x42,0x62,0xff,0xdb,0x42,0x60,0x8a,0xbf,0x3f,0x3f,0x04,0xff,0x00,
    0x00,0x02,0xff,0x00,0x00,0x01,0xff,0x00,0x00,0x01,0x00,0x00,0x00,0x01,0x00,0x00,0x00,0x01,0xff,0x00,0x00,0x01,0xff,0x00,
    0x00,0x01,0xff,0x00,0x00,0x01,0x00,0x00,0x00,0x00,0x00,0x00,0x00,0x00,0x00,0x00,0x00,0x00,0x00,0x00,0x00,0x00,0x00,0x00,
    0x00,0x00,0x00,0x00,0x00,0x00,0x00,0x00,0x00,0x00,0x00,0x00,0x00,0x00,0x00,0x00,0x00,0x00,0xff,0x00,0x00,0x01,0x00,0x00,
    0x00,0x00,0xe4,0x50,0x6b,0x13,0xe1,0x54,0x61,0xcd,0xe9,0x56,0x65,0xff,0xe0,0x51,0x62,0xfe,0xe1,0x4f,0x62,0xff,0xe0,0x4f,
    0x63,0xff,0xdf,0x48,0x5f,0xff,0xec,0x95,0xa3,0xff,0xff,0xfa,0xfb,0xff,0xff,0xff,0xff,0xff,0xff,0xfe,0xfe,0xff,0xff,0xff,
    0xff,0xff,0xff,0xff,0xff,0xff,0xff,0xff,0xff,0xff,0xff,0xfe,0xfe,0xff,0xfe,0xfe,0xfe,0xff,0xfe,0xfd,0xfd,0xff,0xfe,0xfd,
    0xfd,0xff,0xfd,0xfa,0xfa,0xff,0xfd,0xf5,0xf5,0xff,0xfb,0xec,0xec,0xff,0xf9,0xd9,0xdb,0xff,0xf6,0xc9,0xc8,0xff,0xed,0xa1,
    0xaa,0xf9,0xe2,0x6c,0x8d,0xfe,0xf8,0xd9,0xe4,0xff,0xff,0xff,0xff,0xff,0xff,0xfe,0xfe,0xff,0xff,0xff,0xff,0xff,0xff,0xff,
    0xff,0xff,0xff,0xff,0xff,0xff,0xff,0xfe,0xfe,0xff,0xff,0xff,0xff,0xff,0xf3,0xc0,0xcd,0xff,0xd9,0x3d,0x67,0xff,0xd9,0x36,
    0x61,0xff,0xd9,0x3a,0x63,0xff,0xda,0x3a,0x62,0xff,0xda,0x3c,0x62,0xff,0xdb,0x3d,0x62,0xff,0xdb,0x3f,0x62,0xff,0xdb,0x40,
    0x61,0xfe,0xdf,0x42,0x62,0xfe,0xdd,0x43,0x60,0xea,0xde,0x45,0x62,0x46,0x00,0x00,0x00,0x00,0xaa,0x00,0x55,0x03,0x00,0x00,
    0x00,0x00,0xff,0x00,0x00,0x01,0xff,0x00,0x00,0x01,0x00,0x00,0x00,0x01,0x00,0x00,0x00,0x01,0xff,0x00,0x00,0x01,0xff,0x00,
    0x00,0x01,0x00,0x00,0x00,0x00,0x00,0x00,0x00,0x00,0x00,0x00,0x00,0x00,0x00,0x00,0x00,0x00,0x00,0x00,0x00,0x00,0x00,0x00,
    0x00,0x00,0x00,0x00,0x00,0x00,0x00,0x00,0x00,0x00,0xff,0x00,0x00,0x01,0x00,0x00,0x00,0x00,0xe4,0x55,0x60,0x74,0xe3,0x55,
    0x61,0xfa,0xe2,0x53,0x62,0xfe,0xe0,0x51,0x62,0xfe,0xe1,0x4f,0x62,0xff,0xe0,0x4f,0x63,0xff,0xdf,0x47,0x5e,0xff,0xe2,0x58,
    0x6e,0xff,0xf7,0xd3,0xd9,0xff,0xff,0xff,0xff,0xff,0xff,0xfc,0xfc,0xff,0xff,0xfd,0xfe,0xff,0xff,0xfd,0xfe,0xff,0xff,0xfd,
    0xfe,0xff,0xff,0xfd,0xfd,0xff,0xff,0xfc,0xfc,0xff,0xfe,0xfb,0xfc,0xff,0xfe,0xfb,0xfc,0xff,0xfd,0xfc,0xfc,0xff,0xfd,0xf8,
    0xf8,0xff,0xfc,0xf2,0xf2,0xff,0xfa,0xe5,0xe7,0xff,0xf7,0xd0,0xd3,0xff,0xf6,0xc2,0xc3,0xff,0xe8,0x83,0x96,0xff,0xe8,0x8b,
    0xa9,0xff,0xfe,0xfa,0xfb,0xff,0xff,0xfe,0xfe,0xff,0xff,0xff,0xff,0xff,0xff,0xff,0xff,0xff,0xff,0xff,0xff,0xff,0xff,0xfe,
    0xfe,0xff,0xff,0xfe,0xfe,0xff,0xfd,0xf5,0xf7,0xff,0xe6,0x7a,0x96,0xff,0xd8,0x31,0x5c,0xff,0xd9,0x3b,0x63,0xff,0xda,0x3b,
    0x62,0xff,0xdb,0x3d,0x62,0xff,0xdb,0x3e,0x62,0xff,0xdb,0x40,0x61,0xff,0xdc,0x41,0x61,0xff,0xdc,0x41,0x61,0xfc,0xe8,0x47,
    0x65,0xff,0xdd,0x44,0x61,0xa8,0xe5,0x33,0x66,0x0a,0x00,0x00,0x00,0x00,0x00,0x00,0x00,0x00,0x00,0x00,0x00,0x00,0x00,0x00,
    0x00,0x00,0x00,0x00,0x00,0x00,0x00,0x00,0x00,0x00,0x00,0x00,0x00,0x00,0x00,0x00,0x00,0x00,0x00,0x00,0x00,0x00,0x00,0x00,
    0x00,0x01,0x00,0x00,0x00,0x00,0x00,0x00,0x00,0x00,0x00,0x00,0x00,0x00,0x00,0x00,0x00,0x00,0x00,0x00,0x00,0x00,0xff,0x7f,
    0x7f,0x02,0x00,0x00,0x00,0x00,0xe2,0x5b,0x60,0x35,0xe3,0x56,0x60,0xdd,0xe7,0x56,0x62,0xff,0xe0,0x52,0x61,0xfe,0xe1,0x51,
    0x61,0xff,0xe1,0x4f,0x62,0xff,0xe0,0x4e,0x62,0xff,0xe0,0x4c,0x64,0xff,0xde,0x45,0x5e,0xff,0xe9,0x82,0x94,0xff,0xfe,0xfb,
    0xfb,0xff,0xff,0xff,0xff,0xff,0xff,0xff,0xff,0xff,0xff,0xff,0xff,0xff,0xff,0xff,0xff,0xff,0xff,0xff,0xff,0xff,0xff,0xff,
    0xff,0xff,0xff,0xff,0xff,0xff,0xff,0xff,0xff,0xff,0xff,0xff,0xfe,0xff,0xfe,0xfa,0xfa,0xff,0xfd,0xf6,0xf6,0xff,0xfb,0xed,
    0xee,0xff,0xf9,0xdd,0xde,0xff,0xf7,0xcc,0xcc,0xff,0xf2,0xaf,0xb4,0xfb,0xe1,0x67,0x87,0xfa,0xf4,0xc5,0xd5,0xff,0xff,0xff,
    0xff,0xff,0xff,0xfd,0xfe,0xff,0xff,0xff,0xff,0xff,0xff,0xff,0xff,0xff,0xff,0xff,0xff,0xff,0xff,0xfe,0xfe,0xff,0xff,0xff,
    0xff,0xff,0xf6,0xce,0xd9,0xff,0xde,0x4e,0x72,0xff,0xd9,0x37,0x5f,0xff,0xdb,0x3d,0x63,0xff,0xdb,0x3e,0x61,0xff,0xdb,0x3f,
    0x62,0xff,0xdc,0x40,0x61,0xff,0xdc,0x42,0x61,0xff,0xdc,0x43,0x61,0xfe,0xde,0x45,0x61,0xfe,0xdd,0x45,0x60,0xf5,0xdf,0x48,
    0x62,0xa9,0xde,0x48,0x61,0x8d,0xdf,0x49,0x61,0x92,0xdf,0x49,0x60,0x91,0xdf,0x4b,0x60,0x91,0xe1,0x4d,0x60,0x91,0xdf,0x4d,
    0x60,0x91,0xdf,0x4f,0x62,0x94,0xde,0x4e,0x5f,0x6e,0xdd,0x55,0x55,0x0f,0x00,0x00,0x00,0x00,0xff,0x00,0x00,0x01,0x00,0x00,
    0x00,0x00,0x00,0x00,0x00,0x00,0x00,0x00,0x00,0x00,0x00,0x00,0x00,0x00,0x7f,0x7f,0x7f,0x02,0x00,0x00,0x00,0x00,0xe3,0x58,
    0x60,0x82,0xee,0x5a,0x66,0xff,0xe1,0x55,0x61,0xfc,0xe2,0x53,0x62,0xff,0xe1,0x51,0x61,0xff,0xe1,0x4f,0x62,0xff,0xe0,0x4e,
    0x62,0xff,0xdf,0x4c,0x63,0xff,0xde,0x48,0x60,0xff,0xdf,0x4c,0x66,0xff,0xf0,0xab,0xb7,0xff,0xfa,0xe1,0xe6,0xff,0xf9,0xdb,
    0xe1,0xff,0xf8,0xdc,0xe2,0xff,0xf8,0xdc,0xe2,0xff,0xf8,0xdb,0xe2,0xff,0xf8,0xdb,0xe3,0xff,0xf7,0xda,0xe2,0xff,0xf8,0xdb,
    0xe3,0xff,0xfc,0xf2,0xf6,0xff,0xfe,0xfd,0xfd,0xff,0xfd,0xf8,0xf8,0xff,0xfc,0xf3,0xf3,0xff,0xfb,0xe8,0xe8,0xff,0xf7,0xd4,
    0xd5,0xff,0xf5,0xc5,0xc4,0xfe,0xea,0x8e,0x9e,0xfe,0xe6,0x7c,0x9c,0xff,0xfd,0xf2,0xf6,0xff,0xff,0xfe,0xfe,0xff,0xff,0xff,
    0xff,0xff,0xff,0xff,0xff,0xff,0xff,0xff,0xff,0xff,0xff,0xff,0xff,0xff,0xff,0xfe,0xfe,0xff,0xff,0xff,0xff,0xff,0xeb,0x94,
    0xa9,0xff,0xd9,0x36,0x5e,0xff,0xdb,0x3e,0x63,0xff,0xdb,0x3f,0x62,0xff,0xdb,0x40,0x61,0xff,0xdc,0x41,0x61,0xff,0xdc,0x42,
    0x61,0xff,0xdd,0x44,0x61,0xff,0xdd,0x45,0x61,0xff,0xe0,0x47,0x62,0xff,0xe2,0x49,0x63,0xff,0xe2,0x4a,0x63,0xff,0xe3,0x4b,
    0x63,0xff,0xe3,0x4c,0x63,0xff,0xe3,0x4d,0x63,0xff,0xe4,0x4f,0x63,0xff,0xe4,0x4f,0x63,0xff,0xe4,0x50,0x63,0xff,0xe3,0x51,
    0x62,0xff,0xdf,0x50,0x61,0x88,0xda,0x48,0x6d,0x07,0xff,0x00,0x00,0x01,0x00,0x00,0x00,0x00,0x00,0x00,0x00,0x00,0x00,0x00,
    0x00,0x00,0x00,0x00,0x00,0x00,0xff,0x7f,0x7f,0x02,0x00,0x00,0x00,0x00,0xe3,0x57,0x61,0x78,0xec,0x59,0x65,0xff,0xe2,0x55,
    0x61,0xfc,0xe2,0x53,0x61,0xff,0xe1,0x51,0x62,0xff,0xe1,0x4f,0x62,0xff,0xe0,0x4e,0x62,0xff,0xdf,0x4c,0x62,0xff,0xdf,0x4a,
    0x62,0xff,0xde,0x47,0x61,0xff,0xdf,0x50,0x6a,0xff,0xe2,0x5c,0x76,0xff,0xe0,0x57,0x73,0xff,0xdf,0x56,0x74,0xff,0xdf,0x54,
    0x74,0xff,0xde,0x52,0x74,0xff,0xde,0x52,0x75,0xff,0xdc,0x47,0x70,0xff,0xe3,0x6c,0x8d,0xff,0xfb,0xea,0xef,0xff,0xfe,0xff,
    0xff,0xff,0xfe,0xfa,0xfa,0xff,0xfd,0xf6,0xf7,0xff,0xfc,0xf0,0xef,0xff,0xf9,0xe0,0xe2,0xff,0xf7,0xcc,0xce,0xff,0xf5,0xba,
    0xbb,0xff,0xe2,0x64,0x84,0xff,0xef,0xae,0xc2,0xff,0xff,0xff,0xff,0xff,0xff,0xfe,0xfe,0xff,0xff,0xff,0xff,0xff,0xff,0xff,
    0xff,0xff,0xff,0xff,0xff,0xff,0xff,0xfe,0xfe,0xff,0xff,0xff,0xff,0xff,0xfa,0xe3,0xe9,0xff,0xe1,0x5f,0x7e,0xff,0xda,0x39,
    0x5e,0xff,0xdb,0x41,0x63,0xff,0xdc,0x40,0x61,0xff,0xdc,0x42,0x61,0xff,0xdd,0x43,0x61,0xff,0xdd,0x45,0x61,0xff,0xde,0x46,
    0x61,0xff,0xdd,0x47,0x61,0xfe,0xde,0x48,0x60,0xfd,0xde,0x49,0x60,0xfe,0xde,0x4a,0x60,0xfe,0xde,0x4b,0x60,0xfe,0xdf,0x4c,
    0x60,0xfe,0xdf,0x4e,0x60,0xfe,0xdf,0x4e,0x60,0xfe,0xe0,0x4f,0x60,0xfd,0xe3,0x51,0x62,0xff,0xe1,0x51,0x61,0xf1,0xdf,0x52,
    0x5e,0x41,0x00,0x00,0x00,0x00,0xff,0x00,0x00,0x01,0x00,0x00,0x00,0x00,0x00,0x00,0x00,0x00,0x00,0x00,0x00,0x00,0x7f,0x7f,
    0x7f,0x02,0x00,0x00,0x00,0x00,0xe2,0x55,0x63,0x24,0xe3,0x55,0x61,0xd4,0xe9,0x57,0x63,0xff,0xe1,0x53,0x61,0xfd,0xe1,0x51,
    0x62,0xff,0xe1,0x4f,0x62,0xff,0xe0,0x4e,0x62,0xff,0xdf,0x4c,0x62,0xff,0xdf,0x4a,0x62,0xff,0xde,0x48,0x62,0xff,0xde,0x45,
    0x61,0xff,0xdd,0x41,0x60,0xff,0xdc,0x3f,0x60,0xff,0xdb,0x3d,0x60,0xff,0xdb,0x3b,0x60,0xff,0xda,0x39,0x60,0xff,0xda,0x37,
    0x61,0xff,0xd8,0x34,0x60,0xff,0xec,0x9e,0xb4,0xff,0xfe,0xff,0xfe,0xff,0xfe,0xfe,0xfd,0xff,0xfe,0xfc,0xfc,0xff,0xfd,0xfa,
    0xfa,0xff,0xfc,0xf5,0xf5,0xff,0xfb,0xe9,0xea,0xff,0xf9,0xdb,0xdb,0xff,0xf2,0xb2,0xba,0xff,0xdc,0x48,0x72,0xff,0xdf,0x5c,
    0x84,0xff,0xfb,0xed,0xf1,0xff,0xff,0xff,0xff,0xff,0xff,0xfe,0xfe,0xff,0xff,0xff,0xff,0xff,0xff,0xff,0xff,0xff,0xff,0xff,
    0xff,0xff,0xff,0xff,0xff,0xff,0xff,0xff,0xff,0xff,0xf0,0xb1,0xc0,0xff,0xda,0x3f,0x60,0xff,0xdb,0x40,0x62,0xff,0xdc,0x42,
    0x61,0xff,0xdd,0x43,0x61,0xff,0xdd,0x44,0x61,0xff,0xde,0x46,0x61,0xff,0xde,0x46,0x61,0xff,0xde,0x48,0x61,0xff,0xdf,0x49,
    0x61,0xff,0xdf,0x4a,0x61,0xff,0xdf,0x4b,0x61,0xff,0xdf,0x4c,0x61,0xff,0xe0,0x4d,0x61,0xff,0xe0,0x4e,0x61,0xff,0xe0,0x4f,
    0x61,0xff,0xe1,0x50,0x61,0xff,0xe0,0x50,0x60,0xfd,0xe9,0x54,0x64,0xff,0xe3,0x53,0x61,0xaf,0xdd,0x55,0x66,0x0f,0xff,0x00,
    0x00,0x01,0xff,0x00,0x00,0x01,0x00,0x00,0x00,0x00,0x00,0x00,0x00,0x00,0x00,0x00,0x00,0x00,0xff,0xff,0xff,0x01,0x00,0x00,
    0x00,0x00,0xe1,0x55,0x5e,0x71,0xe4,0x56,0x62,0xfc,0xe3,0x53,0x62,0xfe,0xe0,0x51,0x62,0xfe,0xe1,0x4f,0x62,0xff,0xe0,0x4e,
    0x62,0xff,0xdf,0x4c,0x62,0xff,0xdf,0x4a,0x62,0xff,0xde,0x48,0x62,0xff,0xde,0x47,0x62,0xff,0xdd,0x45,0x63,0xff,0xdd,0x43,
    0x63,0xff,0xdc,0x41,0x63,0xff,0xdb,0x3f,0x63,0xff,0xdb,0x3e,0x64,0xff,0xd8,0x33,0x5e,0xff,0xe4,0x72,0x91,0xff,0xfc,0xf0,
    0xf4,0xff,0xfe,0xff,0xff,0xff,0xfe,0xfd,0xfd,0xff,0xfe,0xfd,0xfd,0xff,0xfe,0xfc,0xfc,0xff,0xfd,0xf7,0xf7,0xff,0xfc,0xf1,
    0xf1,0xff,0xfb,0xe7,0xe6,0xff,0xe8,0x85,0x9e,0xff,0xd5,0x2b,0x5f,0xff,0xd6,0x30,0x61,0xff,0xeb,0x99,0xb2,0xff,0xfe,0xfd,
    0xfd,0xff,0xff,0xfe,0xfe,0xff,0xff,0xff,0xff,0xff,0xff,0xff,0xff,0xff,0xff,0xff,0xff,0xff,0xff,0xfe,0xff,0xff,0xff,0xfe,
    0xfe,0xff,0xfc,0xef,0xf2,0xff,0xe5,0x70,0x88,0xff,0xdb,0x3c,0x5d,0xff,0xdc,0x44,0x62,0xff,0xdd,0x44,0x61,0xff,0xdd,0x45,
    0x61,0xff,0xde,0x47,0x61,0xff,0xde,0x47,0x61,0xff,0xdf,0x49,0x61,0xff,0xdf,0x4a,0x61,0xff,0xdf,0x4b,0x61,0xff,0xdf,0x4b,
    0x61,0xff,0xe0,0x4d,0x61,0xff,0xe0,0x4d,0x61,0xff,0xe0,0x4f,0x61,0xff,0xe1,0x4f,0x61,0xff,0xe1,0x50,0x61,0xff,0xe1,0x51,
    0x61,0xfe,0xe4,0x53,0x61,0xfe,0xe4,0x54,0x61,0xf8,0xe3,0x53,0x62,0x65,0x00,0x00,0x00,0x00,0x7f,0x00,0x00,0x02,0x00,0x00,
    0x00,0x00,0x00,0x00,0x00,0x00,0x00,0x00,0x00,0x00,0xff,0x00,0x00,0x01,0xff,0x00,0x00,0x01,0xec,0x5b,0x5b,0x0e,0xe2,0x55,
    0x61,0xc2,0xe7,0x54,0x63,0xff,0xe0,0x51,0x61,0xfe,0xe1,0x4f,0x62,0xff,0xe0,0x4e,0x62,0xff,0xdf,0x4c,0x62,0xff,0xdf,0x4a,
    0x62,0xff,0xde,0x48,0x62,0xff,0xde,0x46,0x62,0xff,0xdd,0x44,0x62,0xff,0xdc,0x42,0x62,0xff,0xdb,0x40,0x62,0xff,0xdb,0x3e,
    0x62,0xff,0xda,0x3b,0x61,0xff,0xdb,0x42,0x6a,0xff,0xf4,0xc4,0xd0,0xff,0xff,0xff,0xff,0xff,0xff,0xfd,0xfd,0xff,0xff,0xfe,
    0xfe,0xff,0xfe,0xfd,0xfd,0xff,0xfe,0xfc,0xfc,0xff,0xfd,0xf9,0xf9,0xff,0xfd,0xf9,0xf8,0xff,0xf5,0xc9,0xd4,0xff,0xdc,0x4a,
    0x76,0xff,0xd6,0x2d,0x60,0xff,0xd6,0x2f,0x5f,0xff,0xdc,0x4b,0x74,0xff,0xf7,0xd8,0xe1,0xff,0xff,0xff,0xff,0xff,0xff,0xfe,
    0xfe,0xff,0xff,0xff,0xff,0xff,0xff,0xff,0xff,0xff,0xff,0xff,0xff,0xff,0xff,0xfe,0xfe,0xff,0xff,0xff,0xff,0xff,0xf5,0xc8,
    0xd2,0xff,0xde,0x4d,0x6b,0xff,0xdd,0x42,0x60,0xff,0xdd,0x45,0x62,0xff,0xdd,0x45,0x61,0xff,0xde,0x47,0x61,0xff,0xde,0x48,
    0x61,0xff,0xdf,0x49,0x61,0xff,0xdf,0x4a,0x61,0xff,0xdf,0x4b,0x61,0xff,0xdf,0x4c,0x61,0xff,0xe0,0x4d,0x61,0xff,0xe0,0x4e,
    0x61,0xff,0xe0,0x4f,0x61,0xff,0xe1,0x50,0x61,0xff,0xe1,0x51,0x61,0xff,0xe1,0x52,0x61,0xff,0xe1,0x52,0x60,0xfd,0xea,0x57,
    0x65,0xff,0xe2,0x54,0x61,0xc7,0xe0,0x51,0x66,0x19,0x00,0x00,0x00,0x00,0x00,0x00,0x00,0x00,0x00,0x00,0x00,0x00,0x00,0x00,
    0x00,0x00,0x00,0x00,0x00,0x00,0xff,0xff,0xff,0x01,0x00,0x00,0x00,0x00,0xe2,0x52,0x62,0x50,0xe3,0x53,0x61,0xf7,0xe3,0x52,
    0x62,0xff,0xe0,0x4f,0x62,0xfe,0xe0,0x4e,0x62,0xff,0xdf,0x4c,0x62,0xff,0xdf,0x4a,0x62,0xff,0xde,0x48,0x62,0xff,0xde,0x46,
    0x62,0xff,0xdd,0x44,0x62,0xff,0xdc,0x42,0x62,0xff,0xdc,0x40,0x62,0xff,0xdb,0x3f,0x63,0xff,0xdb,0x38,0x5f,0xff,0xe8,0x83,
    0x9c,0xff,0xfd,0xf9,0xfa,0xff,0xff,0xfe,0xfe,0xff,0xff,0xfe,0xfe,0xff,0xff,0xff,0xff,0xff,0xfe,0xfe,0xfe,0xff,0xfe,0xfc,
    0xfc,0xff,0xfe,0xfd,0xfd,0xff,0xfd,0xf5,0xf6,0xff,0xe6,0x7f,0x9e,0xff,0xd6,0x2c,0x60,0xff,0xd7,0x32,0x63,0xff,0xd8,0x34,
    0x63,0xff,0xd6,0x2f,0x5e,0xff,0xe7,0x89,0xa3,0xff,0xfd,0xf8,0xf9,0xff,0xff,0xfe,0xfe,0xff,0xff,0xfe,0xfe,0xff,0xff,0xff,
    0xff,0xff,0xff,0xff,0xff,0xff,0xff,0xff,0xff,0xff,0xff,0xfe,0xfe,0xff,0xfe,0xfa,0xfb,0xff,0xe9,0x87,0x9b,0xff,0xdc,0x3d,
    0x5b,0xff,0xdd,0x46,0x62,0xff,0xde,0x46,0x61,0xff,0xde,0x48,0x61,0xff,0xdf,0x49,0x61,0xff,0xdf,0x4a,0x61,0xff,0xdf,0x4a,
    0x61,0xff,0xe0,0x4c,0x61,0xff,0xe0,0x4d,0x61,0xff,0xe0,0x4e,0x61,0xff,0xe1,0x4f,0x61,0xff,0xe1,0x50,0x61,0xff,0xe1,0x50,
    0x61,0xff,0xe2,0x52,0x61,0xff,0xe2,0x52,0x61,0xff,0xe2,0x54,0x61,0xff,0xe4,0x54,0x61,0xfd,0xe8,0x57,0x63,0xfa,0xe3,0x55,
    0x60,0x81,0xff,0xff,0xff,0x01,0x00,0x00,0x00,0x00,0x00,0x00,0x00,0x00,0x00,0x00,0x00,0x00,0x00,0x00,0x00,0x00,0xff,0xff,
    0xff,0x01,0xff,0x00,0xff,0x01,0xd0,0x5c,0x5c,0x0b,0xe2,0x53,0x61,0xa2,0xe7,0x54,0x64,0xff,0xdf,0x4f,0x61,0xfe,0xe0,0x4e,
    0x62,0xff,0xdf,0x4c,0x62,0xff,0xdf,0x4a,0x62,0xff,0xde,0x48,0x62,0xff,0xde,0x46,0x62,0xff,0xdd,0x44,0x62,0xff,0xdd,0x42,
    0x62,0xff,0xdc,0x42,0x63,0xff,0xda,0x39,0x5e,0xff,0xdf,0x50,0x73,0xff,0xf7,0xd6,0xde,0xff,0xff,0xff,0xff,0xff,0xff,0xfe,
    0xfe,0xff,0xff,0xff,0xff,0xff,0xff,0xff,0xff,0xff,0xfe,0xfe,0xfe,0xff,0xfe,0xfd,0xfd,0xff,0xff,0xff,0xff,0xff,0xf3,0xc7,
    0xd4,0xfc,0xd8,0x3b,0x6a,0xff,0xd6,0x2d,0x60,0xff,0xd7,0x33,0x63,0xff,0xd8,0x34,0x63,0xff,0xd8,0x32,0x60,0xff,0xda,0x41,
    0x69,0xff,0xf3,0xc1,0xce,0xff,0xff,0xff,0xff,0xff,0xff,0xfe,0xfe,0xff,0xff,0xff,0xff,0xff,0xff,0xff,0xff,0xff,0xff,0xff,
    0xff,0xff,0xff,0xfe,0xfe,0xff,0xff,0xff,0xff,0xff,0xf8,0xd8,0xde,0xff,0xe1,0x5d,0x75,0xff,0xdd,0x43,0x5e,0xff,0xde,0x48,
    0x62,0xff,0xde,0x48,0x61,0xff,0xdf,0x49,0x61,0xff,0xdf,0x4b,0x61,0xff,0xdf,0x4b,0x61,0xff,0xe0,0x4c,0x61,0xff,0xe0,0x4d,
    0x61,0xff,0xe1,0x4f,0x62,0xff,0xe1,0x51,0x62,0xff,0xe1,0x51,0x62,0xff,0xe1,0x52,0x62,0xff,0xe2,0x54,0x62,0xff,0xe2,0x54,
    0x62,0xff,0xe2,0x56,0x62,0xff,0xe2,0x55,0x61,0xfe,0xe9,0x59,0x64,0xff,0xe2,0x56,0x61,0xe0,0xe1,0x53,0x62,0x34,0x00,0x00,
    0x00,0x00,0x00,0x00,0x00,0x00,0x00,0x00,0x00,0x00,0x00,0x00,0x00,0x00,0x00,0x00,0x00,0x00,0xff,0x00,0xff,0x01,0x00,0x00,
    0x00,0x00,0xe1,0x53,0x5d,0x34,0xe2,0x52,0x62,0xd9,0xe6,0x52,0x64,0xff,0xe0,0x4d,0x61,0xfd,0xdf,0x4c,0x62,0xff,0xdf,0x4a,
    0x62,0xff,0xde,0x48,0x62,0xff,0xde,0x46,0x62,0xff,0xdd,0x44,0x62,0xff,0xdc,0x43,0x63,0xff,0xdc,0x40,0x62,0xff,0xda,0x3a,
    0x60,0xff,0xec,0x97,0xab,0xff,0xff,0xff,0xff,0xff,0xff,0xfe,0xfe,0xff,0xff,0xff,0xff,0xff,0xff,0xff,0xff,0xff,0xff,0xff,
    0xff,0xff,0xff,0xfe,0xfe,0xff,0xff,0xfe,0xfe,0xff,0xfc,0xf0,0xf3,0xff,0xe0,0x66,0x8c,0xf9,0xd5,0x2a,0x5d,0xfe,0xd8,0x33,
    0x63,0xff,0xd7,0x33,0x62,0xff,0xd8,0x35,0x62,0xff,0xd8,0x37,0x63,0xff,0xd8,0x32,0x5e,0xff,0xe3,0x71,0x8f,0xff,0xfc,0xf2,
    0xf4,0xff,0xff,0xff,0xff,0xff,0xff,0xfe,0xfe,0xff,0xff,0xff,0xff,0xff,0xff,0xff,0xff,0xff,0xff,0xff,0xff,0xff,0xff,0xfe,
    0xfe,0xff,0xff,0xff,0xff,0xff,0xee,0xa2,0xb0,0xff,0xdd,0x45,0x5f,0xff,0xde,0x48,0x61,0xff,0xdf,0x4a,0x62,0xff,0xdf,0x4a,
    0x61,0xff,0xdf,0x4b,0x61,0xff,0xdf,0x4c,0x61,0xff,0xe0,0x4d,0x61,0xff,0xe0,0x4e,0x61,0xff,0xe0,0x4c,0x5e,0xff,0xe0,0x48,
    0x5a,0xff,0xe0,0x49,0x5a,0xff,0xe0,0x4a,0x5a,0xff,0xe1,0x4c,0x5a,0xff,0xe1,0x4c,0x5a,0xff,0xe1,0x4d,0x5a,0xff,0xe1,0x4e,
    0x5a,0xff,0xe1,0x4f,0x5a,0xff,0xe3,0x54,0x5f,0xff,0xe3,0x57,0x62,0x9e,0x00,0x00,0x00,0x00,0x00,0x00,0x00,0x00,0x00,0x00,
    0x00,0x00,0x00,0x00,0x00,0x00,0x00,0x00,0x00,0x00,0x00,0x00,0x00,0x01,0xff,0x00,0x00,0x01,0xff,0x66,0x66,0x05,0xe5,0x51,
    0x64,0xa8,0xed,0x54,0x67,0xff,0xdf,0x4d,0x62,0xfc,0xdf,0x4c,0x62,0xff,0xdf,0x4a,0x62,0xff,0xde,0x48,0x62,0xff,0xde,0x46,
    0x62,0xff,0xdd,0x44,0x62,0xff,0xdc,0x43,0x63,0xff,0xdb,0x3b,0x5d,0xff,0xe2,0x66,0x83,0xff,0xfb,0xe9,0xee,0xff,0xff,0xff,
    0xff,0xff,0xff,0xfe,0xfe,0xff,0xff,0xff,0xff,0xff,0xff,0xff,0xff,0xff,0xff,0xff,0xff,0xff,0xff,0xfc,0xfe,0xff,0xff,0xff,
    0xff,0xff,0xee,0xac,0xc0,0xff,0xd7,0x32,0x64,0xff,0xd6,0x30,0x61,0xff,0xd7,0x33,0x63,0xff,0xd7,0x34,0x62,0xff,0xd8,0x35,
    0x62,0xff,0xd8,0x38,0x63,0xff,0xd8,0x37,0x61,0xff,0xda,0x3d,0x64,0xff,0xf0,0xae,0xbe,0xff,0xff,0xff,0xff,0xff,0xff,0xfd,
    0xfe,0xff,0xff,0xff,0xff,0xff,0xff,0xff,0xff,0xff,0xff,0xff,0xff,0xff,0xff,0xfe,0xfe,0xff,0xff,0xff,0xff,0xff,0xfb,0xe7,
    0xea,0xff,0xe5,0x6d,0x81,0xff,0xde,0x43,0x5d,0xff,0xdf,0x4b,0x62,0xff,0xdf,0x4a,0x61,0xff,0xdf,0x4b,0x61,0xff,0xe0,0x4c,
    0x61,0xff,0xe0,0x4f,0x62,0xff,0xdf,0x4b,0x5e,0xff,0xe7,0x77,0x85,0xff,0xf1,0xad,0xb5,0xff,0xf1,0xae,0xb6,0xff,0xf1,0xae,
    0xb5,0xff,0xf1,0xae,0xb5,0xff,0xf1,0xaf,0xb5,0xff,0xf2,0xb0,0xb5,0xff,0xf2,0xb1,0xb6,0xff,0xf2,0xb2,0xb6,0xff,0xe9,0x7b,
    0x82,0xfe,0xe1,0x51,0x5b,0xe4,0x00,0x00,0x00,0x00,0x00,0x00,0x00,0x00,0x00,0x00,0x00,0x00,0x00,0x00,0x00,0x00,0x00,0x00,
    0x00,0x00,0xff,0x7f,0x7f,0x02,0x00,0x00,0x00,0x00,0xe1,0x53,0x62,0x34,0xe1,0x51,0x62,0xdb,0xe6,0x51,0x64,0xff,0xdf,0x4d,
    0x62,0xfe,0xdf,0x4c,0x62,0xff,0xdf,0x4a,0x62,0xff,0xde,0x48,0x62,0xff,0xde,0x46,0x62,0xff,0xdd,0x45,0x62,0xff,0xdd,0x42,
    0x62,0xff,0xdb,0x3f,0x61,0xff,0xf0,0xb3,0xc0,0xff,0xff,0xfe,0xff,0xff,0xff,0xfe,0xfe,0xff,0xff,0xff,0xff,0xff,0xff,0xff,
    0xff,0xff,0xff,0xff,0xff,0xff,0xff,0xfe,0xfe,0xff,0xff,0xff,0xff,0xff,0xfa,0xe4,0xea,0xff,0xde,0x58,0x81,0xff,0xd6,0x2b,
    0x5e,0xff,0xd7,0x34,0x63,0xff,0xd7,0x33,0x62,0xff,0xd8,0x35,0x62,0xff,0xd8,0x36,0x62,0xff,0xd9,0x38,0x62,0xff,0xd9,0x3a,
    0x63,0xff,0xda,0x35,0x5e,0xff,0xe2,0x61,0x81,0xff,0xfa,0xe6,0xeb,0xff,0xff,0xff,0xff,0xff,0xff,0xfe,0xfe,0xff,0xff,0xff,
    0xff,0xff,0xff,0xff,0xff,0xff,0xff,0xff,0xff,0xff,0xff,0xfe,0xfe,0xff,0xff,0xff,0xff,0xff,0xf3,0xba,0xc3,0xff,0xdf,0x4b,
    0x64,0xff,0xdf,0x4a,0x61,0xff,0xdf,0x4c,0x61,0xff,0xe0,0x4c,0x61,0xff,0xe0,0x4e,0x62,0xff,0xe0,0x4c,0x5f,0xff,0xe1,0x55,
    0x68,0xff,0xf6,0xcc,0xd1,0xff,0xff,0xff,0xff,0xff,0xff,0xff,0xff,0xff,0xff,0xff,0xff,0xff,0xff,0xff,0xff,0xff,0xff,0xff,
    0xff,0xff,0xff,0xff,0xff,0xff,0xff,0xff,0xff,0xfe,0xfb,0xe5,0xe7,0xff,0xe9,0x75,0x7c,0xff,0xe0,0x51,0x5c,0xa9,0x00,0x00,
    0x00,0x00,0x00,0x00,0x00,0x00,0x00,0x00,0x00,0x00,0x00,0x00,0x00,0x00,0xff,0x00,0x00,0x01,0xff,0x00,0x00,0x01,0xbf,0x5f,
    0x5f,0x08,0xe2,0x53,0x61,0xa2,0xea,0x55,0x65,0xff,0xe0,0x4f,0x61,0xfe,0xe0,0x4e,0x62,0xff,0xdf,0x4c,0x62,0xff,0xdf,0x4a,
    0x62,0xff,0xde,0x48,0x62,0xff,0xde,0x46,0x62,0xff,0xde,0x46,0x63,0xff,0xdb,0x3b,0x5d,0xff,0xe7,0x7c,0x93,0xff,0xfc,0xf0,
    0xf3,0xff,0xff,0xff,0xff,0xff,0xff,0xfe,0xfe,0xff,0xff,0xff,0xff,0xff,0xff,0xff,0xff,0xff,0xff,0xff,0xff,0xff,0xff,0xfe,
    0xfe,0xff,0xff,0xfd,0xfe,0xff,0xea,0x94,0xaf,0xff,0xd5,0x29,0x5c,0xff,0xd7,0x33,0x63,0xff,0xd7,0x33,0x62,0xff,0xd7,0x33,
    0x62,0xff,0xd8,0x35,0x62,0xff,0xd8,0x37,0x62,0xff,0xd9,0x39,0x62,0xff,0xda,0x3a,0x62,0xff,0xda,0x3c,0x63,0xff,0xda,0x3a,
    0x5f,0xff,0xec,0x9c,0xae,0xff,0xff,0xfc,0xfd,0xff,0xff,0xfe,0xfe,0xff,0xff,0xff,0xff,0xff,0xff,0xff,0xff,0xff,0xff,0xff,
    0xff,0xff,0xff,0xfe,0xfe,0xff,0xff,0xff,0xff,0xff,0xfd,0xf1,0xf3,0xff,0xe9,0x80,0x90,0xff,0xde,0x44,0x5b,0xff,0xe0,0x4e,
    0x62,0xff,0xe0,0x4d,0x61,0xff,0xe0,0x4f,0x62,0xff,0xdf,0x4b,0x5e,0xff,0xed,0x98,0xa3,0xff,0xff,0xfe,0xfe,0xff,0xff,0xfd,
    0xfd,0xff,0xff,0xfe,0xfe,0xff,0xff,0xfe,0xfe,0xff,0xff,0xfe,0xfe,0xff,0xff,0xfd,0xfd,0xff,0xff,0xfd,0xfd,0xff,0xfc,0xf8,
    0xf8,0xfe,0xf1,0x95,0x9c,0xfe,0xe2,0x50,0x5b,0xdd,0xe1,0x5d,0x66,0x3c,0x00,0x00,0x00,0x00,0x00,0x00,0x00,0x00,0x00,0x00,
    0x00,0x00,0x00,0x00,0x00,0x00,0xff,0x00,0xff,0x01,0x00,0x00,0x00,0x00,0xe0,0x52,0x62,0x53,0xe3,0x53,0x62,0xf8,0xe3,0x52,
    0x63,0xfe,0xe0,0x4f,0x62,0xfe,0xe0,0x4e,0x62,0xff,0xdf,0x4c,0x62,0xff,0xdf,0x4a,0x62,0xff,0xde,0x48,0x62,0xff,0xde,0x47,
    0x63,0xff,0xdd,0x42,0x60,0xff,0xde,0x4d,0x6b,0xff,0xf5,0xca,0xd3,0xff,0xff,0xff,0xff,0xff,0xff,0xfe,0xfe,0xff,0xff,0xff,
    0xff,0xff,0xff,0xff,0xff,0xff,0xff,0xff,0xff,0xff,0xff,0xfe,0xfe,0xff,0xff,0xff,0xff,0xfe,0xf7,0xdc,0xe5,0xf9,0xda,0x46,
    0x74,0xfe,0xd6,0x2f,0x60,0xff,0xd7,0x33,0x62,0xff,0xd7,0x34,0x62,0xff,0xd8,0x35,0x62,0xff,0xd9,0x37,0x62,0xff,0xd9,0x38,
    0x62,0xff,0xda,0x39,0x62,0xff,0xda,0x3a,0x62,0xff,0xda,0x3c,0x62,0xff,0xdb,0x3c,0x60,0xff,0xde,0x50,0x70,0xff,0xf7,0xd7,
    0xde,0xff,0xff,0xff,0xff,0xff,0xff,0xfe,0xfe,0xff,0xff,0xff,0xff,0xff,0xff,0xff,0xff,0xff,0xff,0xff,0xff,0xff,0xff,0xfe,
    0xfe,0xff,0xff,0xff,0xff,0xff,0xf7,0xd1,0xd6,0xff,0xe1,0x5b,0x6f,0xff,0xdf,0x49,0x5f,0xff,0xe1,0x50,0x63,0xff,0xdf,0x49,
    0x5d,0xff,0xe4,0x63,0x73,0xff,0xfa,0xe0,0xe3,0xff,0xff,0xff,0xff,0xff,0xff,0xfe,0xfe,0xff,0xff,0xff,0xff,0xff,0xff,0xff,
    0xff,0xff,0xff,0xff,0xff,0xff,0xff,0xfe,0xfe,0xff,0xff,0xff,0xff,0xff,0xf7,0xcc,0xcf,0xfd,0xed,0x64,0x6d,0xff,0xe3,0x55,
    0x5e,0x84,0xff,0x7f,0x7f,0x02,0x00,0x00,0x00,0x00,0x00,0x00,0x00,0x00,0x00,0x00,0x00,0x00,0xff,0x00,0x00,0x01,0xff,0x00,
    0x00,0x01,0xe8,0x58,0x63,0x17,0xe1,0x54,0x61,0xbf,0xe6,0x55,0x63,0xff,0xe0,0x51,0x62,0xfe,0xe1,0x4f,0x62,0xff,0xe0,0x4e,
    0x62,0xff,0xdf,0x4c,0x62,0xff,0xdf,0x4a,0x62,0xff,0xde,0x48,0x62,0xff,0xde,0x46,0x63,0xff,0xdc,0x3f,0x5d,0xff,0xea,0x8c,
    0x9f,0xff,0xfe,0xfb,0xfb,0xff,0xff,0xfe,0xfe,0xff,0xff,0xfe,0xfe,0xff,0xff,0xff,0xff,0xff,0xff,0xff,0xff,0xff,0xff,0xfe,
    0xff,0xff,0xff,0xff,0xff,0xff,0xff,0xf9,0xfa,0xfe,0xe4,0x78,0x98,0xfc,0xd5,0x28,0x5c,0xff,0xd7,0x33,0x63,0xff,0xd7,0x33,
    0x62,0xff,0xd8,0x34,0x62,0xff,0xd8,0x35,0x62,0xff,0xd9,0x37,0x62,0xff,0xd9,0x38,0x62,0xff,0xda,0x3a,0x62,0xff,0xda,0x3b,
    0x62,0xff,0xda,0x3d,0x62,0xff,0xdb,0x40,0x63,0xff,0xdb,0x3b,0x5d,0xff,0xea,0x8b,0x9e,0xff,0xfe,0xf9,0xfa,0xff,0xff,0xfe,
    0xff,0xff,0xff,0xfe,0xff,0xff,0xff,0xff,0xff,0xff,0xff,0xff,0xff,0xff,0xff,0xfe,0xfe,0xff,0xff,0xfe,0xfe,0xff,0xff,0xff,
    0xff,0xff,0xec,0x96,0xa3,0xff,0xdf,0x48,0x5c,0xff,0xe0,0x4f,0x62,0xff,0xe0,0x4f,0x62,0xff,0xf1,0xa9,0xb3,0xff,0xff,0xff,
    0xff,0xff,0xff,0xff,0xff,0xff,0xff,0xff,0xff,0xff,0xff,0xff,0xff,0xff,0xff,0xff,0xff,0xff,0xff,0xff,0xff,0xff,0xff,0xfe,
    0xfe,0xff,0xfb,0xf2,0xf2,0xfe,0xf1,0x86,0x8d,0xff,0xe3,0x53,0x5c,0xca,0xdd,0x5d,0x66,0x1e,0x00,0x00,0x00,0x00,0x00,0x00,
    0x00,0x00,0x00,0x00,0x00,0x00,0x00,0x00,0x00,0x00,0xff,0x00,0x00,0x01,0x00,0x00,0x00,0x00,0xe5,0x58,0x61,0x6e,0xe3,0x55,
    0x61,0xfa,0xe2,0x53,0x62,0xfe,0xe1,0x51,0x62,0xff,0xe1,0x4f,0x62,0xff,0xe0,0x4e,0x62,0xff,0xdf,0x4c,0x62,0xff,0xdf,0x4a,
    0x62,0xff,0xde,0x49,0x62,0xff,0xdd,0x43,0x5f,0xff,0xe1,0x5a,0x74,0xff,0xfa,0xe4,0xe8,0xff,0xff,0xff,0xff,0xff,0xff,0xfe,
    0xfe,0xff,0xff,0xff,0xff,0xff,0xff,0xff,0xff,0xff,0xff,0xff,0xff,0xff,0xff,0xfe,0xfe,0xff,0xff,0xff,0xff,0xff,0xf2,0xbd,
    0xcd,0xff,0xd9,0x3a,0x6b,0xff,0xd6,0x2d,0x5f,0xff,0xd7,0x34,0x63,0xff,0xd8,0x34,0x62,0xff,0xd8,0x35,0x62,0xff,0xd8,0x36,
    0x62,0xff,0xd9,0x38,0x62,0xff,0xd9,0x39,0x62,0xff,0xda,0x3b,0x62,0xff,0xda,0x3c,0x62,0xff,0xdb,0x3e,0x61,0xff,0xdb,0x40,
    0x62,0xff,0xdb,0x3f,0x5f,0xff,0xde,0x4b,0x68,0xff,0xf3,0xbe,0xc9,0xff,0xff,0xff,0xff,0xff,0xff,0xfe,0xfe,0xff,0xff,0xff,
    0xff,0xff,0xff,0xff,0xff,0xff,0xff,0xff,0xff,0xff,0xff,0xfe,0xff,0xff,0xff,0xff,0xff,0xff,0xf9,0xdd,0xe0,0xff,0xe4,0x64,
    0x76,0xff,0xdf,0x46,0x5a,0xff,0xe7,0x76,0x85,0xff,0xfc,0xee,0xef,0xff,0xff,0xff,0xff,0xff,0xff,0xfe,0xfe,0xff,0xff,0xff,
    0xff,0xff,0xff,0xff,0xff,0xff,0xff,0xff,0xff,0xff,0xff,0xfd,0xfe,0xff,0xff,0xff,0xff,0xfe,0xf6,0xbc,0xc0,0xfe,0xe8,0x5c,
    0x65,0xf7,0xe2,0x58,0x5d,0x62,0x00,0x00,0x00,0x00,0xff,0x00,0xff,0x01,0x00,0x00,0x00,0x00,0x00,0x00,0x00,0x00,0xff,0x00,
    0x00,0x01,0x00,0x00,0x00,0x00,0xe0,0x55,0x5c,0x21,0xe1,0x55,0x60,0xd3,0xea,0x58,0x64,0xff,0xe1,0x52,0x61,0xfd,0xe1,0x51,
    0x62,0xff,0xe1,0x4f,0x62,0xff,0xe0,0x4e,0x62,0xff,0xdf,0x4c,0x62,0xff,0xdf,0x4a,0x62,0xff,0xde,0x48,0x62,0xff,0xde,0x48,
    0x64,0xff,0xef,0xa6,0xb4,0xff,0xff,0xff,0xff,0xff,0xff,0xfe,0xfe,0xff,0xff,0xff,0xff,0xff,0xff,0xff,0xff,0xff,0xff,0xff,
    0xff,0xff,0xff,0xfe,0xff,0xff,0xff,0xfe,0xfe,0xff,0xfc,0xec,0xf0,0xff,0xe2,0x69,0x8d,0xff,0xd5,0x2a,0x5d,0xff,0xd7,0x33,
    0x63,0xff,0xd7,0x33,0x62,0xff,0xd8,0x34,0x62,0xff,0xd8,0x36,0x62,0xff,0xd8,0x37,0x62,0xff,0xd9,0x39,0x62,0xff,0xd9,0x3a,
    0x62,0xff,0xda,0x3c,0x61,0xff,0xda,0x3d,0x62,0xff,0xdb,0x3f,0x61,0xff,0xdb,0x3f,0x61,0xff,0xdc,0x43,0x63,0xff,0xdb,0x3a,
    0x5a,0xff,0xe6,0x76,0x8c,0xff,0xfc,0xf1,0xf3,0xff,0xff,0xff,0xff,0xff,0xff,0xfd,0xfe,0xff,0xff,0xfe,0xfe,0xff,0xff,0xfe,
    0xfe,0xff,0xff,0xfe,0xfe,0xff,0xff,0xfd,0xfe,0xff,0xff,0xff,0xff,0xff,0xf1,0xaf,0xb8,0xff,0xe0,0x4f,0x61,0xff,0xf3,0xbc,
    0xc3,0xff,0xff,0xff,0xff,0xff,0xff,0xfe,0xfe,0xff,0xff,0xfe,0xfe,0xff,0xff,0xfe,0xfe,0xff,0xff,0xfe,0xfe,0xff,0xff,0xfd,
    0xfd,0xff,0xff,0xff,0xff,0xff,0xf9,0xe7,0xe8,0xfe,0xef,0x78,0x7f,0xff,0xe4,0x52,0x5b,0xb7,0xf0,0x69,0x78,0x11,0xff,0x00,
    0x00,0x01,0xff,0x7f,0x7f,0x02,0x00,0x00,0x00,0x00,0xff,0x00,0x00,0x01,0xff,0xff,0xff,0x01,0xff,0x55,0x55,0x06,0xe2,0x56,
    0x61,0x8d,0xe8,0x59,0x63,0xfc,0xe1,0x54,0x60,0xfd,0xe2,0x53,0x62,0xff,0xe1,0x51,0x61,0xff,0xe1,0x4f,0x62,0xff,0xe0,0x4e,
    0x62,0xff,0xdf,0x4c,0x62,0xff,0xdf,0x4b,0x63,0xff,0xdd,0x42,0x5d,0xff,0xe6,0x72,0x87,0xff,0xfc,0xeb,0xef,0xff,0xff,0xfe,
    0xff,0xff,0xff,0xfe,0xfe,0xff,0xff,0xff,0xff,0xff,0xff,0xff,0xff,0xff,0xff,0xff,0xff,0xff,0xff,0xfe,0xfe,0xff,0xff,0xff,
    0xff,0xff,0xee,0xab,0xbe,0xff,0xd7,0x33,0x63,0xff,0xd7,0x31,0x62,0xff,0xd7,0x32,0x62,0xff,0xd8,0x34,0x62,0xff,0xd8,0x36,
    0x62,0xff,0xd8,0x37,0x62,0xff,0xd9,0x38,0x62,0xff,0xd9,0x3a,0x62,0xff,0xda,0x3b,0x62,0xff,0xdb,0x3d,0x62,0xff,0xdb,0x3e,
    0x61,0xff,0xdb,0x3f,0x61,0xff,0xdc,0x40,0x61,0xff,0xdc,0x43,0x61,0xff,0xdd,0x44,0x61,0xff,0xdd,0x46,0x62,0xff,0xf0,0xb0,
    0xbc,0xff,0xff,0xff,0xff,0xff,0xfe,0xfd,0xfd,0xff,0xfe,0xfe,0xfe,0xff,0xfe,0xfe,0xfe,0xff,0xfe,0xfe,0xfe,0xff,0xfe,0xfc,
    0xfd,0xff,0xff,0xfe,0xff,0xff,0xfa,0xe4,0xe7,0xff,0xf2,0xb3,0xba,0xff,0xfd,0xf3,0xf4,0xff,0xfe,0xff,0xff,0xff,0xfe,0xfd,
    0xfd,0xff,0xfe,0xfe,0xfe,0xff,0xfe,0xfe,0xfe,0xff,0xfe,0xfe,0xfe,0xff,0xfe,0xfe,0xfe,0xff,0xfd,0xfb,0xfc,0xfe,0xf1,0xa5,
    0xaa,0xfe,0xe2,0x51,0x5b,0xf0,0xe3,0x5c,0x64,0x42,0x00,0x00,0x00,0x00,0xff,0xff,0xff,0x01,0x00,0x00,0x00,0x00,0x00,0x00,
    0x00,0x00,0xff,0xff,0xff,0x01,0x00,0x00,0x00,0x00,0xe5,0x56,0x5f,0x3b,0xe2,0x57,0x60,0xf0,0xe6,0x58,0x62,0xff,0xe1,0x54,
    0x61,0xfe,0xe2,0x53,0x61,0xff,0xe1,0x51,0x61,0xff,0xe1,0x4f,0x62,0xff,0xe0,0x4e,0x62,0xff,0xdf,0x4c,0x62,0xff,0xdf,0x48,
    0x61,0xff,0xdf,0x4a,0x64,0xff,0xf2,0xb9,0xc3,0xff,0xff,0xff,0xff,0xff,0xff,0xfd,0xfd,0xff,0xff,0xff,0xff,0xff,0xff,0xff,
    0xff,0xff,0xff,0xff,0xff,0xff,0xff,0xfe,0xfe,0xff,0xff,0xff,0xff,0xff,0xf9,0xe2,0xe9,0xff,0xdf,0x5a,0x80,0xff,0xd6,0x2d,
    0x5e,0xff,0xd7,0x34,0x63,0xff,0xd7,0x33,0x62,0xff,0xd8,0x35,0x62,0xff,0xd8,0x36,0x62,0xff,0xd9,0x37,0x62,0xff,0xd9,0x38,
    0x62,0xff,0xda,0x3a,0x62,0xff,0xda,0x3c,0x62,0xff,0xdb,0x3e,0x61,0xff,0xdb,0x3e,0x61,0xff,0xdc,0x40,0x61,0xff,0xdc,0x41,
    0x61,0xff,0xdd,0x43,0x61,0xff,0xdd,0x46,0x62,0xff,0xdc,0x40,0x5d,0xff,0xe2,0x61,0x78,0xff,0xf9,0xe3,0xe6,0xff,0xff,0xff,
    0xff,0xff,0xfe,0xfc,0xfc,0xff,0xfe,0xfd,0xfd,0xff,0xfe,0xfd,0xfd,0xff,0xfe,0xfd,0xfd,0xff,0xfe,0xfd,0xfd,0xff,0xfe,0xfc,
    0xfc,0xff,0xfe,0xfe,0xfe,0xff,0xfe,0xfe,0xfe,0xff,0xfe,0xfd,0xfd,0xff,0xfe,0xfd,0xfd,0xff,0xfe,0xfd,0xfd,0xff,0xfe,0xfd,
    0xfd,0xff,0xfe,0xfc,0xfc,0xff,0xfe,0xff,0xff,0xff,0xf7,0xdb,0xdc,0xfd,0xef,0x6d,0x75,0xff,0xe2,0x57,0x60,0x9a,0xdf,0x5f,
    0x5f,0x08,0xff,0xff,0xff,0x01,0xff,0x00,0x00,0x01,0x00,0x00,0x00,0x00,0xff,0x00,0xff,0x01,0xff,0x00,0x00,0x01,0xeb,0x4e,
    0x62,0x0d,0xe2,0x58,0x61,0xa2,0xe9,0x5a,0x63,0xff,0xe2,0x56,0x60,0xfe,0xe3,0x55,0x61,0xff,0xe2,0x53,0x62,0xff,0xe1,0x51,
    0x62,0xff,0xe1,0x4f,0x62,0xff,0xe0,0x4e,0x62,0xff,0xe0,0x4d,0x63,0xff,0xde,0x46,0x5f,0xff,0xe9,0x86,0x97,0xff,0xfd,0xf3,
    0xf4,0xff,0xff,0xff,0xff,0xff,0xff,0xff,0xff,0xff,0xff,0xff,0xff,0xff,0xff,0xff,0xff,0xff,0xff,0xff,0xff,0xff,0xff,0xfe,
    0xfe,0xff,0xff,0xff,0xff,0xff,0xe9,0x8a,0xa4,0xff,0xd7,0x31,0x60,0xff,0xd7,0x34,0x62,0xff,0xd7,0x33,0x62,0xff,0xd8,0x34,
    0x62,0xff,0xd8,0x36,0x62,0xff,0xd8,0x37,0x62,0xff,0xd9,0x39,0x62,0xff,0xda,0x3a,0x62,0xff,0xda,0x3c,0x62,0xff,0xdb,0x3d,
    0x62,0xff,0xdb,0x3e,0x62,0xff,0xdb,0x3f,0x62,0xff,0xdc,0x41,0x61,0xff,0xdc,0x42,0x61,0xff,0xdd,0x44,0x61,0xff,0xdd,0x46,
    0x61,0xff,0xde,0x47,0x61,0xff,0xde,0x45,0x5e,0xff,0xed,0x99,0xa6,0xff,0xfe,0xfd,0xfd,0xff,0xfd,0xfb,0xfb,0xff,0xfd,0xfc,
    0xfc,0xff,0xfd,0xfc,0xfc,0xff,0xfd,0xfc,0xfc,0xff,0xfd,0xfc,0xfc,0xff,0xfd,0xfc,0xfc,0xff,0xfd,0xfb,0xfb,0xff,0xfd,0xfb,
    0xfb,0xff,0xfd,0xfc,0xfc,0xff,0xfd,0xfc,0xfc,0xff,0xfd,0xfc,0xfc,0xff,0xfd,0xfb,0xfb,0xff,0xfd,0xfd,0xfd,0xff,0xfc,0xf7,
    0xf8,0xfd,0xf4,0x94,0x9a,0xff,0xe3,0x54,0x5d,0xdd,0xe7,0x68,0x68,0x2c,0x00,0x00,0x00,0x00,0xff,0x00,0x00,0x01,0x00,0x00,
    0x00,0x00,0x00,0x00,0x00,0x00,0xff,0x00,0x00,0x01,0x00,0x00,0x00,0x00,0xe4,0x59,0x61,0x61,0xe4,0x59,0x62,0xf4,0xe5,0x59,
    0x62,0xfe,0xe2,0x56,0x60,0xfe,0xe2,0x55,0x61,0xff,0xe2,0x53,0x61,0xff,0xe1,0x51,0x62,0xff,0xe1,0x4f,0x62,0xff,0xe0,0x4f,
    0x63,0xff,0xdf,0x47,0x5e,0xff,0xe1,0x59,0x6f,0xff,0xf8,0xd8,0xdd,0xff,0xff,0xff,0xff,0xff,0xff,0xfe,0xfe,0xff,0xff,0xff,
    0xff,0xff,0xff,0xff,0xff,0xff,0xff,0xff,0xff,0xff,0xff,0xfe,0xfe,0xff,0xff,0xff,0xff,0xff,0xf8,0xd5,0xde,0xff,0xdb,0x48,
    0x70,0xff,0xd7,0x32,0x5f,0xff,0xd8,0x36,0x63,0xff,0xd7,0x34,0x62,0xff,0xd8,0x35,0x62,0xff,0xd8,0x36,0x62,0xff,0xd9,0x38,
    0x62,0xff,0xd9,0x39,0x62,0xff,0xda,0x3a,0x62,0xff,0xda,0x3c,0x62,0xff,0xdb,0x3d,0x61,0xff,0xdb,0x3f,0x61,0xff,0xdc,0x40,
    0x61,0xff,0xdc,0x42,0x61,0xff,0xdd,0x43,0x61,0xff,0xdd,0x45,0x61,0xff,0xdd,0x46,0x61,0xff,0xde,0x48,0x62,0xff,0xdd,0x46,
    0x5f,0xff,0xe1,0x56,0x6b,0xff,0xf5,0xca,0xd1,0xff,0xfd,0xfb,0xfb,0xff,0xfd,0xf6,0xf6,0xff,0xfd,0xf7,0xf7,0xff,0xfd,0xf7,
    0xf7,0xff,0xfc,0xf7,0xf7,0xff,0xfd,0xf7,0xf7,0xff,0xfd,0xf7,0xf7,0xff,0xfd,0xf7,0xf7,0xff,0xfd,0xf7,0xf7,0xff,0xfd,0xf7,
    0xf7,0xff,0xfc,0xf7,0xf7,0xff,0xfd,0xf6,0xf6,0xff,0xfd,0xfc,0xfc,0xff,0xf5,0xc5,0xc8,0xfe,0xe8,0x62,0x6b,0xfc,0xe5,0x56,
    0x5e,0x79,0x00,0x00,0x00,0x00,0xff,0x00,0xff,0x01,0x00,0x00,0x00,0x00,0x00,0x00,0x00,0x00,0x00,0x00,0x00,0x00,0x00,0x00,
    0x00,0x00,0xe4,0x50,0x5d,0x13,0xe7,0x5b,0x61,0xc1,0xed,0x5d,0x65,0xff,0xe2,0x57,0x60,0xfd,0xe3,0x56,0x61,0xff,0xe2,0x55,
    0x61,0xff,0xe2,0x53,0x62,0xff,0xe1,0x51,0x62,0xff,0xe1,0x4f,0x62,0xff,0xe0,0x4f,0x63,0xff,0xdf,0x48,0x5e,0xff,0xed,0x99,
    0xa6,0xff,0xff,0xfc,0xfc,0xff,0xff,0xfe,0xfe,0xff,0xff,0xff,0xff,0xff,0xff,0xff,0xff,0xff,0xff,0xff,0xff,0xff,0xff,0xfe,
    0xfe,0xff,0xff,0xfe,0xfe,0xff,0xfc,0xf4,0xf6,0xff,0xe6,0x7d,0x98,0xff,0xd8,0x34,0x5f,0xff,0xd9,0x37,0x63,0xff,0xd8,0x36,
    0x62,0xff,0xd8,0x35,0x62,0xff,0xd8,0x36,0x62,0xff,0xd9,0x38,0x62,0xff,0xd9,0x39,0x62,0xff,0xda,0x3a,0x62,0xff,0xda,0x3b,
    0x62,0xff,0xdb,0x3d,0x62,0xff,0xdb,0x3e,0x62,0xff,0xdc,0x40,0x61,0xff,0xdc,0x41,0x61,0xff,0xdc,0x43,0x61,0xff,0xdd,0x44,
    0x61,0xff,0xde,0x46,0x61,0xff,0xde,0x47,0x61,0xff,0xde,0x48,0x61,0xff,0xdf,0x4a,0x62,0xff,0xde,0x45,0x5c,0xff,0xe8,0x82,
    0x91,0xff,0xfb,0xec,0xec,0xff,0xfc,0xef,0xef,0xff,0xfb,0xee,0xee,0xff,0xfb,0xef,0xee,0xff,0xfc,0xef,0xef,0xff,0xfc,0xef,
    0xef,0xff,0xfb,0xef,0xef,0xff,0xfb,0xef,0xef,0xff,0xfb,0xef,0xef,0xff,0xfb,0xef,0xee,0xff,0xfb,0xee,0xee,0xff,0xfc,0xf2,
    0xf2,0xff,0xf9,0xe1,0xe1,0xfe,0xee,0x81,0x88,0xff,0xe2,0x54,0x5d,0xc4,0xec,0x67,0x71,0x1b,0xff,0x00,0x00,0x01,0xff,0x00,
    0x00,0x01,0x00,0x00,0x00,0x00,0x00,0x00,0x00,0x00,0x00,0x00,0x00,0x00,0xaa,0x55,0x55,0x03,0xe1,0x5a,0x60,0x77,0xe7,0x5c,
    0x63,0xf9,0xe5,0x5a,0x61,0xfe,0xe3,0x58,0x61,0xfe,0xe3,0x56,0x61,0xff,0xe2,0x55,0x61,0xff,0xe2,0x53,0x61,0xff,0xe1,0x51,
    0x61,0xff,0xe1,0x51,0x63,0xff,0xe0,0x4a,0x5f,0xff,0xe5,0x6c,0x7d,0xff,0xfa,0xe1,0xe5,0xff,0xff,0xff,0xff,0xff,0xff,0xfe,
    0xfe,0xff,0xff,0xff,0xff,0xff,0xff,0xff,0xff,0xff,0xff,0xff,0xff,0xff,0xff,0xfe,0xfe,0xff,0xff,0xff,0xff,0xff,0xf2,0xbb,
    0xc9,0xff,0xd9,0x3c,0x65,0xff,0xd8,0x38,0x61,0xff,0xd8,0x38,0x63,0xff,0xd8,0x36,0x62,0xff,0xd8,0x35,0x62,0xff,0xd8,0x36,
    0x62,0xff,0xd9,0x38,0x62,0xff,0xd9,0x39,0x62,0xff,0xda,0x3b,0x62,0xff,0xda,0x3c,0x62,0xff,0xdb,0x3e,0x61,0xff,0xdb,0x3f,
    0x61,0xff,0xdc,0x41,0x61,0xff,0xdc,0x42,0x61,0xff,0xdc,0x43,0x61,0xff,0xdd,0x44,0x61,0xff,0xde,0x46,0x61,0xff,0xde,0x47,
    0x61,0xff,0xde,0x49,0x61,0xff,0xdf,0x4a,0x62,0xff,0xdf,0x49,0x60,0xff,0xe0,0x51,0x66,0xff,0xf0,0xa9,0xb1,0xff,0xf9,0xdf,
    0xde,0xff,0xf8,0xd9,0xdb,0xff,0xf8,0xda,0xdc,0xff,0xf8,0xda,0xdc,0xff,0xf8,0xda,0xdc,0xff,0xf8,0xda,0xdc,0xff,0xf8,0xda,
    0xdc,0xff,0xf8,0xda,0xdc,0xff,0xf8,0xda,0xdc,0xff,0xf8,0xda,0xdb,0xff,0xf8,0xdf,0xdf,0xfe,0xf1,0xa4,0xa8,0xfe,0xe4,0x58,
    0x61,0xf8,0xe7,0x5a,0x63,0x57,0x00,0x00,0x00,0x00,0xff,0x00,0x00,0x01,0x00,0x00,0x00,0x00,0x00,0x00,0x00,0x00,0x00,0x00,
    0x00,0x00,0x00,0x00,0x00,0x00,0xe3,0x5e,0x63,0x2e,0xe4,0x5b,0x61,0xde,0xe9,0x5d,0x63,0xff,0xe4,0x59,0x60,0xfd,0xe4,0x58,
    0x61,0xff,0xe3,0x56,0x61,0xff,0xe2,0x55,0x61,0xff,0xe2,0x53,0x62,0xff,0xe1,0x52,0x62,0xff,0xe1,0x50,0x63,0xff,0xdf,0x4a,
    0x5e,0xff,0xf1,0xb0,0xb9,0xff,0xff,0xff,0xff,0xff,0xff,0xfd,0xfe,0xff,0xff,0xff,0xff,0xff,0xff,0xff,0xff,0xff,0xff,0xff,
    0xff,0xff,0xff,0xfe,0xfe,0xff,0xff,0xff,0xff,0xff,0xfc,0xef,0xf2,0xff,0xe4,0x71,0x8d,0xff,0xd8,0x34,0x5e,0xff,0xda,0x3d,
    0x66,0xff,0xda,0x3a,0x64,0xff,0xda,0x39,0x64,0xff,0xd9,0x39,0x64,0xff,0xd9,0x3a,0x64,0xff,0xda,0x3c,0x64,0xff,0xdb,0x3d,
    0x64,0xff,0xdb,0x3e,0x64,0xff,0xdb,0x3f,0x64,0xff,0xdb,0x41,0x64,0xff,0xdc,0x43,0x64,0xff,0xdc,0x45,0x63,0xff,0xde,0x45,
    0x63,0xff,0xde,0x47,0x63,0xff,0xde,0x48,0x63,0xff,0xde,0x4a,0x63,0xff,0xdf,0x4b,0x63,0xff,0xe0,0x4c,0x63,0xff,0xdf,0x4c,
    0x63,0xff,0xdf,0x4f,0x64,0xff,0xdf,0x4b,0x60,0xff,0xe5,0x6a,0x79,0xff,0xf4,0xbc,0xbe,0xff,0xf7,0xcb,0xcd,0xff,0xf6,0xc9,
    0xc9,0xff,0xf6,0xc9,0xca,0xff,0xf6,0xc9,0xca,0xff,0xf6,0xc9,0xca,0xff,0xf6,0xc9,0xca,0xff,0xf6,0xc9,0xca,0xff,0xf6,0xc8,
    0xc9,0xff,0xf6,0xcb,0xcb,0xff,0xf1,0xb1,0xb4,0xfe,0xef,0x71,0x7a,0xff,0xe2,0x5a,0x61,0xb4,0xec,0x6d,0x6d,0x0e,0xff,0x00,
    0x00,0x01,0xff,0x00,0x00,0x01,0x00,0x00,0x00,0x00,0x00,0x00,0x00,0x00,0x00,0x00,0x00,0x00,0x00,0x00,0x00,0x00,0xe5,0x5b,
    0x61,0xa2,0xe5,0x5c,0x62,0xff,0xe4,0x5a,0x61,0xff,0xe4,0x59,0x61,0xfe,0xe4,0x58,0x61,0xff,0xe3,0x56,0x61,0xff,0xe2,0x55,
    0x61,0xff,0xe2,0x53,0x61,0xff,0xe1,0x53,0x63,0xff,0xe0,0x4a,0x5e,0xff,0xe8,0x7a,0x89,0xff,0xfc,0xf0,0xf1,0xff,0xff,0xff,
    0xff,0xff,0xff,0xfe,0xfe,0xff,0xff,0xff,0xff,0xff,0xff,0xff,0xff,0xff,0xff,0xff,0xff,0xff,0xff,0xfe,0xff,0xff,0xff,0xff,
    0xff,0xff,0xed,0x9f,0xb2,0xff,0xd8,0x31,0x5b,0xff,0xd8,0x32,0x5c,0xff,0xd7,0x2f,0x5a,0xff,0xd7,0x2c,0x59,0xff,0xd7,0x2b,
    0x58,0xff,0xd7,0x2b,0x58,0xff,0xd7,0x2b,0x58,0xff,0xd8,0x2d,0x58,0xff,0xd8,0x2e,0x58,0xff,0xd8,0x30,0x57,0xff,0xd9,0x31,
    0x57,0xff,0xd9,0x33,0x57,0xff,0xda,0x35,0x57,0xff,0xda,0x36,0x57,0xff,0xdb,0x37,0x57,0xff,0xdb,0x39,0x57,0xff,0xdc,0x3a,
    0x57,0xff,0xdc,0x3c,0x57,0xff,0xdc,0x3d,0x57,0xff,0xdd,0x3f,0x57,0xff,0xdd,0x40,0x57,0xff,0xdd,0x42,0x57,0xff,0xde,0x43,
    0x57,0xff,0xdf,0x43,0x57,0xff,0xe8,0x76,0x82,0xff,0xed,0x96,0x9d,0xff,0xed,0x95,0x9b,0xff,0xed,0x95,0x9b,0xff,0xed,0x96,
    0x9b,0xff,0xed,0x96,0x9b,0xff,0xed,0x96,0x9b,0xff,0xed,0x97,0x9b,0xff,0xed,0x97,0x9b,0xff,0xec,0x98,0x9c,0xfe,0xef,0x7d,
    0x83,0xff,0xe6,0x5c,0x65,0xda,0xe4,0x5c,0x65,0x3a,0x00,0x00,0x00,0x00,0x7f,0x7f,0x7f,0x02,0x00,0x00,0x00,0x00,0x00,0x00,
    0x00,0x00,0x00,0x00,0x00,0x00,0x00,0x00,0x00,0x00,0x00,0x00,0x00,0x00,0xe5,0x5b,0x60,0xee,0xe4,0x5b,0x61,0xfe,0xe4,0x5a,
    0x61,0xff,0xe4,0x59,0x61,0xff,0xe3,0x58,0x61,0xff,0xe3,0x56,0x61,0xff,0xe3,0x55,0x61,0xff,0xe2,0x54,0x62,0xff,0xe0,0x4f,
    0x60,0xff,0xe2,0x55,0x67,0xff,0xf5,0xc9,0xcf,0xff,0xff,0xff,0xff,0xff,0xff,0xfe,0xfe,0xff,0xff,0xff,0xff,0xff,0xff,0xff,
    0xff,0xff,0xff,0xff,0xff,0xff,0xff,0xfe,0xfe,0xff,0xff,0xff,0xff,0xff,0xf8,0xdc,0xe3,0xff,0xe3,0x6b,0x86,0xff,0xe3,0x68,
    0x81,0xff,0xe5,0x74,0x8c,0xff,0xe5,0x7b,0x94,0xff,0xe7,0x80,0x99,0xff,0xe7,0x83,0x9d,0xff,0xe8,0x84,0x9e,0xff,0xe8,0x85,
    0x9e,0xff,0xe8,0x87,0x9f,0xff,0xe8,0x87,0x9f,0xff,0xe8,0x88,0x9e,0xff,0xe9,0x89,0x9e,0xff,0xea,0x8a,0x9e,0xff,0xea,0x8b,
    0x9f,0xff,0xea,0x8c,0x9f,0xff,0xea,0x8d,0x9f,0xff,0xea,0x8e,0x9f,0xff,0xeb,0x8e,0x9f,0xff,0xeb,0x8f,0x9f,0xff,0xeb,0x90,
    0x9f,0xff,0xeb,0x91,0x9f,0xff,0xeb,0x91,0x9f,0xff,0xec,0x92,0x9f,0xff,0xec,0x93,0x9f,0xff,0xed,0x94,0x9f,0xff,0xed,0x95,
    0xa0,0xff,0xed,0x97,0xa0,0xff,0xee,0x98,0xa1,0xff,0xee,0x99,0xa1,0xff,0xee,0x99,0xa1,0xff,0xee,0x99,0xa1,0xff,0xee,0x9a,
    0xa1,0xff,0xef,0x9c,0xa1,0xff,0xef,0x9d,0xa3,0xff,0xed,0x95,0x9b,0xfc,0xf3,0x6a,0x73,0xff,0xe9,0x5e,0x65,0xa8,0xcc,0x66,
    0x66,0x05,0xff,0x00,0x00,0x01,0xff,0x00,0x00,0x01,0x00,0x00,0x00,0x00,0x00,0x00,0x00,0x00,0x00,0x00,0x00,0x00,0x00,0x00,
    0x00,0x00,0x00,0x00,0x00,0x00,0xe5,0x5b,0x60,0xb6,0xe6,0x5c,0x62,0xff,0xe4,0x5a,0x61,0xff,0xe4,0x59,0x61,0xff,0xe3,0x58,
    0x61,0xff,0xe3,0x56,0x61,0xff,0xe3,0x55,0x61,0xff,0xe2,0x54,0x62,0xff,0xe0,0x4d,0x5e,0xff,0xeb,0x8c,0x98,0xff,0xfe,0xfa,
    0xfb,0xff,0xff,0xfe,0xfe,0xff,0xff,0xff,0xff,0xff,0xff,0xff,0xff,0xff,0xff,0xff,0xff,0xff,0xff,0xff,0xff,0xff,0xff,0xfe,
    0xfe,0xff,0xfe,0xfb,0xfc,0xff,0xea,0x90,0xa4,0xff,0xea,0x89,0x97,0xff,0xf6,0xc6,0xc6,0xff,0xf9,0xd7,0xd7,0xff,0xfc,0xee,
    0xec,0xff,0xfe,0xfb,0xf9,0xff,0xff,0xff,0xff,0xff,0xff,0xff,0xff,0xff,0xff,0xff,0xff,0xff,0xff,0xff,0xff,0xff,0xff,0xff,
    0xff,0xff,0xff,0xff,0xff,0xff,0xff,0xff,0xff,0xff,0xff,0xff,0xff,0xff,0xff,0xff,0xff,0xff,0xff,0xff,0xff,0xff,0xff,0xff,
    0xff,0xff,0xff,0xff,0xff,0xff,0xff,0xff,0xff,0xff,0xff,0xff,0xff,0xff,0xff,0xff,0xff,0xff,0xff,0xff,0xff,0xff,0xff,0xff,
    0xff,0xff,0xff,0xff,0xff,0xff,0xff,0xff,0xff,0xff,0xff,0xff,0xff,0xff,0xff,0xff,0xff,0xff,0xff,0xff,0xff,0xff,0xff,0xff,
    0xff,0xff,0xff,0xff,0xff,0xff,0xff,0xff,0xff,0xff,0xff,0xff,0xff,0xff,0xff,0xff,0xff,0xff,0xff,0xff,0xff,0xff,0xff,0xff,
    0xff,0xff,0xff,0xff,0xff,0xfd,0xf5,0x9c,0xa1,0xff,0xe6,0x5c,0x65,0xd9,0xeb,0x64,0x6e,0x33,0x00,0x00,0x00,0x00,0x7f,0x7f,
    0x7f,0x02,0x00,0x00,0x00,0x00,0x00,0x00,0x00,0x00,0x00,0x00,0x00,0x00,0x00,0x00,0x00,0x00,0x00,0x00,0x00,0x00,0xe8,0x5b,
    0x5f,0x38,0xe4,0x5a,0x60,0xde,0xe9,0x5d,0x62,0xfe,0xe3,0x59,0x60,0xfe,0xe4,0x58,0x61,0xff,0xe3,0x56,0x61,0xff,0xe2,0x56,
    0x62,0xff,0xe2,0x51,0x5f,0xff,0xe5,0x63,0x72,0xff,0xf9,0xd9,0xdc,0xff,0xff,0xff,0xff,0xff,0xff,0xfe,0xfe,0xff,0xff,0xff,
    0xff,0xff,0xff,0xff,0xff,0xff,0xff,0xff,0xff,0xff,0xff,0xfd,0xfe,0xff,0xff,0xff,0xff,0xff,0xf5,0xca,0xd4,0xff,0xe6,0x76,
    0x8b,0xff,0xf1,0xaf,0xb3,0xff,0xf6,0xca,0xcc,0xff,0xf8,0xdc,0xde,0xff,0xfb,0xed,0xed,0xff,0xfd,0xf4,0xf5,0xff,0xfd,0xfa,
    0xfb,0xff,0xfe,0xfc,0xfc,0xff,0xfe,0xfd,0xfd,0xff,0xfe,0xfd,0xfd,0xff,0xff,0xfe,0xfe,0xff,0xff,0xfe,0xfe,0xff,0xff,0xfe,
    0xfe,0xff,0xff,0xfe,0xfe,0xff,0xff,0xfe,0xfe,0xff,0xff,0xfe,0xfe,0xff,0xff,0xfe,0xfe,0xff,0xff,0xfe,0xfe,0xff,0xff,0xfe,
    0xfe,0xff,0xff,0xfe,0xfe,0xff,0xff,0xfe,0xfe,0xff,0xff,0xfe,0xfe,0xff,0xff,0xfe,0xfe,0xff,0xff,0xfe,0xfe,0xff,0xff,0xfe,
    0xfe,0xff,0xff,0xfe,0xfe,0xff,0xff,0xff,0xff,0xff,0xff,0xff,0xff,0xff,0xff,0xff,0xff,0xff,0xff,0xff,0xff,0xff,0xff,0xff,
    0xff,0xff,0xff,0xff,0xff,0xff,0xff,0xff,0xff,0xff,0xff,0xff,0xff,0xff,0xff,0xfe,0xfe,0xff,0xff,0xff,0xff,0xff,0xf8,0xdc,
    0xdd,0xfe,0xef,0x76,0x7d,0xff,0xe6,0x5f,0x67,0x9b,0xff,0x71,0x8d,0x09,0xff,0xff,0xff,0x01,0xff,0xff,0xff,0x01,0x00,0x00,
    0x00,0x00,0x00,0x00,0x00,0x00,0x00,0x00,0x00,0x00,0x00,0x00,0x00,0x00,0x00,0x00,0x00,0x00,0xe3,0x5a,0x61,0x8a,0xec,0x5d,
    0x64,0xff,0xe4,0x59,0x60,0xfd,0xe3,0x58,0x61,0xff,0xe3,0x56,0x61,0xff,0xe3,0x56,0x62,0xff,0xe1,0x4c,0x5c,0xff,0xf0,0xa0,
    0xa9,0xff,0xfe,0xfd,0xfd,0xff,0xff,0xfe,0xfe,0xff,0xff,0xfe,0xfe,0xff,0xff,0xff,0xff,0xff,0xff,0xff,0xff,0xff,0xff,0xfe,
    0xfe,0xff,0xff,0xfe,0xff,0xff,0xfd,0xf5,0xf7,0xff,0xe9,0x88,0x9b,0xff,0xec,0x92,0x9c,0xff,0xf6,0xc5,0xc6,0xff,0xf7,0xd4,
    0xd6,0xff,0xfb,0xe8,0xe9,0xff,0xfc,0xf3,0xf3,0xff,0xfd,0xf8,0xf8,0xff,0xfd,0xfc,0xfc,0xff,0xfe,0xfd,0xfd,0xff,0xfe,0xfe,
    0xfe,0xff,0xff,0xfe,0xfe,0xff,0xff,0xff,0xff,0xff,0xff,0xff,0xff,0xff,0xff,0xff,0xff,0xff,0xff,0xff,0xff,0xff,0xff,0xff,
    0xff,0xff,0xff,0xff,0xff,0xff,0xff,0xff,0xff,0xff,0xff,0xff,0xff,0xff,0xff,0xff,0xff,0xff,0xff,0xff,0xff,0xff,0xff,0xff,
    0xff,0xff,0xff,0xff,0xff,0xff,0xff,0xff,0xff,0xff,0xff,0xff,0xff,0xff,0xff,0xff,0xff,0xff,0xff,0xff,0xff,0xff,0xff,0xff,
    0xff,0xff,0xff,0xff,0xff,0xff,0xff,0xff,0xff,0xff,0xff,0xff,0xff,0xff,0xff,0xff,0xff,0xff,0xff,0xff,0xff,0xff,0xff,0xff,
    0xff,0xff,0xff,0xff,0xff,0xff,0xff,0xff,0xff,0xff,0xff,0xfe,0xfe,0xff,0xff,0xff,0xff,0xfe,0xf6,0xb4,0xb7,0xff,0xe8,0x64,
    0x6a,0xf6,0xea,0x6b,0x72,0x4c,0x00,0x00,0x00,0x00,0xff,0xff,0xff,0x01,0x00,0x00,0x00,0x00,0x00,0x00,0x00,0x00,0x00,0x00,
    0x00,0x00,0x00,0x00,0x00,0x00,0x01,0x00,0x00,0x00,0xdf,0x57,0x5d,0x29,0xe3,0x59,0x60,0xd3,0xea,0x5c,0x64,0xff,0xe2,0x57,
    0x60,0xfd,0xe3,0x58,0x63,0xff,0xe2,0x4e,0x5c,0xff,0xe7,0x73,0x7f,0xff,0xfb,0xe7,0xe9,0xff,0xff,0xff,0xff,0xff,0xff,0xfe,
    0xfe,0xff,0xff,0xff,0xff,0xff,0xff,0xff,0xff,0xff,0xff,0xff,0xff,0xff,0xff,0xfd,0xfd,0xff,0xff,0xff,0xff,0xff,0xf1,0xb0,
    0xbe,0xff,0xe6,0x71,0x85,0xff,0xf4,0xb9,0xbb,0xff,0xf7,0xcc,0xce,0xff,0xf9,0xe0,0xe1,0xff,0xfc,0xf0,0xf0,0xff,0xfd,0xf7,
    0xf7,0xff,0xfe,0xfb,0xfb,0xff,0xfe,0xfd,0xfd,0xff,0xfe,0xfe,0xfe,0xff,0xfe,0xfe,0xfe,0xff,0xff,0xff,0xff,0xff,0xff,0xff,
    0xff,0xff,0xff,0xff,0xff,0xff,0xff,0xff,0xff,0xff,0xff,0xff,0xff,0xff,0xff,0xff,0xff,0xff,0xff,0xff,0xff,0xff,0xff,0xff,
    0xff,0xff,0xff,0xff,0xff,0xff,0xff,0xff,0xff,0xff,0xff,0xff,0xff,0xff,0xff,0xff,0xff,0xff,0xff,0xff,0xff,0xff,0xff,0xff,
    0xff,0xff,0xff,0xff,0xff,0xff,0xff,0xff,0xff,0xff,0xff,0xff,0xff,0xff,0xff,0xff,0xff,0xff,0xff,0xff,0xff,0xff,0xff,0xff,
    0xff,0xff,0xff,0xff,0xff,0xff,0xff,0xff,0xff,0xff,0xff,0xff,0xff,0xff,0xff,0xff,0xff,0xff,0xff,0xff,0xff,0xff,0xff,0xff,
    0xff,0xff,0xff,0xfe,0xfe,0xff,0xff,0xff,0xff,0xff,0xfb,0xe9,0xea,0xfe,0xf0,0x87,0x8c,0xff,0xe5,0x64,0x69,0xb7,0xff,0x89,
    0x89,0x0d,0x00,0x00,0x00,0x00,0xff,0x00,0x00,0x01,0x00,0x00,0x00,0x00,0x00,0x00,0x00,0x00,0x00,0x00,0x00,0x00,0x7f,0x00,
    0x00,0x02,0x00,0x00,0x00,0x00,0xe4,0x5a,0x62,0x68,0xe6,0x5a,0x62,0xf7,0xe4,0x59,0x62,0xfe,0xe2,0x55,0x60,0xfe,0xe2,0x56,
    0x62,0xff,0xf3,0xba,0xbf,0xff,0xff,0xff,0xff,0xff,0xff,0xfd,0xfd,0xff,0xff,0xfe,0xfe,0xff,0xff,0xfe,0xfe,0xff,0xff,0xfe,
    0xfe,0xff,0xff,0xfd,0xfe,0xff,0xff,0xfe,0xff,0xff,0xfb,0xe8,0xec,0xff,0xe7,0x7d,0x90,0xff,0xef,0xa3,0xa9,0xff,0xf6,0xc6,
    0xc7,0xff,0xf9,0xd7,0xd9,0xff,0xfb,0xea,0xeb,0xff,0xfd,0xf4,0xf5,0xff,0xfd,0xfa,0xfa,0xff,0xfe,0xfc,0xfc,0xff,0xfe,0xfc,
    0xfc,0xff,0xff,0xfd,0xfd,0xff,0xff,0xfd,0xfd,0xff,0xff,0xfe,0xfe,0xff,0xff,0xfe,0xfe,0xff,0xff,0xfe,0xfe,0xff,0xff,0xfe,
    0xfe,0xff,0xff,0xfe,0xfe,0xff,0xff,0xfe,0xfe,0xff,0xff,0xfe,0xfe,0xff,0xff,0xfe,0xfe,0xff,0xff,0xfe,0xfe,0xff,0xff,0xfe,
    0xfe,0xff,0xff,0xfe,0xfe,0xff,0xff,0xfe,0xfe,0xff,0xff,0xfe,0xfe,0xff,0xff,0xfe,0xfe,0xff,0xff,0xfe,0xfe,0xff,0xff,0xfe,
    0xfe,0xff,0xff,0xfe,0xfe,0xff,0xff,0xfe,0xfe,0xff,0xff,0xfe,0xfe,0xff,0xff,0xfe,0xfe,0xff,0xff,0xfe,0xfe,0xff,0xff,0xfe,
    0xfe,0xff,0xff,0xfe,0xfe,0xff,0xff,0xfe,0xfe,0xff,0xff,0xfe,0xfe,0xff,0xff,0xfe,0xfe,0xff,0xff,0xfe,0xfe,0xff,0xff,0xfe,
    0xfe,0xff,0xff,0xff,0xff,0xfe,0xf7,0xc6,0xc8,0xfe,0xed,0x74,0x79,0xf9,0xe8,0x6d,0x74,0x70,0x00,0x00,0x00,0x00,0xff,0xff,
    0xff,0x01,0x00,0x00,0x00,0x00,0x00,0x00,0x00,0x00,0x00,0x00,0x00,0x00,0xff,0x00,0x00,0x01,0xff,0x00,0x00,0x01,0xe5,0x66,
    0x66,0x14,0xe3,0x59,0x61,0xb9,0xeb,0x5c,0x65,0xff,0xe1,0x51,0x5c,0xfd,0xea,0x85,0x8d,0xff,0xfd,0xf3,0xf4,0xff,0xff,0xff,
    0xff,0xff,0xff,0xff,0xff,0xff,0xff,0xff,0xff,0xff,0xff,0xff,0xff,0xff,0xff,0xff,0xff,0xff,0xff,0xff,0xff,0xff,0xff,0xff,
    0xff,0xff,0xef,0xa3,0xb2,0xff,0xea,0x83,0x91,0xff,0xf5,0xbf,0xc0,0xff,0xf7,0xcf,0xd1,0xff,0xfb,0xe3,0xe4,0xff,0xfc,0xf1,
    0xf1,0xff,0xfd,0xf7,0xf7,0xff,0xfe,0xfc,0xfc,0xff,0xfe,0xff,0xfe,0xff,0xfe,0xff,0xff,0xff,0xff,0xff,0xff,0xff,0xff,0xff,
    0xff,0xff,0xff,0xff,0xff,0xff,0xff,0xff,0xff,0xff,0xff,0xff,0xff,0xff,0xff,0xff,0xff,0xff,0xff,0xff,0xff,0xff,0xff,0xff,
    0xff,0xff,0xff,0xff,0xff,0xff,0xff,0xff,0xff,0xff,0xff,0xff,0xff,0xff,0xff,0xff,0xff,0xff,0xff,0xff,0xff,0xff,0xff,0xff,
    0xff,0xff,0xff,0xff,0xff,0xff,0xff,0xff,0xff,0xff,0xff,0xff,0xff,0xff,0xff,0xff,0xff,0xff,0xff,0xff,0xff,0xff,0xff,0xff,
    0xff,0xff,0xff,0xff,0xff,0xff,0xff,0xff,0xff,0xff,0xff,0xff,0xff,0xff,0xff,0xff,0xff,0xff,0xff,0xff,0xff,0xff,0xff,0xff,
    0xff,0xff,0xff,0xff,0xff,0xff,0xff,0xff,0xff,0xff,0xff,0xff,0xff,0xff,0xff,0xff,0xff,0xff,0xff,0xff,0xff,0xff,0xff,0xf9,
    0xf8,0xfd,0xf8,0x9f,0xa2,0xff,0xe9,0x6e,0x73,0xd2,0xe8,0x7f,0x7f,0x22,0x00,0x00,0x00,0x00,0x7f,0x7f,0x7f,0x02,0x00,0x00,
    0x00,0x00,0x00,0x00,0x00,0x00,0x00,0x00,0x00,0x00,0x00,0x00,0x00,0x01,0x00,0x00,0x00,0x00,0xe7,0x5b,0x62,0x4b,0xe3,0x56,
    0x60,0xf1,0xe6,0x5d,0x68,0xfe,0xf6,0xc8,0xcd,0xfc,0xfd,0xfa,0xfa,0xfe,0xfc,0xf5,0xf6,0xfe,0xfc,0xf5,0xf7,0xfe,0xfc,0xf6,
    0xf7,0xfe,0xfc,0xf5,0xf7,0xfe,0xfc,0xf4,0xf6,0xfe,0xfd,0xfa,0xfa,0xfe,0xf7,0xd6,0xdc,0xfe,0xe7,0x77,0x8a,0xff,0xf1,0xa8,
    0xad,0xff,0xf6,0xc8,0xca,0xff,0xf9,0xdb,0xdd,0xff,0xfb,0xec,0xed,0xff,0xfc,0xf5,0xf5,0xff,0xfd,0xfa,0xfa,0xff,0xfe,0xfc,
    0xfd,0xff,0xfc,0xf6,0xf7,0xff,0xfd,0xf4,0xf6,0xff,0xfd,0xf6,0xf7,0xff,0xfd,0xf5,0xf7,0xff,0xfd,0xf5,0xf7,0xff,0xfd,0xf5,
    0xf7,0xff,0xfd,0xf5,0xf7,0xff,0xfd,0xf6,0xf7,0xff,0xfd,0xf6,0xf7,0xff,0xfd,0xf6,0xf7,0xff,0xfd,0xf6,0xf7,0xff,0xfd,0xf6,
    0xf7,0xff,0xfd,0xf6,0xf7,0xff,0xfd,0xf6,0xf7,0xff,0xfd,0xf6,0xf7,0xff,0xfd,0xf6,0xf7,0xff,0xfd,0xf7,0xf7,0xff,0xfd,0xf7,
    0xf7,0xff,0xfd,0xf7,0xf7,0xff,0xfd,0xf7,0xf7,0xff,0xfe,0xf7,0xf7,0xff,0xfe,0xf7,0xf8,0xff,0xfe,0xf7,0xf8,0xff,0xfe,0xf7,
    0xf8,0xff,0xfe,0xf7,0xf7,0xff,0xfe,0xf7,0xf7,0xff,0xfe,0xf7,0xf8,0xff,0xfe,0xf8,0xf8,0xff,0xfd,0xf7,0xf8,0xff,0xfd,0xf8,
    0xf8,0xff,0xfd,0xf8,0xf8,0xff,0xfe,0xf8,0xf8,0xff,0xfe,0xf7,0xf7,0xff,0xfe,0xfb,0xfb,0xff,0xf8,0xd2,0xd4,0xfd,0xf2,0x82,
    0x86,0xff,0xeb,0x7b,0x7f,0x74,0x00,0x00,0x00,0x00,0xff,0x7f,0x7f,0x02,0x00,0x00,0x00,0x00,0x00,0x00,0x00,0x00,0x00,0x00,
    0x00,0x00,0x00,0x00,0x00,0x00,0xff,0x00,0x00,0x01,0xdf,0x5f,0x7f,0x08,0xe2,0x56,0x61,0x9a,0xec,0x5e,0x68,0xff,0xeb,0x7a,
    0x84,0xff,0xec,0x7c,0x88,0xff,0xec,0x7a,0x87,0xff,0xec,0x78,0x87,0xff,0xeb,0x77,0x87,0xff,0xea,0x76,0x87,0xff,0xea,0x74,
    0x87,0xff,0xea,0x73,0x88,0xff,0xe4,0x64,0x7a,0xff,0xec,0x94,0x9e,0xff,0xf5,0xc1,0xc2,0xff,0xf7,0xd2,0xd3,0xff,0xfb,0xe6,
    0xe7,0xff,0xfc,0xf2,0xf2,0xff,0xfd,0xf8,0xf8,0xff,0xfe,0xfb,0xfb,0xff,0xff,0xfe,0xff,0xff,0xf3,0xc2,0xcc,0xff,0xe3,0x68,
    0x83,0xff,0xe4,0x6b,0x85,0xff,0xe3,0x6c,0x85,0xff,0xe4,0x6d,0x85,0xff,0xe5,0x6f,0x85,0xff,0xe6,0x70,0x85,0xff,0xe6,0x71,
    0x85,0xff,0xe6,0x73,0x85,0xff,0xe6,0x74,0x85,0xff,0xe7,0x75,0x86,0xff,0xe7,0x76,0x86,0xff,0xe8,0x77,0x86,0xff,0xe8,0x78,
    0x87,0xff,0xe8,0x79,0x87,0xff,0xe8,0x7b,0x87,0xff,0xe8,0x7c,0x87,0xff,0xe9,0x7d,0x88,0xff,0xea,0x7f,0x89,0xff,0xea,0x80,
    0x8a,0xff,0xeb,0x82,0x8a,0xff,0xeb,0x82,0x8b,0xff,0xec,0x84,0x8c,0xff,0xec,0x86,0x8c,0xff,0xec,0x87,0x8e,0xff,0xec,0x89,
    0x8e,0xff,0xed,0x8a,0x90,0xff,0xed,0x8c,0x90,0xff,0xed,0x8e,0x92,0xff,0xed,0x8f,0x93,0xff,0xee,0x91,0x94,0xff,0xee,0x92,
    0x96,0xff,0xef,0x94,0x98,0xff,0xf0,0x98,0x9b,0xff,0xef,0x98,0x9a,0xfc,0xf9,0x88,0x8c,0xff,0xed,0x7f,0x85,0x82,0x00,0x00,
    0x00,0x00,0xff,0x7f,0x7f,0x02,0x00,0x00,0x00,0x00,0x00,0x00,0x00,0x00,0x00,0x00,0x00,0x00,0x00,0x00,0x00,0x00,0xff,0x00,
    0x00,0x01,0x00,0x00,0x00,0x00,0xe3,0x5b,0x64,0x1c,0xe2,0x53,0x61,0x7d,0xe0,0x47,0x55,0x95,0xdf,0x44,0x54,0x91,0xdf,0x46,
    0x56,0x91,0xdf,0x42,0x56,0x91,0xdf,0x41,0x56,0x91,0xdc,0x40,0x56,0x93,0xde,0x3c,0x57,0x8c,0xdb,0x3b,0x57,0xab,0xdd,0x42,
    0x5d,0xf7,0xec,0x8a,0x97,0xfe,0xf6,0xcb,0xcc,0xff,0xf8,0xdd,0xde,0xff,0xfb,0xee,0xee,0xff,0xfd,0xf5,0xf6,0xff,0xfd,0xfb,
    0xfb,0xff,0xfe,0xfc,0xfc,0xff,0xff,0xff,0xff,0xff,0xf8,0xe0,0xe5,0xff,0xe1,0x5e,0x7a,0xff,0xda,0x33,0x56,0xff,0xdb,0x3d,
    0x5d,0xff,0xdc,0x3d,0x5b,0xff,0xdd,0x3e,0x5b,0xff,0xdd,0x40,0x5b,0xff,0xdd,0x42,0x5c,0xff,0xde,0x44,0x5c,0xff,0xde,0x45,
    0x5c,0xff,0xdf,0x47,0x5d,0xff,0xdf,0x48,0x5d,0xff,0xe0,0x4a,0x5e,0xff,0xe1,0x4c,0x5e,0xff,0xe1,0x4e,0x5f,0xff,0xe1,0x4f,
    0x60,0xff,0xe2,0x51,0x60,0xff,0xe2,0x52,0x61,0xff,0xe3,0x54,0x62,0xff,0xe3,0x57,0x63,0xff,0xe4,0x59,0x64,0xff,0xe4,0x5b,
    0x64,0xff,0xe5,0x5d,0x66,0xff,0xe6,0x5f,0x67,0xff,0xe6,0x61,0x69,0xff,0xe6,0x63,0x6a,0xff,0xe7,0x65,0x6b,0xff,0xe7,0x67,
    0x6d,0xff,0xe8,0x69,0x6f,0xff,0xe8,0x6b,0x71,0xff,0xe9,0x6e,0x73,0xff,0xea,0x72,0x76,0xff,0xea,0x74,0x78,0xff,0xea,0x76,
    0x7b,0xfe,0xf1,0x7e,0x82,0xff,0xee,0x83,0x88,0xdf,0xeb,0x86,0x8b,0x35,0x00,0x00,0x00,0x00,0xff,0x7f,0x7f,0x02,0x00,0x00,
    0x00,0x00,0x00,0x00,0x00,0x00,0x00,0x00,0x00,0x00,0x00,0x00,0x00,0x00,0x00,0x00,0x00,0x00,0x00,0x00,0x00,0x00,0x00,0x00,
    0x00,0x00,0x00,0x00,0x00,0x00,0x00,0x01,0x00,0x00,0x00,0x01,0x01,0x00,0x00,0x01,0x01,0x00,0x00,0x01,0x01,0x00,0x00,0x01,
    0x01,0x00,0x00,0x01,0x01,0x00,0x00,0x00,0x00,0x00,0xeb,0x75,0x89,0x0d,0xde,0x47,0x61,0xac,0xea,0x5c,0x74,0xff,0xf3,0xc4,
    0xc9,0xfd,0xfc,0xec,0xeb,0xff,0xfc,0xf3,0xf3,0xff,0xfd,0xf9,0xf9,0xff,0xfe,0xfc,0xfc,0xff,0xfe,0xfe,0xfe,0xff,0xfe,0xfe,
    0xfe,0xff,0xff,0xff,0xff,0xff,0xf3,0xbc,0xc8,0xff,0xdf,0x4b,0x69,0xff,0xdd,0x45,0x62,0xff,0xde,0x49,0x65,0xff,0xde,0x4a,
    0x64,0xff,0xde,0x4c,0x64,0xff,0xdf,0x4e,0x65,0xff,0xe0,0x50,0x65,0xff,0xe0,0x51,0x65,0xff,0xe1,0x52,0x66,0xff,0xe1,0x54,
    0x66,0xff,0xe2,0x56,0x67,0xff,0xe2,0x57,0x67,0xff,0xe3,0x59,0x69,0xff,0xe3,0x5b,0x69,0xff,0xe4,0x5d,0x69,0xff,0xe4,0x5e,
    0x6a,0xff,0xe5,0x60,0x6b,0xff,0xe6,0x62,0x6c,0xff,0xe6,0x64,0x6d,0xff,0xe6,0x66,0x6e,0xff,0xe7,0x68,0x70,0xff,0xe7,0x6a,
    0x72,0xff,0xe8,0x6c,0x73,0xff,0xe8,0x6e,0x74,0xff,0xe9,0x70,0x76,0xff,0xe9,0x72,0x78,0xff,0xea,0x76,0x7a,0xff,0xeb,0x79,
    0x7e,0xff,0xec,0x7b,0x7f,0xff,0xec,0x7f,0x83,0xff,0xec,0x81,0x85,0xff,0xee,0x85,0x89,0xfe,0xf1,0x8a,0x8d,0xfe,0xef,0x89,
    0x8d,0x84,0x00,0x00,0x00,0x00,0xff,0xff,0xff,0x01,0x00,0x00,0x00,0x00,0x00,0x00,0x00,0x00,0x00,0x00,0x00,0x00,0x00,0x00,
    0x00,0x00,0x00,0x00,0x00,0x00,0x00,0x00,0x00,0x00,0x00,0x00,0x00,0x00,0x00,0x00,0x00,0x00,0xff,0x00,0x00,0x01,0x00,0x00,
    0x00,0x01,0x00,0x00,0x00,0x01,0x00,0x00,0x00,0x01,0x00,0x00,0x00,0x01,0x00,0x00,0x00,0x01,0x00,0x00,0x00,0x00,0xaa,0x00,
    0x55,0x03,0x00,0x00,0x00,0x00,0xdd,0x47,0x62,0x4b,0xde,0x45,0x60,0xf0,0xee,0x98,0xa6,0xfe,0xfb,0xf1,0xf1,0xfe,0xfd,0xf6,
    0xf7,0xff,0xfe,0xfb,0xfb,0xff,0xfe,0xfd,0xfd,0xff,0xfe,0xfe,0xfe,0xff,0xfe,0xfd,0xfd,0xff,0xff,0xff,0xff,0xff,0xfd,0xf9,
    0xfa,0xff,0xe8,0x80,0x94,0xff,0xdc,0x3f,0x5d,0xff,0xde,0x49,0x64,0xff,0xde,0x4a,0x63,0xff,0xdf,0x4c,0x63,0xff,0xdf,0x4d,
    0x63,0xff,0xe0,0x4f,0x64,0xff,0xe0,0x51,0x64,0xff,0xe1,0x52,0x64,0xff,0xe1,0x54,0x65,0xff,0xe3,0x56,0x66,0xff,0xe3,0x58,
    0x67,0xff,0xe3,0x5a,0x68,0xff,0xe4,0x5b,0x68,0xff,0xe4,0x5d,0x6a,0xff,0xe5,0x5f,0x6a,0xff,0xe6,0x61,0x6c,0xff,0xe6,0x64,
    0x6d,0xff,0xe6,0x65,0x6f,0xff,0xe6,0x68,0x70,0xff,0xe7,0x6a,0x70,0xff,0xe8,0x6c,0x73,0xff,0xe8,0x6e,0x74,0xff,0xe8,0x70,
    0x75,0xff,0xe9,0x72,0x78,0xff,0xea,0x76,0x7b,0xff,0xeb,0x79,0x7d,0xff,0xeb,0x7c,0x80,0xff,0xec,0x7f,0x83,0xff,0xed,0x83,
    0x86,0xff,0xed,0x85,0x89,0xfe,0xf5,0x8c,0x91,0xff,0xef,0x8b,0x8f,0xd0,0xeb,0x93,0x93,0x1a,0x00,0x00,0x00,0x00,0xff,0xff,
    0xff,0x01,0x00,0x00,0x00,0x00,0x00,0x00,0x00,0x00,0x00,0x00,0x00,0x00,0x00,0x00,0x00,0x00,0x00,0x00,0x00,0x00,0x00,0x00,
    0x00,0x00,0x00,0x00,0x00,0x00,0x00,0x00,0x00,0x00,0x00,0x00,0x00,0x00,0xff,0x00,0x00,0x01,0xff,0x00,0x00,0x01,0xff,0x00,
    0x00,0x01,0xff,0x00,0x00,0x01,0xff,0x00,0x00,0x01,0xff,0x00,0x00,0x01,0xff,0x00,0x00,0x01,0xff,0x00,0x00,0x02,0xd4,0x55,
    0x55,0x06,0xdf,0x43,0x5f,0x98,0xe6,0x5b,0x73,0xff,0xf4,0xcb,0xd2,0xfe,0xfe,0xff,0xff,0xff,0xfe,0xfb,0xfb,0xff,0xfe,0xfd,
    0xfd,0xff,0xfe,0xfe,0xfe,0xff,0xff,0xfe,0xfe,0xff,0xff,0xfe,0xfe,0xff,0xff,0xff,0xff,0xff,0xf8,0xd3,0xda,0xff,0xe0,0x53,
    0x6c,0xff,0xdf,0x49,0x62,0xff,0xdf,0x4c,0x63,0xff,0xe0,0x4e,0x64,0xff,0xe0,0x4f,0x64,0xff,0xe1,0x51,0x65,0xff,0xe1,0x53,
    0x65,0xff,0xe2,0x54,0x66,0xff,0xe3,0x56,0x67,0xff,0xe3,0x58,0x68,0xff,0xe3,0x5a,0x68,0xff,0xe4,0x5c,0x69,0xff,0xe4,0x5d,
    0x6a,0xff,0xe5,0x5f,0x6c,0xff,0xe6,0x62,0x6c,0xff,0xe6,0x63,0x6f,0xff,0xe7,0x67,0x6f,0xff,0xe8,0x69,0x71,0xff,0xe8,0x6b,
    0x72,0xff,0xe8,0x6d,0x74,0xff,0xe9,0x6f,0x75,0xff,0xea,0x72,0x78,0xff,0xea,0x75,0x79,0xff,0xeb,0x77,0x7d,0xff,0xec,0x7b,
    0x80,0xff,0xed,0x7e,0x82,0xff,0xed,0x81,0x85,0xff,0xee,0x85,0x89,0xff,0xee,0x88,0x8c,0xfe,0xf0,0x8c,0x90,0xfe,0xf1,0x90,
    0x93,0xfa,0xf2,0x8f,0x94,0x69,0x00,0x00,0x00,0x00,0x7f,0x7f,0x7f,0x02,0x00,0x00,0x00,0x00,0x00,0x00,0x00,0x00,0x00,0x00,
    0x00,0x00,0x00,0x00,0x00,0x00,0x00,0x00,0x00,0x00,0x00,0x00,0x00,0x00,0x00,0x00,0x00,0x00,0x00,0x00,0x00,0x00,0x00,0x00,
    0x00,0x00,0x00,0x00,0x00,0x00,0x00,0x00,0x00,0x00,0x00,0x00,0x00,0x00,0x00,0x00,0x00,0x00,0x00,0x00,0x00,0x00,0x00,0x00,
    0x00,0x00,0x00,0x00,0x00,0x00,0x00,0x00,0x00,0x00,0xff,0x00,0x00,0x01,0x00,0x00,0x00,0x00,0xdf,0x52,0x6c,0x28,0xdc,0x3e,
    0x59,0xe2,0xec,0x88,0x9a,0xff,0xfc,0xf6,0xf7,0xfe,0xfe,0xfd,0xfd,0xff,0xfe,0xfe,0xfe,0xff,0xff,0xfe,0xfe,0xff,0xff,0xff,
    0xff,0xff,0xff,0xff,0xff,0xff,0xff,0xfe,0xfe,0xff,0xfe,0xfb,0xfc,0xff,0xed,0x9a,0xa8,0xff,0xde,0x46,0x5e,0xff,0xe0,0x4f,
    0x65,0xff,0xe0,0x50,0x64,0xff,0xe0,0x51,0x65,0xff,0xe2,0x53,0x66,0xff,0xe2,0x55,0x66,0xff,0xe3,0x57,0x67,0xff,0xe3,0x58,
    0x68,0xff,0xe3,0x5a,0x69,0xff,0xe4,0x5c,0x69,0xff,0xe5,0x5e,0x6b,0xff,0xe5,0x62,0x6c,0xff,0xe6,0x63,0x6e,0xff,0xe6,0x65,
    0x6f,0xff,0xe7,0x68,0x70,0xff,0xe7,0x69,0x72,0xff,0xe8,0x6c,0x73,0xff,0xe9,0x6e,0x74,0xff,0xe9,0x70,0x76,0xff,0xe9,0x73,
    0x7a,0xff,0xeb,0x77,0x7c,0xff,0xeb,0x7a,0x7f,0xff,0xec,0x7d,0x82,0xff,0xed,0x80,0x85,0xff,0xed,0x83,0x88,0xff,0xee,0x87,
    0x8b,0xff,0xef,0x8b,0x8f,0xff,0xee,0x8d,0x90,0xfe,0xfa,0x97,0x9b,0xff,0xf1,0x94,0x97,0xaf,0xef,0x8f,0x8f,0x10,0x7f,0x7f,
    0x7f,0x02,0xff,0xff,0xff,0x01,0x00,0x00,0x00,0x00,0x00,0x00,0x00,0x00,0x00,0x00,0x00,0x00,0x00,0x00,0x00,0x00,0x00,0x00,
    0x00,0x00,0x00,0x00,0x00,0x00,0x00,0x00,0x00,0x00,0x00,0x00,0x00,0x00,0x00,0x00,0x00,0x00,0x00,0x00,0x00,0x00,0x00,0x00,
    0x00,0x00,0x00,0x00,0x00,0x00,0x00,0x00,0x00,0x00,0x00,0x00,0x00,0x00,0x00,0x00,0x00,0x00,0x00,0x00,0x00,0x00,0x00,0x00,
    0x00,0x00,0x00,0x00,0x00,0x00,0xff,0x7f,0x7f,0x02,0xff,0xff,0xff,0x01,0xdf,0x45,0x63,0x79,0xe3,0x4f,0x68,0xff,0xf3,0xc2,
    0xcc,0xfe,0xff,0xff,0xff,0xfe,0xfe,0xfd,0xfd,0xff,0xff,0xff,0xff,0xff,0xff,0xff,0xff,0xff,0xff,0xff,0xff,0xff,0xff,0xfe,
    0xfe,0xff,0xff,0xff,0xff,0xff,0xf9,0xe0,0xe4,0xff,0xe4,0x69,0x7c,0xff,0xe0,0x4d,0x62,0xff,0xe1,0x53,0x66,0xff,0xe2,0x53,
    0x66,0xff,0xe2,0x55,0x67,0xff,0xe3,0x57,0x68,0xff,0xe4,0x59,0x69,0xff,0xe4,0x5b,0x69,0xff,0xe4,0x5d,0x6b,0xff,0xe5,0x5f,
    0x6b,0xff,0xe5,0x61,0x6d,0xfe,0xe5,0x64,0x6e,0xfe,0xe6,0x66,0x6f,0xfe,0xe6,0x68,0x70,0xfe,0xe7,0x6a,0x72,0xfe,0xe8,0x6d,
    0x74,0xfe,0xe8,0x6f,0x76,0xfe,0xe9,0x72,0x78,0xfe,0xe9,0x75,0x7a,0xfe,0xea,0x78,0x7e,0xfe,0xeb,0x7c,0x80,0xfe,0xec,0x7f,
    0x83,0xfe,0xed,0x82,0x87,0xfe,0xed,0x86,0x8a,0xfe,0xee,0x8a,0x8d,0xfe,0xef,0x8d,0x90,0xfe,0xf0,0x90,0x93,0xfd,0xf4,0x96,
    0x99,0xfe,0xf5,0x99,0x9c,0xed,0xf4,0x98,0x9b,0x48,0x00,0x00,0x00,0x00,0xff,0x7f,0x7f,0x02,0x00,0x00,0x00,0x00,0x00,0x00,
    0x00,0x00,0x00,0x00,0x00,0x00,0x00,0x00,0x00,0x00,0x00,0x00,0x00,0x00,0x00,0x00,0x00,0x00,0x00,0x00,0x00,0x00,0x00,0x00,
    0x00,0x00,0x00,0x00,0x00,0x00,0x00,0x00,0x00,0x00,0x00,0x00,0x00,0x00,0x00,0x00,0x00,0x00,0x00,0x00,0x00,0x00,0x00,0x00,
    0x00,0x00,0x00,0x00,0x00,0x00,0x00,0x00,0x00,0x00,0x00,0x00,0x00,0x00,0x00,0x00,0x00,0x00,0x00,0x00,0x00,0x00,0xff,0x7f,
    0x7f,0x02,0x00,0x00,0x00,0x00,0xe9,0x5f,0x74,0x18,0xdd,0x41,0x5b,0xc6,0xec,0x77,0x8b,0xff,0xfb,0xef,0xf1,0xfd,0xff,0xfe,
    0xff,0xff,0xff,0xfe,0xfe,0xff,0xff,0xff,0xff,0xff,0xff,0xff,0xff,0xff,0xff,0xff,0xff,0xff,0xff,0xfe,0xfe,0xff,0xff,0xff,
    0xff,0xff,0xee,0xa1,0xad,0xff,0xe0,0x4c,0x61,0xff,0xe1,0x55,0x68,0xff,0xe2,0x57,0x67,0xff,0xe3,0x58,0x69,0xff,0xe3,0x59,
    0x69,0xff,0xe4,0x5c,0x6b,0xff,0xe4,0x5e,0x6b,0xff,0xe5,0x60,0x6d,0xff,0xe6,0x62,0x6e,0xfe,0xe8,0x65,0x71,0xff,0xe9,0x68,
    0x72,0xff,0xea,0x6b,0x74,0xff,0xeb,0x6d,0x75,0xff,0xeb,0x6f,0x77,0xff,0xec,0x74,0x7a,0xff,0xed,0x76,0x7c,0xff,0xed,0x79,
    0x7f,0xff,0xee,0x7c,0x82,0xff,0xef,0x80,0x85,0xff,0xf0,0x83,0x88,0xff,0xf1,0x87,0x8b,0xff,0xf1,0x8b,0x8e,0xff,0xf2,0x8e,
    0x91,0xff,0xf3,0x91,0x95,0xff,0xf4,0x95,0x98,0xff,0xf6,0x9a,0x9c,0xff,0xfc,0xa2,0xa4,0xff,0xf2,0x9d,0x9e,0x92,0xff,0x8d,
    0x8d,0x09,0xff,0xff,0xff,0x01,0xff,0x00,0x00,0x01,0x00,0x00,0x00,0x00,0x00,0x00,0x00,0x00,0x00,0x00,0x00,0x00,0x00,0x00,
    0x00,0x00,0x00,0x00,0x00,0x00,0x00,0x00,0x00,0x00,0x00,0x00,0x00,0x00,0x00,0x00,0x00,0x00,0x00,0x00,0x00,0x00,0x00,0x00,
    0x00,0x00,0x00,0x00,0x00,0x00,0x00,0x00,0x00,0x00,0x00,0x00,0x00,0x00,0x00,0x00,0x00,0x00,0x00,0x00,0x00,0x00,0x00,0x00,
    0x00,0x00,0x00,0x00,0x00,0x00,0x00,0x00,0x00,0x00,0x00,0x00,0x00,0x00,0x00,0x00,0x00,0x00,0xff,0x7f,0x7f,0x02,0x00,0x00,
    0x00,0x00,0xdf,0x4a,0x62,0x60,0xe1,0x4c,0x64,0xf6,0xf2,0xb1,0xbb,0xfe,0xff,0xff,0xff,0xfe,0xff,0xff,0xff,0xff,0xff,0xff,
    0xff,0xff,0xff,0xff,0xff,0xff,0xff,0xfe,0xfe,0xff,0xff,0xff,0xff,0xff,0xfd,0xf3,0xf4,0xff,0xe9,0x84,0x91,0xff,0xe1,0x4f,
    0x62,0xff,0xe3,0x58,0x6a,0xff,0xe3,0x59,0x69,0xff,0xe4,0x5a,0x6b,0xff,0xe4,0x5d,0x6b,0xff,0xe5,0x60,0x6d,0xff,0xe5,0x61,
    0x6d,0xff,0xe6,0x64,0x6f,0xff,0xe7,0x66,0x71,0xff,0xe8,0x68,0x72,0xf5,0xe9,0x6a,0x74,0xec,0xe9,0x6e,0x75,0xee,0xea,0x72,
    0x78,0xed,0xeb,0x74,0x7b,0xed,0xec,0x77,0x7d,0xed,0xec,0x7a,0x80,0xed,0xed,0x7d,0x83,0xed,0xee,0x81,0x86,0xed,0xef,0x85,
    0x89,0xed,0xf1,0x88,0x8c,0xed,0xf1,0x8b,0x91,0xed,0xf2,0x90,0x93,0xed,0xf3,0x94,0x96,0xed,0xf3,0x96,0x99,0xed,0xf4,0x9a,
    0x9d,0xed,0xf6,0x9f,0xa2,0xec,0xf5,0xa0,0xa3,0xb3,0xf1,0x9a,0xa7,0x26,0x00,0x00,0x00,0x00,0xff,0xff,0xff,0x01,0x00,0x00,
    0x00,0x00,0x00,0x00,0x00,0x00,0x00,0x00,0x00,0x00,0x00,0x00,0x00,0x00,0x00,0x00,0x00,0x00,0x00,0x00,0x00,0x00,0x00,0x00,
    0x00,0x00,0x00,0x00,0x00,0x00,0x00,0x00,0x00,0x00,0x00,0x00,0x00,0x00,0x00,0x00,0x00,0x00,0x00,0x00,0x00,0x00,0x00,0x00,
    0x00,0x00,0x00,0x00,0x00,0x00,0x00,0x00,0x00,0x00,0x00,0x00,0x00,0x00,0x00,0x00,0x00,0x00,0x00,0x00,0x00,0x00,0x00,0x00,
    0x00,0x00,0x00,0x00,0x00,0x00,0x00,0x00,0x00,0x00,0xff,0x00,0x00,0x01,0xff,0x00,0x00,0x01,0xec,0x5b,0x6d,0x0e,0xde,0x45,
    0x5c,0xad,0xea,0x68,0x7c,0xff,0xf8,0xe0,0xe4,0xfe,0xff,0xff,0xff,0xff,0xff,0xfe,0xfe,0xff,0xff,0xff,0xff,0xff,0xff,0xfe,
    0xfe,0xff,0xff,0xfe,0xfe,0xff,0xf2,0xb3,0xbb,0xff,0xe1,0x56,0x69,0xff,0xe2,0x57,0x69,0xff,0xe3,0x5a,0x6a,0xff,0xe3,0x5b,
    0x6b,0xff,0xe4,0x5e,0x6d,0xff,0xe5,0x61,0x6e,0xff,0xe5,0x62,0x6f,0xff,0xe4,0x64,0x6f,0xfe,0xec,0x69,0x74,0xff,0xe8,0x69,
    0x71,0xd7,0xe6,0x69,0x74,0x5c,0xed,0x6f,0x7a,0x47,0xea,0x6c,0x77,0x4b,0xea,0x75,0x7c,0x4a,0xed,0x78,0x7f,0x4a,0xed,0x78,
    0x7f,0x4a,0xed,0x7f,0x82,0x4a,0xed,0x7f,0x86,0x4a,0xed,0x86,0x89,0x4a,0xed,0x86,0x8d,0x4a,0xf1,0x8d,0x90,0x4a,0xf1,0x8d,
    0x94,0x4a,0xf4,0x94,0x97,0x4a,0xf4,0x97,0x9b,0x4a,0xf4,0x9b,0x9b,0x4a,0xf4,0x9e,0xa1,0x4a,0xf7,0xa3,0xa3,0x46,0xed,0x9e,
    0xa7,0x1d,0x00,0x00,0x00,0x00,0x00,0x00,0x00,0x00,0x00,0x00,0x00,0x00,0x00,0x00,0x00,0x00,0x00,0x00,0x00,0x00,0x00,0x00,
    0x00,0x00,0x00,0x00,0x00,0x00,0x00,0x00,0x00,0x00,0x00,0x00,0x00,0x00,0x00,0x00,0x00,0x00,0x00,0x00,0x00,0x00,0x00,0x00,
    0x00,0x00,0x00,0x00,0x00,0x00,0x00,0x00,0x00,0x00,0x00,0x00,0x00,0x00,0x00,0x00,0x00,0x00,0x00,0x00,0x00,0x00,0x00,0x00,
    0x00,0x00,0x00,0x00,0x00,0x00,0x00,0x00,0x00,0x00,0x00,0x00,0x00,0x00,0x00,0x00,0x00,0x00,0x00,0x00,0x00,0x00,0x00,0x00,
    0x00,0x00,0x00,0x00,0x00,0x00,0x7f,0x00,0x7f,0x02,0x00,0x00,0x00,0x00,0xdf,0x56,0x66,0x41,0xdf,0x48,0x5f,0xed,0xf1,0x9d,
    0xaa,0xff,0xff,0xff,0xff,0xfd,0xff,0xfe,0xfe,0xff,0xff,0xfe,0xfe,0xff,0xff,0xff,0xff,0xff,0xfb,0xe7,0xea,0xff,0xe6,0x6e,
    0x7d,0xff,0xe2,0x54,0x66,0xff,0xe3,0x5b,0x6c,0xff,0xe4,0x5c,0x6c,0xff,0xe4,0x5f,0x6d,0xff,0xe5,0x60,0x6f,0xff,0xe6,0x63,
    0x70,0xff,0xe5,0x66,0x71,0xff,0xe6,0x69,0x72,0xfe,0xec,0x6c,0x77,0xff,0xe6,0x6c,0x76,0x7d,0x00,0x00,0x00,0x00,0x00,0x00,
    0x00,0x00,0x00,0x00,0x00,0x00,0x00,0x00,0x00,0x00,0x00,0x00,0x00,0x00,0x00,0x00,0x00,0x00,0x00,0x00,0x00,0x00,0x00,0x00,
    0x00,0x00,0x00,0x00,0x00,0x00,0x00,0x00,0x00,0x00,0x00,0x00,0x00,0x00,0x00,0x00,0x00,0x00,0x00,0x00,0x00,0x00,0x00,0x00,
    0x00,0x00,0x00,0x00,0x00,0x00,0x00,0x00,0x00,0x00,0x00,0x00,0x00,0x00,0x00,0x00,0x00,0x00,0xff,0x00,0x00,0x01,0x00,0x00,
    0x00,0x00,0x00,0x00,0x00,0x00,0x00,0x00,0x00,0x00,0x00,0x00,0x00,0x00,0x00,0x00,0x00,0x00,0x00,0x00,0x00,0x00,0x00,0x00,
    0x00,0x00,0x00,0x00,0x00,0x00,0x00,0x00,0x00,0x00,0x00,0x00,0x00,0x00,0x00,0x00,0x00,0x00,0x00,0x00,0x00,0x00,0x00,0x00,
    0x00,0x00,0x00,0x00,0x00,0x00,0x00,0x00,0x00,0x00,0x00,0x00,0x00,0x00,0x00,0x00,0x00,0x00,0x00,0x00,0x00,0x00,0x00,0x00,
    0x00,0x00,0x00,0x00,0x00,0x00,0x00,0x00,0x00,0x00,0x00,0x00,0x00,0x00,0x00,0x00,0x00,0x00,0x00,0x00,0x00,0x00,0xff,0x00,
    0x00,0x01,0xff,0x00,0x00,0x01,0xff,0x7f,0x7f,0x06,0xe1,0x4a,0x61,0x93,0xe8,0x63,0x76,0xff,0xf7,0xd3,0xd8,0xfd,0xff,0xff,
    0xff,0xff,0xff,0xfe,0xfe,0xff,0xff,0xfd,0xfc,0xff,0xef,0xa0,0xaa,0xff,0xe2,0x55,0x68,0xff,0xe4,0x5c,0x6c,0xff,0xe4,0x5d,
    0x6d,0xff,0xe4,0x5f,0x6e,0xff,0xe5,0x62,0x6f,0xff,0xe6,0x65,0x70,0xff,0xe6,0x67,0x73,0xff,0xe6,0x6a,0x74,0xfe,0xed,0x6f,
    0x79,0xff,0xe7,0x6e,0x76,0xc4,0xe8,0x6e,0x79,0x17,0xff,0x7f,0x7f,0x02,0xff,0x55,0x55,0x03,0xff,0x7f,0x7f,0x02,0xff,0x7f,
    0x7f,0x02,0xff,0x7f,0x7f,0x02,0xff,0x7f,0x7f,0x02,0xff,0x7f,0x7f,0x02,0xff,0x7f,0x7f,0x02,0xff,0x7f,0x7f,0x02,0xff,0x7f,
    0x7f,0x02,0xff,0x7f,0x7f,0x02,0xff,0x7f,0x7f,0x02,0xff,0x7f,0x7f,0x02,0xff,0x7f,0x7f,0x02,0xff,0x7f,0x7f,0x02,0xff,0x7f,
    0x7f,0x02,0xff,0x7f,0x7f,0x02,0xff,0xff,0xff,0x01,0x00,0x00,0x00,0x00,0x00,0x00,0x00,0x00,0x00,0x00,0x00,0x00,0x00,0x00,
    0x00,0x00,0x00,0x00,0x00,0x00,0x00,0x00,0x00,0x00,0x00,0x00,0x00,0x00,0x00,0x00,0x00,0x00,0x00,0x00,0x00,0x00,0x00,0x00,
    0x00,0x00,0x00,0x00,0x00,0x00,0x00,0x00,0x00,0x00,0x00,0x00,0x00,0x00,0x00,0x00,0x00,0x00,0x00,0x00,0x00,0x00,0x00,0x00,
    0x00,0x00,0x00,0x00,0x00,0x00,0x00,0x00,0x00,0x00,0x00,0x00,0x00,0x00,0x00,0x00,0x00,0x00,0x00,0x00,0x00,0x00,0x00,0x00,
    0x00,0x00,0x00,0x00,0x00,0x00,0x00,0x00,0x00,0x00,0x00,0x00,0x00,0x00,0x00,0x00,0x00,0x00,0xff,0x00,0x00,0x01,0x00,0x00,
    0x00,0x00,0xdd,0x5d,0x6b,0x26,0xdf,0x4b,0x60,0xd5,0xf0,0x8a,0x99,0xff,0xfd,0xf6,0xf7,0xfd,0xff,0xff,0xff,0xff,0xf8,0xd5,
    0xd9,0xff,0xe5,0x68,0x78,0xff,0xe3,0x59,0x6a,0xff,0xe5,0x60,0x6f,0xff,0xe5,0x60,0x6f,0xff,0xe6,0x63,0x70,0xff,0xe7,0x66,
    0x72,0xff,0xe7,0x68,0x74,0xff,0xe7,0x6b,0x75,0xfe,0xeb,0x6f,0x79,0xfe,0xec,0x72,0x7b,0xf6,0xe7,0x73,0x79,0x56,0x00,0x00,
    0x00,0x00,0x7f,0x7f,0x7f,0x02,0x00,0x00,0x00,0x00,0x00,0x00,0x00,0x00,0x00,0x00,0x00,0x00,0x00,0x00,0x00,0x00,0x00,0x00,
    0x00,0x00,0x00,0x00,0x00,0x00,0x00,0x00,0x00,0x00,0x00,0x00,0x00,0x00,0x00,0x00,0x00,0x00,0x00,0x00,0x00,0x00,0x00,0x00,
    0x00,0x00,0x00,0x00,0x00,0x00,0x00,0x00,0x00,0x00,0x00,0x00,0x00,0x00,0x00,0x00,0x00,0x00,0x00,0x00,0x00,0x00,0x00,0x00,
    0x00,0x00,0x00,0x00,0x00,0x00,0x00,0x00,0x00,0x00,0x00,0x00,0x00,0x00,0x00,0x00,0x00,0x00,0x00,0x00,0x00,0x00,0x00,0x00,
    0x00,0x00,0x00,0x00,0x00,0x00,0x00,0x00,0x00,0x00,0x00,0x00,0x00,0x00,0x00,0x00,0x00,0x00,0x00,0x00,0x00,0x00,0x00,0x00,
    0x00,0x00,0x00,0x00,0x00,0x00,0x00,0x00,0x00,0x00,0x00,0x00,0x00,0x00,0x00,0x00,0x00,0x00,0x00,0x00,0x00,0x00,0x00,0x00,
    0x00,0x00,0x00,0x00,0x00,0x00,0x00,0x00,0x00,0x00,0x00,0x00,0x00,0x00,0x00,0x00,0x00,0x00,0x00,0x00,0x00,0x00,0x00,0x00,
    0x00,0x00,0x00,0x00,0x00,0x00,0x00,0x00,0x00,0x00,0x00,0x00,0x00,0x00,0xff,0x7f,0x7f,0x02,0x00,0x00,0x00,0x00,0xe0,0x55,
    0x67,0x74,0xe8,0x5c,0x6e,0xfd,0xf5,0xc8,0xce,0xfd,0xfd,0xfa,0xfa,0xfe,0xec,0x93,0x9d,0xff,0xe3,0x56,0x67,0xff,0xe5,0x61,
    0x70,0xff,0xe5,0x62,0x70,0xff,0xe5,0x65,0x71,0xff,0xe7,0x67,0x73,0xff,0xe7,0x6a,0x74,0xff,0xe8,0x6c,0x76,0xff,0xe7,0x6e,
    0x78,0xfe,0xf0,0x76,0x7f,0xff,0xe9,0x76,0x7d,0xa8,0xe9,0x7f,0x94,0x0c,0xff,0x00,0x00,0x01,0xff,0xff,0xff,0x01,0x00,0x00,
    0x00,0x00,0x00,0x00,0x00,0x00,0x00,0x00,0x00,0x00,0x00,0x00,0x00,0x00,0x00,0x00,0x00,0x00,0x00,0x00,0x00,0x00,0x00,0x00,
    0x00,0x00,0x00,0x00,0x00,0x00,0x00,0x00,0x00,0x00,0x00,0x00,0x00,0x00,0x00,0x00,0x00,0x00,0x00,0x00,0x00,0x00,0x00,0x00,
    0x00,0x00,0x00,0x00,0x00,0x00,0x00,0x00,0x00,0x00,0x00,0x00,0x00,0x00,0x00,0x00,0x00,0x00,0x00,0x00,0x00,0x00,0x00,0x00,
    0x00,0x00,0x00,0x00,0x00,0x00,0x00,0x00,0x00,0x00,0x00,0x00,0x00,0x00,0x00,0x00,0x00,0x00,0x00,0x00,0x00,0x00,0x00,0x00,
    0x00,0x00,0x00,0x00,0x00,0x00,0x00,0x00,0x00,0x00,0x00,0x00,0x00,0x00,0x00,0x00,0x00,0x00,0x00,0x00,0x00,0x00,0x00,0x00,
    0x00,0x00,0x00,0x00,0x00,0x00,0x00,0x00,0x00,0x00,0x00,0x00,0x00,0x00,0x00,0x00,0x00,0x00,0x00,0x00,0x00,0x00,0x00,0x00,
    0x00,0x00,0x00,0x00,0x00,0x00,0x00,0x00,0x00,0x00,0x00,0x00,0x00,0x00,0x00,0x00,0x00,0x00,0x00,0x00,0x00,0x00,0x00,0x00,
    0x00,0x00,0x00,0x00,0x00,0x00,0xff,0x00,0x00,0x01,0xff,0x00,0x00,0x01,0xdf,0x6a,0x74,0x18,0xe0,0x51,0x63,0xc1,0xf2,0x88,
    0x94,0xff,0xf1,0xae,0xb6,0xfd,0xe6,0x63,0x72,0xff,0xe5,0x5f,0x6e,0xff,0xe5,0x64,0x72,0xff,0xe6,0x66,0x74,0xff,0xe7,0x69,
    0x75,0xff,0xe8,0x6b,0x77,0xff,0xe8,0x6e,0x78,0xff,0xe7,0x71,0x7a,0xfe,0xee,0x77,0x80,0xff,0xeb,0x77,0x80,0xe8,0xea,0x79,
    0x81,0x3f,0x00,0x00,0x00,0x00,0xff,0xff,0xff,0x01,0x00,0x00,0x00,0x00,0x00,0x00,0x00,0x00,0x00,0x00,0x00,0x00,0x00,0x00,
    0x00,0x00,0x00,0x00,0x00,0x00,0x00,0x00,0x00,0x00,0x00,0x00,0x00,0x00,0x00,0x00,0x00,0x00,0x00,0x00,0x00,0x00,0x00,0x00,
    0x00,0x00,0x00,0x00,0x00,0x00,0x00,0x00,0x00,0x00,0x00,0x00,0x00,0x00,0x00,0x00,0x00,0x00,0x00,0x00,0x00,0x00,0x00,0x00,
    0x00,0x00,0x00,0x00,0x00,0x00,0x00,0x00,0x00,0x00,0x00,0x00,0x00,0x00,0x00,0x00,0x00,0x00,0x00,0x00,0x00,0x00,0x00,0x00,
    0x00,0x00,0x00,0x00,0x00,0x00,0x00,0x00,0x00,0x00,0x00,0x00,0x00,0x00,0x00,0x00,0x00,0x00,0x00,0x00,0x00,0x00,0x00,0x00,
    0x00,0x00,0x00,0x00,0x00,0x00,0x00,0x00,0x00,0x00,0x00,0x00,0x00,0x00,0x00,0x00,0x00,0x00,0x00,0x00,0x00,0x00,0x00,0x00,
    0x00,0x00,0x00,0x00,0x00,0x00,0x00,0x00,0x00,0x00,0x00,0x00,0x00,0x00,0x00,0x00,0x00,0x00,0x00,0x00,0x00,0x00,0x00,0x00,
    0x00,0x00,0x00,0x00,0x00,0x00,0x00,0x00,0x00,0x00,0x00,0x00,0x00,0x00,0x00,0x00,0x00,0x00,0x00,0x00,0x00,0x00,0x00,0x00,
    0x00,0x00,0xff,0x7f,0x7f,0x02,0x00,0x00,0x00,0x00,0xe4,0x59,0x69,0x4d,0xe6,0x61,0x70,0xec,0xe9,0x67,0x75,0xff,0xe6,0x61,
    0x6f,0xfd,0xe7,0x66,0x73,0xfe,0xe7,0x68,0x74,0xfe,0xe8,0x6b,0x76,0xfe,0xe9,0x6c,0x78,0xfe,0xe9,0x70,0x7a,0xfe,0xea,0x74,
    0x7e,0xfe,0xeb,0x78,0x81,0xfd,0xf2,0x7f,0x86,0xfe,0xeb,0x7c,0x84,0x8d,0xff,0x66,0x99,0x05,0xff,0xff,0xff,0x01,0xff,0x00,
    0x00,0x01,0x00,0x00,0x00,0x00,0x00,0x00,0x00,0x00,0x00,0x00,0x00,0x00,0x00,0x00,0x00,0x00,0x00,0x00,0x00,0x00,0x00,0x00,
    0x00,0x00,0x00,0x00,0x00,0x00,0x00,0x00,0x00,0x00,0x00,0x00,0x00,0x00,0x00,0x00,0x00,0x00,0x00,0x00,0x00,0x00,0x00,0x00,
    0x00,0x00,0x00,0x00,0x00,0x00,0x00,0x00,0x00,0x00,0x00,0x00,0x00,0x00,0x00,0x00,0x00,0x00,0x00,0x00,0x00,0x00,0x00,0x00,
    0x00,0x00,0x00,0x00,0x00,0x00,0x00,0x00,0x00,0x00,0x00,0x00,0x00,0x00,0x00,0x00,0x00,0x00,0x00,0x00,0x00,0x00,0x00,0x00,
    0x00,0x00,0x00,0x00,0x00,0x00,0x00,0x00,0x00,0x00,0x00,0x00,0x00,0x00,0x00,0x00,0x00,0x00,0x00,0x00,0x00,0x00,0x00,0x00,
    0x00,0x00,0x00,0x00,0x00,0x00,0x00,0x00,0x00,0x00,0x00,0x00,0x00,0x00,0x00,0x00,0x00,0x00,0x00,0x00,0x00,0x00,0x00,0x00,
    0x00,0x00,0x00,0x00,0x00,0x00,0x00,0x00,0x00,0x00,0x00,0x00,0x00,0x00,0x00,0x00,0x00,0x00,0x00,0x00,0x00,0x00,0x00,0x00,
    0x00,0x00,0x00,0x00,0x00,0x00,0x00,0x00,0x00,0x00,0x00,0x00,0x00,0x00,0x00,0x00,0x00,0x00,0x00,0x00,0x00,0x00,0xff,0x00,
    0x00,0x01,0xff,0x3f,0x7f,0x04,0xe3,0x63,0x6e,0x5c,0xe6,0x63,0x71,0xb3,0xe7,0x66,0x74,0xba,0xe6,0x68,0x73,0xb9,0xe7,0x6a,
    0x75,0xba,0xe7,0x6f,0x78,0xba,0xe7,0x70,0x7a,0xba,0xea,0x74,0x7e,0xba,0xeb,0x79,0x80,0xb9,0xeb,0x7c,0x84,0xbb,0xea,0x7e,
    0x86,0x89,0xed,0x83,0x8c,0x1d,0x00,0x00,0x00,0x00,0x00,0x00,0x00,0x02,0x00,0x00,0x00,0x00,0x00,0x00,0x00,0x00,0x00,0x00,
    0x00,0x00,0x00,0x00,0x00,0x00,0x00,0x00,0x00,0x00,0x00,0x00,0x00,0x00,0x00,0x00,0x00,0x00,0x00,0x00,0x00,0x00,0x00,0x00,
    0x00,0x00,0x00,0x00,0x00,0x00,0x00,0x00,0x00,0x00,0x00,0x00,0x00,0x00,0x00,0x00,0x00,0x00,0x00,0x00,0x00,0x00,0x00,0x00,
    0x00,0x00,0x00,0x00,0x00,0x00,0x00,0x00,0x00,0x00,0x00,0x00,0x00,0x00,0x00,0x00,0x00,0x00,0x00,0x00,0x00,0x00,0x00,0x00,
    0x00,0x00,0x00,0x00,0x00,0x00,0x00,0x00,0x00,0x00,0x00,0x00,0x00,0x00,0x00,0x00,0x00,0x00,0x00,0x00,0x00,0x00,0x00,0x00,
    0x00,0x00,0x00,0x00,0x00,0x00,0xff,0xff,0xff,0xfc,0x00,0x0f,0xff,0xff,0xff,0xff,0xff,0xe0,0x00,0x17,0xff,0xff,0xff,0xff,
    0xff,0xe8,0x00,0x0b,0xff,0xff,0xff,0xff,0xff,0xc0,0x00,0x0b,0xff,0xff,0xff,0xff,0xff,0xd0,0x00,0x05,0xff,0xff,0xff,0x80,
    0x00,0x00,0x00,0x00,0xff,0xff,0xff,0x7f,0xff,0xe0,0x00,0x02,0xff,0xff,0xff,0x80,0x00,0x00,0x00,0x00,0x7f,0xff,0xfd,0x00,
    0x00,0x00,0x00,0x01,0x7f,0xff,0xfc,0x00,0x00,0x00,0x00,0x00,0xbf,0xff,0xfa,0x00,0x00,0x00,0x00,0x00,0xbf,0xff,0xf0,0x00,
    0x00,0x00,0x00,0x00,0x5f,0xff,0xf4,0x00,0x00,0x00,0x00,0x00,0x00,0x3f,0xe8,0x00,0x00,0x00,0x00,0x00,0x28,0x1f,0xe8,0x00,
    0x00,0x00,0x00,0x00,0x1f,0xf7,0xd0,0x00,0x00,0x00,0x00,0x00,0x00,0x0b,0xd0,0x00,0x00,0x00,0x00,0x00,0x00,0x03,0xd0,0x00,
    0x00,0x00,0x00,0x00,0x00,0x05,0xd0,0x00,0x00,0x00,0x00,0x00,0x00,0x00,0xe8,0x00,0x00,0x00,0x00,0x00,0x00,0x02,0xe0,0x00,
    0x00,0x00,0x00,0x00,0x00,0x01,0xf4,0x00,0x00,0x00,0x00,0x00,0x00,0x00,0xf0,0x00,0x00,0x00,0x00,0x00,0x00,0x00,0xfa,0x00,
    0x00,0x00,0x00,0x00,0x00,0x00,0xf8,0x00,0x00,0x00,0x00,0x00,0x00,0x00,0xfa,0x00,0x00,0x00,0x00,0x00,0x00,0x00,0xf0,0x00,
    0x00,0x00,0x00,0x00,0x00,0x00,0xf4,0x00,0x00,0x00,0x00,0x00,0x00,0x00,0xe0,0x00,0x00,0x00,0x00,0x00,0x00,0x01,0xe8,0x00,
    0x00,0x00,0x00,0x00,0x00,0x02,0xd0,0x00,0x00,0x00,0x00,0x00,0x00,0x00,0x80,0x00,0x00,0x00,0x00,0x00,0x00,0x05,0xa0,0x00,
    0x00,0x00,0x00,0x00,0x00,0x01,0x00,0x00,0x00,0x00,0x00,0x00,0x00,0x0b,0x40,0x00,0x00,0x00,0x00,0x00,0x00,0x17,0x80,0x00,
    0x00,0x00,0x00,0x00,0x00,0x07,0x00,0x00,0x00,0x00,0x00,0x00,0x00,0x2f,0x00,0x00,0x00,0x00,0x00,0x00,0x00,0x0f,0x00,0x00,
    0x00,0x00,0x00,0x00,0x00,0x5f,0x00,0x00,0x00,0x00,0x00,0x00,0x00,0x1f,0x00,0x00,0x00,0x00,0x00,0x00,0x00,0x5f,0x00,0x00,
    0x00,0x00,0x00,0x00,0x00,0x0f,0x80,0x00,0x00,0x00,0x00,0x00,0x00,0x2f,0x80,0x00,0x00,0x00,0x00,0x00,0x00,0x17,0x40,0x00,
    0x00,0x00,0x00,0x00,0x00,0x17,0x00,0x00,0x00,0x00,0x00,0x00,0x00,0x0b,0xa0,0x00,0x00,0x00,0x00,0x00,0x00,0x0b,0xc0,0x00,
    0x00,0x00,0x00,0x00,0x00,0x0b,0xd0,0x00,0x00,0x00,0x00,0x00,0x00,0x0b,0xff,0xf8,0x00,0x00,0x00,0x00,0x00,0x17,0xf8,0x14,
    0x00,0x00,0x00,0x00,0x00,0x17,0xfc,0x00,0x00,0x00,0x00,0x00,0x00,0x2f,0xff,0xfa,0x00,0x00,0x00,0x00,0x00,0x0f,0xff,0xfc,
    0x00,0x00,0x00,0x00,0x00,0x5f,0xff,0xfd,0x00,0x00,0x00,0x00,0x00,0x1f,0xff,0xfe,0x80,0x00,0x00,0x00,0x00,0xbf,0xff,0xfe,
    0x00,0x00,0x00,0x00,0x01,0xff,0xff,0xff,0x40,0x00,0x07,0xff,0xfe,0xff,0xff,0xff,0x00,0x00,0x00,0x00,0x01,0xff,0xff,0xff,
    0xa0,0x00,0x0b,0xff,0xff,0xff,0xff,0xff,0xd0,0x00,0x03,0xff,0xff,0xff,0xff,0xff,0xc0,0x00,0x17,0xff,0xff,0xff,0xff,0xff,
    0xe8,0x00,0x07,0xff,0xff,0xff,0xff,0xff,0xf0,0x00,0x2f,0xff,0xff,0xff,0x28,0x00,0x00,0x00,0x60,0x00,0x00,0x00,0xc0,0x00,
    0x00,0x00,0x01,0x00,0x20,0x00,0x00,0x00,0x00,0x00,0x80,0x94,0x00,0x00,0x00,0x00,0x00,0x00,0x00,0x00,0x00,0x00,0x00,0x00,
    0x00,0x00,0x00,0x00,0x00,0x00,0x00,0x00,0x00,0x00,0x00,0x00,0x00,0x00,0x00,0x00,0x00,0x00,0x00,0x00,0x00,0x00,0x00,0x00,
    0x00,0x00,0x00,0x00,0x00,0x00,0x00,0x00,0x00,0x00,0x00,0x00,0x00,0x00,0x00,0x00,0x00,0x00,0x00,0x00,0x00,0x00,0x00,0x00,
    0x00,0x00,0x00,0x00,0x00,0x00,0x00,0x00,0x00,0x00,0x00,0x00,0x00,0x00,0x00,0x00,0x00,0x00,0x00,0x00,0x00,0x00,0x00,0x00,
    0x00,0x00,0x00,0x00,0x00,0x00,0x00,0x00,0x00,0x00,0x00,0x00,0x00,0x00,0x00,0x00,0x00,0x00,0x00,0x00,0x00,0x00,0x00,0x00,
    0x00,0x00,0x00,0x00,0x00,0x00,0x00,0x00,0x00,0x00,0x00,0x00,0x00,0x00,0x00,0x00,0x00,0x00,0x00,0x00,0x00,0x00,0x00,0x00,
    0x00,0x00,0x00,0x00,0x00,0x00,0x00,0x00,0x00,0x00,0x00,0x00,0x00,0x00,0x00,0x00,0x00,0x00,0x00,0x00,0x00,0x00,0x00,0x00,
    0x00,0x00,0x00,0x00,0x00,0x00,0x00,0x00,0x00,0x00,0x00,0x00,0x00,0x00,0x00,0x00,0x00,0x00,0x00,0x00,0x00,0x00,0x00,0x00,
    0x00,0x00,0x00,0x00,0x00,0x00,0x00,0x00,0x00,0x00,0x00,0x00,0x00,0x00,0x00,0x00,0x00,0x00,0x00,0x00,0x00,0x00,0xd1,0x2e,
    0x5d,0x16,0xd4,0x2d,0x62,0x65,0xd5,0x2d,0x63,0x81,0xd5,0x2e,0x63,0x84,0xd6,0x2f,0x63,0x83,0xd6,0x2f,0x63,0x83,0xd6,0x2f,
    0x63,0x83,0xd6,0x2f,0x63,0x83,0xd6,0x2f,0x63,0x83,0xd6,0x2f,0x63,0x83,0xd6,0x2f,0x63,0x83,0xd6,0x2f,0x63,0x83,0xd6,0x2f,
    0x63,0x83,0xd5,0x2e,0x64,0x84,0xd5,0x2e,0x62,0x7f,0xd6,0x2f,0x63,0x5d,0xd4,0x33,0x66,0x1e,0xff,0x00,0x80,0x02,0x00,0x00,
    0x00,0x00,0x00,0x00,0x00,0x00,0x00,0x00,0x00,0x00,0x00,0x00,0x00,0x00,0x00,0x00,0x00,0x00,0x00,0x00,0x00,0x00,0x00,0x00,
    0x00,0x00,0x00,0x00,0x00,0x00,0x00,0x00,0x00,0x00,0x00,0x00,0x00,0x00,0x00,0x00,0x00,0x00,0x00,0x00,0x00,0x00,0x00,0x00,
    0x00,0x00,0x00,0x00,0x00,0x00,0x00,0x00,0x00,0x00,0x00,0x00,0x00,0x00,0x00,0x00,0x00,0x00,0x00,0x00,0x00,0x00,0x00,0x00,
    0x00,0x00,0x00,0x00,0x00,0x00,0x00,0x00,0x00,0x00,0x00,0x00,0x00,0x00,0x00,0x00,0x00,0x00,0x00,0x00,0x00,0x00,0x00,0x00,
    0x00,0x00,0x00,0x00,0x00,0x00,0x00,0x00,0x00,0x00,0x00,0x00,0x00,0x00,0x00,0x00,0x00,0x00,0x00,0x00,0x00,0x00,0x00,0x00,
    0x00,0x00,0x00,0x00,0x00,0x00,0x00,0x00,0x00,0x00,0x00,0x00,0x00,0x00,0x00,0x00,0x00,0x00,0x00,0x00,0x00,0x00,0x00,0x00,
    0x00,0x00,0x00,0x00,0x00,0x00,0x00,0x00,0x00,0x00,0x00,0x00,0x00,0x00,0x00,0x00,0x00,0x00,0x00,0x00,0x00,0x00,0x00,0x00,
    0x00,0x00,0x00,0x00,0x00,0x00,0x00,0x00,0x00,0x00,0x00,0x00,0x00,0x00,0x00,0x00,0x00,0x00,0x00,0x00,0x00,0x00,0x00,0x00,
    0x00,0x00,0x00,0x00,0x00,0x00,0x00,0x00,0x00,0x00,0x00,0x00,0x00,0x00,0x00,0x00,0x00,0x00,0x00,0x00,0x00,0x00,0x00,0x00,
    0x00,0x00,0x00,0x00,0x00,0x00,0x00,0x00,0x00,0x00,0x00,0x00,0x00,0x00,0x00,0x00,0x00,0x00,0x00,0x00,0x00,0x00,0x00,0x00,
    0x00,0x00,0x00,0x00,0x00,0x00,0x00,0x00,0x00,0x00,0x00,0x00,0x00,0x00,0x00,0x00,0x00,0x00,0x00,0x00,0x00,0x00,0x00,0x00,
    0x00,0x00,0x00,0x00,0x00,0x00,0x00,0x00,0x00,0x00,0x00,0x00,0x00,0x00,0x00,0x00,0x00,0x00,0x00,0x00,0x00,0x00,0x00,0x00,
    0x00,0x00,0x00,0x00,0x00,0x00,0x00,0x00,0x00,0x00,0x00,0x00,0x00,0x00,0x00,0x00,0x00,0x00,0xd7,0x30,0x60,0x20,0xd6,0x2f,
    0x63,0x89,0xd6,0x2d,0x62,0xdf,0xd6,0x2d,0x63,0xe7,0xd6,0x2d,0x63,0xe7,0xd6,0x2d,0x63,0xe7,0xd6,0x2d,0x63,0xe7,0xd6,0x2d,
    0x63,0xe7,0xd6,0x2d,0x63,0xe7,0xd6,0x2d,0x63,0xe7,0xd6,0x2d,0x63,0xe7,0xd6,0x2d,0x63,0xe7,0xd6,0x2d,0x63,0xe7,0xd6,0x2d,
    0x63,0xe7,0xd6,0x2d,0x63,0xe7,0xd6,0x2d,0x63,0xe7,0xd6,0x2e,0x62,0xdf,0xd5,0x2f,0x63,0xaa,0xd1,0x2e,0x62,0x27,0xff,0x55,
    0x55,0x03,0x00,0x00,0x00,0x00,0x00,0x00,0x00,0x00,0x00,0x00,0x00,0x00,0x00,0x00,0x00,0x00,0x00,0x00,0x00,0x00,0x00,0x00,
    0x00,0x00,0x00,0x00,0x00,0x00,0x00,0x00,0x00,0x00,0x00,0x00,0x00,0x00,0x00,0x00,0x00,0x00,0x00,0x00,0x00,0x00,0x00,0x00,
    0x00,0x00,0x00,0x00,0x00,0x00,0x00,0x00,0x00,0x00,0x00,0x00,0x00,0x00,0x00,0x00,0x00,0x00,0x00,0x00,0x00,0x00,0x00,0x00,
    0x00,0x00,0x00,0x00,0x00,0x00,0x00,0x00,0x00,0x00,0x00,0x00,0x00,0x00,0x00,0x00,0x00,0x00,0x00,0x00,0x00,0x00,0x00,0x00,
    0x00,0x00,0x00,0x00,0x00,0x00,0x00,0x00,0x00,0x00,0x00,0x00,0x00,0x00,0x00,0x00,0x00,0x00,0x00,0x00,0x00,0x00,0x00,0x00,
    0x00,0x00,0x00,0x00,0x00,0x00,0x00,0x00,0x00,0x00,0x00,0x00,0x00,0x00,0x00,0x00,0x00,0x00,0x00,0x00,0x00,0x00,0x00,0x00,
    0x00,0x00,0x00,0x00,0x00,0x00,0x00,0x00,0x00,0x00,0x00,0x00,0x00,0x00,0x00,0x00,0x00,0x00,0x00,0x00,0x00,0x00,0x00,0x00,
    0x00,0x00,0x00,0x00,0x00,0x00,0x00,0x00,0x00,0x00,0x00,0x00,0x00,0x00,0x00,0x00,0x00,0x00,0x00,0x00,0x00,0x00,0x00,0x00,
    0x00,0x00,0x00,0x00,0x00,0x00,0x00,0x00,0x00,0x00,0x00,0x00,0x00,0x00,0x00,0x00,0x00,0x00,0x00,0x00,0x00,0x00,0x00,0x00,
    0x00,0x00,0x00,0x00,0x00,0x00,0x00,0x00,0x00,0x00,0x00,0x00,0x00,0x00,0x00,0x00,0x00,0x00,0x00,0x00,0x00,0x00,0x00,0x00,
    0x00,0x00,0x00,0x00,0x00,0x00,0x00,0x00,0x00,0x00,0x00,0x00,0x00,0x00,0x00,0x00,0x00,0x00,0x00,0x00,0x00,0x00,0x00,0x00,
    0x00,0x00,0x00,0x00,0x00,0x00,0x00,0x00,0x00,0x00,0x00,0x00,0x00,0x00,0x00,0x00,0x00,0x00,0x00,0x00,0x00,0x00,0x00,0x00,
    0x00,0x00,0x00,0x00,0x00,0x00,0x00,0x00,0x00,0x00,0x00,0x00,0x00,0x00,0xd1,0x2e,0x68,0x16,0xd4,0x2d,0x61,0x71,0xd6,0x30,
    0x66,0xe8,0xda,0x3b,0x6f,0xff,0xd9,0x34,0x69,0xff,0xd8,0x2e,0x65,0xff,0xd8,0x2d,0x64,0xff,0xd8,0x2d,0x64,0xff,0xd8,0x2d,
    0x64,0xff,0xd8,0x2d,0x64,0xff,0xd8,0x2d,0x64,0xff,0xd8,0x2d,0x64,0xff,0xd8,0x2d,0x64,0xff,0xd8,0x2d,0x64,0xff,0xd8,0x2d,
    0x64,0xff,0xd8,0x2d,0x64,0xff,0xd8,0x2e,0x64,0xff,0xd9,0x2f,0x64,0xff,0xd6,0x30,0x62,0xec,0xd8,0x31,0x63,0x88,0xe8,0x2e,
    0x5d,0x0b,0x00,0x00,0x00,0x00,0x00,0x00,0x00,0x00,0x00,0x00,0x00,0x00,0x00,0x00,0x00,0x00,0x00,0x00,0x00,0x00,0x00,0x00,
    0x00,0x00,0x00,0x00,0x00,0x00,0x00,0x00,0x00,0x00,0x00,0x00,0x00,0x00,0x00,0x00,0x00,0x00,0x00,0x00,0x00,0x00,0x00,0x00,
    0x00,0x00,0x00,0x00,0x00,0x00,0x00,0x00,0x00,0x00,0x00,0x00,0x00,0x00,0x00,0x00,0x00,0x00,0x00,0x00,0x00,0x00,0x00,0x00,
    0x00,0x00,0x00,0x00,0x00,0x00,0x00,0x00,0x00,0x00,0x00,0x00,0x00,0x00,0x00,0x00,0x00,0x00,0x00,0x00,0x00,0x00,0x00,0x00,
    0x00,0x00,0x00,0x00,0x00,0x00,0x00,0x00,0x00,0x00,0x00,0x00,0x00,0x00,0x00,0x00,0x00,0x00,0x00,0x00,0x00,0x00,0x00,0x00,
    0x00,0x00,0x00,0x00,0x00,0x00,0x00,0x00,0x00,0x00,0x00,0x00,0x00,0x00,0x00,0x00,0x00,0x00,0x00,0x00,0x00,0x00,0x00,0x00,
    0x00,0x00,0x00,0x00,0x00,0x00,0x00,0x00,0x00,0x00,0x00,0x00,0x00,0x00,0x00,0x00,0x00,0x00,0x00,0x00,0x00,0x00,0x00,0x00,
    0x00,0x00,0x00,0x00,0x00,0x00,0x00,0x00,0x00,0x00,0x00,0x00,0x00,0x00,0x00,0x00,0x00,0x00,0x00,0x00,0x00,0x00,0x00,0x00,
    0x00,0x00,0x00,0x00,0x00,0x00,0x00,0x00,0x00,0x00,0x00,0x00,0x00,0x00,0x00,0x00,0x00,0x00,0x00,0x00,0x00,0x00,0x00,0x00,
    0x00,0x00,0x00,0x00,0x00,0x00,0x00,0x00,0x00,0x00,0x00,0x00,0x00,0x00,0x00,0x00,0x00,0x00,0x00,0x00,0x00,0x00,0x00,0x00,
    0x00,0x00,0x00,0x00,0x00,0x00,0x00,0x00,0x00,0x00,0x00,0x00,0x00,0x00,0x00,0x00,0x00,0x00,0x00,0x00,0x00,0x00,0x00,0x00,
    0x00,0x00,0x00,0x00,0x00,0x00,0x00,0x00,0x00,0x00,0x00,0x00,0x00,0x00,0x00,0x00,0x00,0x00,0x00,0x00,0x00,0x00,0x00,0x00,
    0x00,0x00,0x00,0x00,0x00,0x00,0x00,0x00,0x00,0x00,0x00,0x00,0x00,0x00,0xd6,0x2d,0x62,0x44,0xd5,0x2b,0x61,0xca,0xdc,0x3c,
    0x6f,0xff,0xe6,0x7d,0x9f,0xff,0xe3,0x72,0x97,0xff,0xd8,0x38,0x6b,0xff,0xd6,0x2b,0x61,0xff,0xd6,0x2d,0x63,0xff,0xd6,0x2d,
    0x63,0xff,0xd6,0x2d,0x63,0xff,0xd6,0x2d,0x63,0xff,0xd6,0x2d,0x63,0xff,0xd6,0x2d,0x63,0xff,0xd6,0x2d,0x63,0xff,0xd6,0x2d,
    0x63,0xff,0xd6,0x2d,0x63,0xff,0xd6,0x2e,0x63,0xff,0xd6,0x2f,0x62,0xff,0xd6,0x30,0x62,0xfd,0xd6,0x31,0x62,0xd6,0xd4,0x35,
    0x65,0x30,0xff,0x55,0x55,0x03,0x00,0x00,0x00,0x00,0x00,0x00,0x00,0x00,0x00,0x00,0x00,0x00,0x00,0x00,0x00,0x00,0x00,0x00,
    0x00,0x00,0x00,0x00,0x00,0x00,0x00,0x00,0x00,0x00,0x00,0x00,0x00,0x00,0x00,0x00,0x00,0x00,0x00,0x00,0x00,0x00,0x00,0x00,
    0x00,0x00,0x00,0x00,0x00,0x00,0x00,0x00,0x00,0x00,0x00,0x00,0x00,0x00,0x00,0x00,0x00,0x00,0x00,0x00,0x00,0x00,0x00,0x00,
    0x00,0x00,0x00,0x00,0x00,0x00,0x00,0x00,0x00,0x00,0x00,0x00,0x00,0x00,0x00,0x00,0x00,0x00,0x00,0x00,0x00,0x00,0x00,0x00,
    0x00,0x00,0x00,0x00,0x00,0x00,0x00,0x00,0x00,0x00,0x00,0x00,0x00,0x00,0x00,0x00,0x00,0x00,0x00,0x00,0x00,0x00,0x00,0x00,
    0x00,0x00,0x00,0x00,0x00,0x00,0x00,0x00,0x00,0x00,0x00,0x00,0x00,0x00,0x00,0x00,0x00,0x00,0x00,0x00,0x00,0x00,0x00,0x00,
    0x00,0x00,0x00,0x00,0x00,0x00,0x00,0x00,0x00,0x00,0x00,0x00,0x00,0x00,0x00,0x00,0x00,0x00,0x00,0x00,0x00,0x00,0x00,0x00,
    0x00,0x00,0x00,0x00,0x00,0x00,0x00,0x00,0x00,0x00,0x00,0x00,0x00,0x00,0x00,0x00,0x00,0x00,0x00,0x00,0x00,0x00,0x00,0x00,
    0x00,0x00,0x00,0x00,0x00,0x00,0x00,0x00,0x00,0x00,0x00,0x00,0x00,0x00,0x00,0x00,0x00,0x00,0x00,0x00,0x00,0x00,0x00,0x00,
    0x00,0x00,0x00,0x00,0x00,0x00,0x00,0x00,0x00,0x00,0x00,0x00,0x00,0x00,0x00,0x00,0x00,0x00,0x00,0x00,0x00,0x00,0x00,0x00,
    0x00,0x00,0x00,0x00,0x00,0x00,0x00,0x00,0x00,0x00,0x00,0x00,0x00,0x00,0x00,0x00,0x00,0x00,0x00,0x00,0x00,0x00,0x00,0x00,
    0x00,0x00,0x00,0x00,0x00,0x00,0x00,0x00,0x00,0x00,0x00,0x00,0x00,0x00,0x00,0x00,0x00,0x00,0x00,0x00,0x00,0x00,0x00,0x00,
    0x00,0x00,0x00,0x00,0x00,0x00,0x00,0x00,0x00,0x00,0xdc,0x2e,0x68,0x16,0xd6,0x2d,0x63,0x88,0xd6,0x2d,0x63,0xfb,0xdd,0x53,
    0x7f,0xff,0xf6,0xd1,0xdd,0xff,0xf5,0xcb,0xd9,0xff,0xdf,0x5b,0x85,0xff,0xd6,0x30,0x65,0xff,0xd6,0x2c,0x62,0xff,0xd6,0x2d,
    0x63,0xff,0xd6,0x2d,0x63,0xff,0xd6,0x2d,0x63,0xff,0xd6,0x2d,0x63,0xff,0xd6,0x2d,0x63,0xff,0xd6,0x2d,0x63,0xff,0xd6,0x2d,
    0x63,0xff,0xd6,0x2d,0x63,0xff,0xd6,0x2e,0x63,0xff,0xd6,0x30,0x62,0xff,0xd8,0x31,0x63,0xff,0xd7,0x32,0x62,0xf6,0xd6,0x32,
    0x63,0x8e,0xd9,0x2f,0x5e,0x1b,0x00,0x00,0x00,0x00,0x00,0x00,0x00,0x00,0x00,0x00,0x00,0x00,0x00,0x00,0x00,0x00,0x00,0x00,
    0x00,0x00,0x00,0x00,0x00,0x00,0x00,0x00,0x00,0x00,0x00,0x00,0x00,0x00,0x00,0x00,0x00,0x00,0x00,0x00,0x00,0x00,0x00,0x00,
    0x00,0x00,0x00,0x00,0x00,0x00,0x00,0x00,0x00,0x00,0x00,0x00,0x00,0x00,0x00,0x00,0x00,0x00,0x00,0x00,0x00,0x00,0x00,0x00,
    0x00,0x00,0x00,0x00,0x00,0x00,0x00,0x00,0x00,0x00,0x00,0x00,0x00,0x00,0x00,0x00,0x00,0x00,0x00,0x00,0x00,0x00,0x00,0x00,
    0x00,0x00,0x00,0x00,0x00,0x00,0x00,0x00,0x00,0x00,0x00,0x00,0x00,0x00,0x00,0x00,0x00,0x00,0x00,0x00,0x00,0x00,0x00,0x00,
    0x00,0x00,0x00,0x00,0x00,0x00,0x00,0x00,0x00,0x00,0x00,0x00,0x00,0x00,0x00,0x00,0x00,0x00,0x00,0x00,0x00,0x00,0x00,0x00,
    0x00,0x00,0x00,0x00,0x00,0x00,0x00,0x00,0x00,0x00,0x00,0x00,0x00,0x00,0x00,0x00,0x00,0x00,0x00,0x00,0x00,0x00,0x00,0x00,
    0x00,0x00,0x00,0x00,0x00,0x00,0x00,0x00,0x00,0x00,0x00,0x00,0x00,0x00,0x00,0x00,0x00,0x00,0x00,0x00,0x00,0x00,0x00,0x00,
    0x00,0x00,0x00,0x00,0x00,0x00,0x00,0x00,0x00,0x00,0x00,0x00,0x00,0x00,0x00,0x00,0x00,0x00,0x00,0x00,0x00,0x00,0x00,0x00,
    0x00,0x00,0x00,0x00,0x00,0x00,0x00,0x00,0x00,0x00,0x00,0x00,0x00,0x00,0x00,0x00,0x00,0x00,0x00,0x00,0x00,0x00,0x00,0x00,
    0x00,0x00,0x00,0x00,0x00,0x00,0x00,0x00,0x00,0x00,0x00,0x00,0x00,0x00,0x00,0x00,0x00,0x00,0x00,0x00,0x00,0x00,0x00,0x00,
    0x00,0x00,0x00,0x00,0x00,0x00,0x00,0x00,0x00,0x00,0x00,0x00,0x00,0x00,0x00,0x00,0x00,0x00,0x00,0x00,0x00,0x00,0x00,0x00,
    0x00,0x00,0x00,0x00,0x00,0x00,0x00,0x00,0x00,0x00,0xd5,0x2d,0x65,0x5b,0xd5,0x2a,0x61,0xcf,0xdc,0x3c,0x6f,0xff,0xe7,0x87,
    0xa6,0xff,0xff,0xfd,0xfe,0xff,0xff,0xff,0xff,0xff,0xeb,0x9b,0xb4,0xff,0xda,0x43,0x73,0xff,0xd5,0x2a,0x61,0xff,0xd6,0x2d,
    0x63,0xff,0xd6,0x2d,0x63,0xff,0xd6,0x2d,0x63,0xff,0xd6,0x2d,0x63,0xff,0xd6,0x2d,0x63,0xff,0xd6,0x2d,0x63,0xff,0xd6,0x2d,
    0x63,0xff,0xd6,0x2e,0x63,0xff,0xd6,0x2f,0x62,0xff,0xd6,0x30,0x62,0xff,0xd7,0x31,0x62,0xff,0xd7,0x32,0x61,0xfe,0xd7,0x33,
    0x62,0xea,0xda,0x34,0x62,0x53,0xe6,0x33,0x66,0x0a,0x00,0x00,0x00,0x00,0x00,0x00,0x00,0x00,0x00,0x00,0x00,0x00,0x00,0x00,
    0x00,0x00,0x00,0x00,0x00,0x00,0x00,0x00,0x00,0x00,0x00,0x00,0x00,0x00,0x00,0x00,0x00,0x00,0x00,0x00,0x00,0x00,0x00,0x00,
    0x00,0x00,0x00,0x00,0x00,0x00,0x00,0x00,0x00,0x00,0x00,0x00,0x00,0x00,0x00,0x00,0x00,0x00,0x00,0x00,0x00,0x00,0x00,0x00,
    0x00,0x00,0x00,0x00,0x00,0x00,0x00,0x00,0x00,0x00,0x00,0x00,0x00,0x00,0x00,0x00,0x00,0x00,0x00,0x00,0x00,0x00,0x00,0x00,
    0x00,0x00,0x00,0x00,0x00,0x00,0x00,0x00,0x00,0x00,0x00,0x00,0x00,0x00,0x00,0x00,0x00,0x00,0x00,0x00,0x00,0x00,0x00,0x00,
    0x00,0x00,0x00,0x00,0x00,0x00,0x00,0x00,0x00,0x00,0x00,0x00,0x00,0x00,0x00,0x00,0x00,0x00,0x00,0x00,0x00,0x00,0x00,0x00,
    0x00,0x00,0x00,0x00,0x00,0x00,0x00,0x00,0x00,0x00,0x00,0x00,0x00,0x00,0x00,0x00,0x00,0x00,0x00,0x00,0x00,0x00,0x00,0x00,
    0x00,0x00,0x00,0x00,0x00,0x00,0x00,0x00,0x00,0x00,0x00,0x00,0x00,0x00,0x00,0x00,0x00,0x00,0x00,0x00,0x00,0x00,0x00,0x00,
    0x00,0x00,0x00,0x00,0x00,0x00,0x00,0x00,0x00,0x00,0x00,0x00,0x00,0x00,0x00,0x00,0x00,0x00,0x00,0x00,0x00,0x00,0x00,0x00,
    0x00,0x00,0x00,0x00,0x00,0x00,0x00,0x00,0x00,0x00,0x00,0x00,0x00,0x00,0x00,0x00,0x00,0x00,0x00,0x00,0x00,0x00,0x00,0x00,
    0x00,0x00,0x00,0x00,0x00,0x00,0x00,0x00,0x00,0x00,0x00,0x00,0x00,0x00,0x00,0x00,0x00,0x00,0x00,0x00,0x00,0x00,0x00,0x00,
    0x00,0x00,0x00,0x00,0x00,0x00,0x00,0x00,0x00,0x00,0x00,0x00,0x00,0x00,0x00,0x00,0x00,0x00,0x00,0x00,0x00,0x00,0x00,0x00,
    0x00,0x00,0x00,0x00,0x00,0x00,0xd8,0x2e,0x64,0x21,0xd6,0x2c,0x63,0x9b,0xd7,0x2e,0x64,0xf7,0xe1,0x66,0x8d,0xff,0xf7,0xd6,
    0xe0,0xff,0xff,0xfe,0xfe,0xff,0xff,0xfe,0xfe,0xff,0xf9,0xdf,0xe7,0xff,0xe1,0x67,0x8e,0xff,0xd6,0x2d,0x63,0xff,0xd6,0x2d,
    0x63,0xff,0xd6,0x2d,0x63,0xff,0xd6,0x2d,0x63,0xff,0xd6,0x2d,0x63,0xff,0xd6,0x2d,0x63,0xff,0xd6,0x2d,0x63,0xff,0xd6,0x2d,
    0x63,0xff,0xd6,0x2e,0x62,0xff,0xd6,0x30,0x62,0xff,0xd6,0x30,0x62,0xff,0xd7,0x31,0x62,0xff,0xd7,0x33,0x62,0xff,0xd8,0x34,
    0x62,0xfc,0xd7,0x34,0x62,0xab,0xd6,0x34,0x63,0x2c,0x00,0x00,0x00,0x00,0x00,0x00,0x00,0x00,0x00,0x00,0x00,0x00,0x00,0x00,
    0x00,0x00,0x00,0x00,0x00,0x00,0x00,0x00,0x00,0x00,0x00,0x00,0x00,0x00,0x00,0x00,0x00,0x00,0x00,0x00,0x00,0x00,0x00,0x00,
    0x00,0x00,0x00,0x00,0x00,0x00,0x00,0x00,0x00,0x00,0x00,0x00,0x00,0x00,0x00,0x00,0x00,0x00,0x00,0x00,0x00,0x00,0x00,0x00,
    0x00,0x00,0x00,0x00,0x00,0x00,0x00,0x00,0x00,0x00,0x00,0x00,0x00,0x00,0x00,0x00,0x00,0x00,0x00,0x00,0x00,0x00,0x00,0x00,
    0x00,0x00,0x00,0x00,0x00,0x00,0x00,0x00,0x00,0x00,0x00,0x00,0x00,0x00,0x00,0x00,0x00,0x00,0x00,0x00,0x00,0x00,0x00,0x00,
    0x00,0x00,0x00,0x00,0x00,0x00,0x00,0x00,0x00,0x00,0x00,0x00,0x00,0x00,0x00,0x00,0x00,0x00,0x00,0x00,0x00,0x00,0x00,0x00,
    0x00,0x00,0x00,0x00,0x00,0x00,0x00,0x00,0x00,0x00,0x00,0x00,0x00,0x00,0x00,0x00,0x00,0x00,0x00,0x00,0x00,0x00,0x00,0x00,
    0x00,0x00,0x00,0x00,0x00,0x00,0x00,0x00,0x00,0x00,0x00,0x00,0x00,0x00,0x00,0x00,0x00,0x00,0x00,0x00,0x00,0x00,0x00,0x00,
    0x00,0x00,0x00,0x00,0x00,0x00,0x00,0x00,0x00,0x00,0x00,0x00,0x00,0x00,0x00,0x00,0x00,0x00,0x00,0x00,0x00,0x00,0x00,0x00,
    0x00,0x00,0x00,0x00,0x00,0x00,0x00,0x00,0x00,0x00,0x00,0x00,0x00,0x00,0x00,0x00,0x00,0x00,0x00,0x00,0x00,0x00,0x00,0x00,
    0x00,0x00,0x00,0x00,0x00,0x00,0x00,0x00,0x00,0x00,0x00,0x00,0x00,0x00,0x00,0x00,0x00,0x00,0x00,0x00,0x00,0x00,0x00,0x00,
    0x00,0x00,0x00,0x00,0x00,0x00,0x00,0x00,0x00,0x00,0x00,0x00,0x00,0x00,0x00,0x00,0x00,0x00,0x00,0x00,0x00,0x00,0x00,0x00,
    0x00,0x00,0x00,0x00,0x00,0x00,0xd6,0x2d,0x63,0x71,0xd5,0x2a,0x60,0xdc,0xdf,0x4f,0x7d,0xff,0xee,0xab,0xc0,0xff,0xff,0xff,
    0xff,0xff,0xff,0xff,0xff,0xff,0xff,0xff,0xff,0xff,0xff,0xff,0xff,0xff,0xed,0xa2,0xba,0xff,0xdc,0x4a,0x78,0xff,0xd6,0x2b,
    0x61,0xff,0xd6,0x2d,0x63,0xff,0xd6,0x2d,0x63,0xff,0xd6,0x2d,0x63,0xff,0xd6,0x2d,0x63,0xff,0xd6,0x2d,0x63,0xff,0xd6,0x2e,
    0x63,0xff,0xd6,0x2f,0x62,0xff,0xd6,0x30,0x62,0xff,0xd7,0x31,0x62,0xff,0xd7,0x32,0x62,0xff,0xd7,0x33,0x62,0xff,0xd7,0x34,
    0x62,0xff,0xd7,0x36,0x63,0xf3,0xd8,0x37,0x61,0x5c,0xd4,0x2a,0x55,0x06,0x00,0x00,0x00,0x00,0x00,0x00,0x00,0x00,0x00,0x00,
    0x00,0x00,0x00,0x00,0x00,0x00,0x00,0x00,0x00,0x00,0x00,0x00,0x00,0x00,0x00,0x00,0x00,0x00,0x00,0x00,0x00,0x00,0x00,0x00,
    0x00,0x00,0x00,0x00,0x00,0x00,0x00,0x00,0x00,0x00,0x00,0x00,0x00,0x00,0x00,0x00,0x00,0x00,0x00,0x00,0x00,0x00,0x00,0x00,
    0x00,0x00,0x00,0x00,0x00,0x00,0x00,0x00,0x00,0x00,0x00,0x00,0x00,0x00,0x00,0x00,0x00,0x00,0x00,0x00,0x00,0x00,0x00,0x00,
    0x00,0x00,0x00,0x00,0x00,0x00,0x00,0x00,0x00,0x00,0x00,0x00,0x00,0x00,0x00,0x00,0x00,0x00,0x00,0x00,0x00,0x00,0x00,0x00,
    0x00,0x00,0x00,0x00,0x00,0x00,0x00,0x00,0x00,0x00,0x00,0x00,0x00,0x00,0x00,0x00,0x00,0x00,0x00,0x00,0x00,0x00,0x00,0x00,
    0x00,0x00,0x00,0x00,0x00,0x00,0x00,0x00,0x00,0x00,0x00,0x00,0x00,0x00,0x00,0x00,0x00,0x00,0x00,0x00,0x00,0x00,0x00,0x00,
    0x00,0x00,0x00,0x00,0x00,0x00,0x00,0x00,0x00,0x00,0x00,0x00,0x00,0x00,0x00,0x00,0x00,0x00,0x00,0x00,0x00,0x00,0x00,0x00,
    0x00,0x00,0x00,0x00,0x00,0x00,0x00,0x00,0x00,0x00,0x00,0x00,0x00,0x00,0x00,0x00,0x00,0x00,0x00,0x00,0x00,0x00,0x00,0x00,
    0x00,0x00,0x00,0x00,0x00,0x00,0x00,0x00,0x00,0x00,0x00,0x00,0x00,0x00,0x00,0x00,0x00,0x00,0x00,0x00,0x00,0x00,0x00,0x00,
    0x00,0x00,0x00,0x00,0x00,0x00,0x00,0x00,0x00,0x00,0x00,0x00,0x00,0x00,0x00,0x00,0x00,0x00,0x00,0x00,0x00,0x00,0x00,0x00,
    0x00,0x00,0x00,0x00,0x00,0x00,0x00,0x00,0x00,0x00,0x00,0x00,0x00,0x00,0x00,0x00,0x00,0x00,0x00,0x00,0x00,0x00,0xff,0x00,
    0x00,0x01,0xd6,0x33,0x66,0x19,0xd5,0x2d,0x63,0xb7,0xd8,0x29,0x61,0xff,0xe5,0x79,0x9c,0xff,0xfb,0xec,0xf0,0xff,0xff,0xff,
    0xff,0xff,0xff,0xff,0xff,0xff,0xff,0xff,0xff,0xff,0xff,0xff,0xff,0xff,0xfb,0xeb,0xf0,0xff,0xe6,0x80,0xa0,0xff,0xd6,0x2f,
    0x65,0xff,0xd6,0x2d,0x63,0xff,0xd6,0x2d,0x63,0xff,0xd6,0x2d,0x63,0xff,0xd6,0x2d,0x63,0xff,0xd6,0x2e,0x63,0xff,0xd6,0x2f,
    0x62,0xff,0xd6,0x30,0x62,0xff,0xd6,0x31,0x62,0xff,0xd7,0x32,0x62,0xff,0xd7,0x33,0x62,0xff,0xd7,0x34,0x62,0xff,0xd8,0x35,
    0x62,0xff,0xd8,0x36,0x62,0xff,0xd8,0x36,0x62,0xb9,0xda,0x35,0x63,0x3e,0x00,0x00,0x00,0x00,0x00,0x00,0x00,0x00,0x00,0x00,
    0x00,0x00,0x00,0x00,0x00,0x00,0x00,0x00,0x00,0x00,0x00,0x00,0x00,0x00,0x00,0x00,0x00,0x00,0x00,0x00,0x00,0x00,0x00,0x00,
    0x00,0x00,0x00,0x00,0x00,0x00,0x00,0x00,0x00,0x00,0x00,0x00,0x00,0x00,0x00,0x00,0x00,0x00,0x00,0x00,0x00,0x00,0x00,0x00,
    0x00,0x00,0x00,0x00,0x00,0x00,0x00,0x00,0x00,0x00,0x00,0x00,0x00,0x00,0x00,0x00,0x00,0x00,0x00,0x00,0x00,0x00,0x00,0x00,
    0x00,0x00,0x00,0x00,0x00,0x00,0x00,0x00,0x00,0x00,0x00,0x00,0x00,0x00,0x00,0x00,0x00,0x00,0x00,0x00,0x00,0x00,0x00,0x00,
    0x00,0x00,0x00,0x00,0x00,0x00,0x00,0x00,0x00,0x00,0x00,0x00,0x00,0x00,0x00,0x00,0x00,0x00,0x00,0x00,0x00,0x00,0x00,0x00,
    0x00,0x00,0x00,0x00,0x00,0x00,0x00,0x00,0x00,0x00,0x00,0x00,0x00,0x00,0x00,0x00,0x00,0x00,0x00,0x00,0x00,0x00,0x00,0x00,
    0x00,0x00,0x00,0x00,0x00,0x00,0x00,0x00,0x00,0x00,0x00,0x00,0x00,0x00,0x00,0x00,0x00,0x00,0x00,0x00,0x00,0x00,0x00,0x00,
    0x00,0x00,0x00,0x00,0x00,0x00,0x00,0x00,0x00,0x00,0x00,0x00,0x00,0x00,0x00,0x00,0x00,0x00,0x00,0x00,0x00,0x00,0x00,0x00,
    0x00,0x00,0x00,0x00,0x00,0x00,0x00,0x00,0x00,0x00,0x00,0x00,0x00,0x00,0x00,0x00,0x00,0x00,0x00,0x00,0x00,0x00,0x00,0x00,
    0x00,0x00,0x00,0x00,0x00,0x00,0x00,0x00,0x00,0x00,0x00,0x00,0x00,0x00,0x00,0x00,0x00,0x00,0x00,0x00,0x00,0x00,0x00,0x00,
    0x00,0x00,0x00,0x00,0x00,0x00,0x00,0x00,0x00,0x00,0x00,0x00,0x00,0x00,0x00,0x00,0x00,0x00,0x00,0x00,0x00,0x00,0xbf,0x40,
    0x80,0x04,0xd5,0x2d,0x63,0x8d,0xd6,0x2a,0x61,0xeb,0xe1,0x59,0x84,0xff,0xf2,0xb9,0xcb,0xff,0xff,0xff,0xff,0xff,0xff,0xff,
    0xff,0xff,0xff,0xff,0xff,0xff,0xff,0xff,0xff,0xff,0xff,0xff,0xff,0xff,0xff,0xff,0xff,0xff,0xf1,0xbb,0xcc,0xff,0xde,0x5a,
    0x84,0xff,0xd5,0x2a,0x61,0xff,0xd6,0x2d,0x63,0xff,0xd6,0x2d,0x63,0xff,0xd6,0x2d,0x63,0xff,0xd6,0x2e,0x63,0xff,0xd6,0x30,
    0x62,0xff,0xd6,0x30,0x62,0xff,0xd7,0x31,0x62,0xff,0xd7,0x32,0x62,0xff,0xd7,0x33,0x62,0xff,0xd8,0x35,0x62,0xff,0xd8,0x36,
    0x62,0xff,0xd9,0x37,0x62,0xff,0xd9,0x37,0x62,0xf9,0xd9,0x38,0x62,0x85,0xd1,0x3a,0x68,0x16,0x00,0x00,0x00,0x00,0x00,0x00,
    0x00,0x00,0x00,0x00,0x00,0x00,0x00,0x00,0x00,0x00,0x00,0x00,0x00,0x00,0x00,0x00,0x00,0x00,0x00,0x00,0x00,0x00,0x00,0x00,
    0x00,0x00,0x00,0x00,0x00,0x00,0x00,0x00,0x00,0x00,0x00,0x00,0x00,0x00,0x00,0x00,0x00,0x00,0x00,0x00,0x00,0x00,0x00,0x00,
    0x00,0x00,0x00,0x00,0x00,0x00,0x00,0x00,0x00,0x00,0x00,0x00,0x00,0x00,0x00,0x00,0x00,0x00,0x00,0x00,0x00,0x00,0x00,0x00,
    0x00,0x00,0x00,0x00,0x00,0x00,0x00,0x00,0x00,0x00,0x00,0x00,0x00,0x00,0x00,0x00,0x00,0x00,0x00,0x00,0x00,0x00,0x00,0x00,
    0x00,0x00,0x00,0x00,0x00,0x00,0x00,0x00,0x00,0x00,0x00,0x00,0x00,0x00,0x00,0x00,0x00,0x00,0x00,0x00,0x00,0x00,0x00,0x00,
    0x00,0x00,0x00,0x00,0x00,0x00,0x00,0x00,0x00,0x00,0x00,0x00,0x00,0x00,0x00,0x00,0x00,0x00,0x00,0x00,0x00,0x00,0x00,0x00,
    0x00,0x00,0x00,0x00,0x00,0x00,0x00,0x00,0x00,0x00,0x00,0x00,0x00,0x00,0x00,0x00,0x00,0x00,0x00,0x00,0x00,0x00,0x00,0x00,
    0x00,0x00,0x00,0x00,0x00,0x00,0x00,0x00,0x00,0x00,0x00,0x00,0x00,0x00,0x00,0x00,0x00,0x00,0x00,0x00,0x00,0x00,0x00,0x00,
    0x00,0x00,0x00,0x00,0x00,0x00,0x00,0x00,0x00,0x00,0x00,0x00,0x00,0x00,0x00,0x00,0x00,0x00,0x00,0x00,0x00,0x00,0x00,0x00,
    0x00,0x00,0x00,0x00,0x00,0x00,0x00,0x00,0x00,0x00,0x00,0x00,0x00,0x00,0x00,0x00,0x00,0x00,0x00,0x00,0x00,0x00,0x00,0x00,
    0x00,0x00,0x00,0x00,0x00,0x00,0x00,0x00,0x00,0x00,0x00,0x00,0x00,0x00,0x00,0x00,0x00,0x00,0xff,0x00,0x00,0x01,0xd6,0x2d,
    0x63,0x3e,0xd6,0x2d,0x63,0xd3,0xd7,0x33,0x68,0xff,0xea,0x94,0xaf,0xff,0xfc,0xef,0xf3,0xff,0xff,0xff,0xff,0xff,0xff,0xff,
    0xff,0xff,0xff,0xff,0xff,0xff,0xff,0xff,0xff,0xff,0xff,0xff,0xff,0xff,0xff,0xff,0xff,0xff,0xfb,0xef,0xf3,0xff,0xea,0x93,
    0xaf,0xff,0xd7,0x33,0x67,0xff,0xd6,0x2d,0x63,0xff,0xd6,0x2d,0x63,0xff,0xd6,0x2e,0x63,0xff,0xd6,0x2f,0x62,0xff,0xd6,0x30,
    0x62,0xff,0xd7,0x31,0x62,0xff,0xd7,0x32,0x62,0xff,0xd7,0x33,0x62,0xff,0xd7,0x34,0x62,0xff,0xd8,0x35,0x62,0xff,0xd8,0x36,
    0x62,0xff,0xd9,0x37,0x62,0xff,0xdd,0x39,0x64,0xff,0xd9,0x39,0x62,0xcb,0xd9,0x39,0x62,0x51,0x00,0x00,0x00,0x00,0x00,0x00,
    0x00,0x00,0x00,0x00,0x00,0x00,0x00,0x00,0x00,0x00,0x00,0x00,0x00,0x00,0x00,0x00,0x00,0x00,0x00,0x00,0x00,0x00,0x00,0x00,
    0x00,0x00,0x00,0x00,0x00,0x00,0x00,0x00,0x00,0x00,0x00,0x00,0x00,0x00,0x00,0x00,0x00,0x00,0x00,0x00,0x00,0x00,0x00,0x00,
    0x00,0x00,0x00,0x00,0x00,0x00,0x00,0x00,0x00,0x00,0x00,0x00,0x00,0x00,0x00,0x00,0x00,0x00,0x00,0x00,0x00,0x00,0x00,0x00,
    0x00,0x00,0x00,0x00,0x00,0x00,0x00,0x00,0x00,0x00,0x00,0x00,0x00,0x00,0x00,0x00,0x00,0x00,0x00,0x00,0x00,0x00,0x00,0x00,
    0x00,0x00,0x00,0x00,0x00,0x00,0x00,0x00,0x00,0x00,0x00,0x00,0x00,0x00,0x00,0x00,0x00,0x00,0x00,0x00,0x00,0x00,0x00,0x00,
    0x00,0x00,0x00,0x00,0x00,0x00,0x00,0x00,0x00,0x00,0x00,0x00,0x00,0x00,0x00,0x00,0x00,0x00,0x00,0x00,0x00,0x00,0x00,0x00,
    0x00,0x00,0x00,0x00,0x00,0x00,0x00,0x00,0x00,0x00,0xdf,0x60,0x60,0x08,0xe4,0x50,0x65,0x30,0xe1,0x4e,0x63,0x55,0xdf,0x4c,
    0x61,0x57,0xdf,0x4c,0x61,0x57,0xdf,0x49,0x61,0x57,0xdf,0x49,0x64,0x57,0xdf,0x46,0x64,0x57,0xdf,0x46,0x64,0x57,0xdf,0x43,
    0x64,0x57,0xdc,0x43,0x64,0x57,0xdc,0x43,0x64,0x57,0xdc,0x40,0x64,0x57,0xdc,0x3e,0x64,0x57,0xdc,0x3e,0x64,0x57,0xdc,0x3b,
    0x64,0x57,0xd9,0x3b,0x64,0x57,0xd9,0x3b,0x64,0x57,0xd9,0x38,0x64,0x57,0xd9,0x38,0x64,0x57,0xd9,0x35,0x64,0x57,0xd9,0x35,
    0x64,0x57,0xd6,0x32,0x64,0x57,0xd6,0x32,0x64,0x57,0xd6,0x2f,0x64,0x57,0xd5,0x2c,0x65,0x56,0xd6,0x2e,0x64,0x5e,0xd5,0x2d,
    0x63,0xa5,0xd6,0x2b,0x61,0xf1,0xe3,0x63,0x8c,0xff,0xf4,0xc9,0xd7,0xff,0xff,0xff,0xff,0xff,0xff,0xff,0xff,0xff,0xff,0xff,
    0xff,0xff,0xff,0xff,0xff,0xff,0xff,0xff,0xff,0xff,0xff,0xff,0xff,0xff,0xff,0xff,0xff,0xff,0xff,0xff,0xff,0xff,0xf4,0xc9,
    0xd7,0xff,0xe1,0x63,0x8b,0xff,0xd5,0x2a,0x61,0xff,0xd6,0x2d,0x63,0xff,0xd6,0x2e,0x62,0xff,0xd6,0x30,0x62,0xff,0xd6,0x31,
    0x62,0xff,0xd7,0x32,0x62,0xff,0xd7,0x33,0x62,0xff,0xd7,0x34,0x62,0xff,0xd8,0x35,0x62,0xff,0xd8,0x36,0x62,0xff,0xd8,0x36,
    0x62,0xff,0xd9,0x37,0x62,0xff,0xda,0x38,0x62,0xff,0xda,0x3a,0x62,0xf8,0xd9,0x3a,0x62,0x9a,0xdc,0x3e,0x61,0x1d,0x00,0x00,
    0x00,0x00,0x00,0x00,0x00,0x00,0x00,0x00,0x00,0x00,0x00,0x00,0x00,0x00,0x00,0x00,0x00,0x00,0x00,0x00,0x00,0x00,0x00,0x00,
    0x00,0x00,0x00,0x00,0x00,0x00,0x00,0x00,0x00,0x00,0x00,0x00,0x00,0x00,0x00,0x00,0x00,0x00,0x00,0x00,0x00,0x00,0x00,0x00,
    0x00,0x00,0x00,0x00,0x00,0x00,0x00,0x00,0x00,0x00,0x00,0x00,0x00,0x00,0x00,0x00,0x00,0x00,0x00,0x00,0x00,0x00,0x00,0x00,
    0x00,0x00,0x00,0x00,0x00,0x00,0x00,0x00,0x00,0x00,0x00,0x00,0x00,0x00,0x00,0x00,0x00,0x00,0x00,0x00,0x00,0x00,0x00,0x00,
    0x00,0x00,0x00,0x00,0x00,0x00,0x00,0x00,0x00,0x00,0x00,0x00,0x00,0x00,0x00,0x00,0x00,0x00,0x00,0x00,0x00,0x00,0x00,0x00,
    0x00,0x00,0x00,0x00,0x00,0x00,0x00,0x00,0x00,0x00,0x00,0x00,0x00,0x00,0x00,0x00,0x00,0x00,0x00,0x00,0x00,0x00,0x00,0x00,
    0x00,0x00,0x00,0x00,0x00,0x00,0xea,0x55,0x6a,0x0c,0xe3,0x4f,0x64,0x4a,0xe1,0x4e,0x62,0xa9,0xe0,0x4c,0x60,0xcd,0xe0,0x49,
    0x5e,0xce,0xdf,0x48,0x5e,0xce,0xdf,0x47,0x5e,0xce,0xde,0x44,0x5e,0xce,0xde,0x43,0x5f,0xce,0xde,0x42,0x5f,0xce,0xde,0x40,
    0x5f,0xce,0xdc,0x3f,0x5f,0xce,0xdc,0x3e,0x5f,0xce,0xdb,0x3d,0x5f,0xce,0xdb,0x3b,0x5f,0xce,0xdb,0x39,0x5f,0xce,0xda,0x38,
    0x5f,0xce,0xda,0x36,0x5f,0xce,0xda,0x35,0x5f,0xce,0xd9,0x33,0x5f,0xce,0xd9,0x32,0x5f,0xce,0xd7,0x30,0x5f,0xce,0xd7,0x2f,
    0x61,0xce,0xd7,0x2e,0x61,0xce,0xd6,0x2d,0x61,0xce,0xd6,0x2b,0x61,0xce,0xd6,0x29,0x61,0xce,0xd7,0x29,0x62,0xd1,0xd5,0x2d,
    0x62,0xef,0xd7,0x32,0x67,0xfd,0xee,0xa4,0xbc,0xff,0xfd,0xf3,0xf6,0xff,0xff,0xff,0xff,0xff,0xff,0xff,0xff,0xff,0xff,0xff,
    0xff,0xff,0xff,0xff,0xff,0xff,0xff,0xff,0xff,0xff,0xff,0xff,0xff,0xff,0xff,0xff,0xff,0xff,0xff,0xff,0xff,0xff,0xfd,0xf2,
    0xf5,0xff,0xee,0xa8,0xbe,0xff,0xd9,0x3b,0x6d,0xff,0xd6,0x2e,0x63,0xff,0xd6,0x2f,0x62,0xff,0xd6,0x30,0x62,0xff,0xd7,0x31,
    0x62,0xff,0xd7,0x32,0x62,0xff,0xd7,0x33,0x62,0xff,0xd8,0x34,0x62,0xff,0xd8,0x35,0x62,0xff,0xd8,0x36,0x62,0xff,0xd8,0x37,
    0x62,0xff,0xd9,0x38,0x62,0xff,0xd9,0x39,0x62,0xff,0xde,0x3b,0x64,0xff,0xdb,0x3b,0x62,0xd9,0xdb,0x3a,0x61,0x69,0xff,0x00,
    0x00,0x01,0x00,0x00,0x00,0x00,0x00,0x00,0x00,0x00,0x00,0x00,0x00,0x00,0x00,0x00,0x00,0x00,0x00,0x00,0x00,0x00,0x00,0x00,
    0x00,0x00,0x00,0x00,0x00,0x00,0x00,0x00,0x00,0x00,0x00,0x00,0x00,0x00,0x00,0x00,0x00,0x00,0x00,0x00,0x00,0x00,0x00,0x00,
    0x00,0x00,0x00,0x00,0x00,0x00,0x00,0x00,0x00,0x00,0x00,0x00,0x00,0x00,0x00,0x00,0x00,0x00,0x00,0x00,0x00,0x00,0x00,0x00,
    0x00,0x00,0x00,0x00,0x00,0x00,0x00,0x00,0x00,0x00,0x00,0x00,0x00,0x00,0x00,0x00,0x00,0x00,0x00,0x00,0x00,0x00,0x00,0x00,
    0x00,0x00,0x00,0x00,0x00,0x00,0x00,0x00,0x00,0x00,0x00,0x00,0x00,0x00,0x00,0x00,0x00,0x00,0x00,0x00,0x00,0x00,0x00,0x00,
    0x00,0x00,0x00,0x00,0x00,0x00,0x00,0x00,0x00,0x00,0x00,0x00,0x00,0x00,0x00,0x00,0x00,0x00,0x00,0x00,0x00,0x00,0x00,0x00,
    0x00,0x00,0x00,0x00,0x00,0x00,0xe0,0x51,0x62,0x39,0xe1,0x50,0x61,0xb2,0xe7,0x53,0x67,0xff,0xe5,0x5e,0x71,0xff,0xe8,0x6d,
    0x7e,0xff,0xe7,0x6d,0x80,0xff,0xe7,0x6c,0x80,0xff,0xe7,0x6b,0x80,0xff,0xe7,0x6a,0x7f,0xff,0xe6,0x69,0x7f,0xff,0xe6,0x67,
    0x7f,0xff,0xe5,0x67,0x7f,0xff,0xe5,0x65,0x7f,0xff,0xe5,0x64,0x7f,0xff,0xe4,0x63,0x80,0xff,0xe4,0x61,0x80,0xff,0xe4,0x60,
    0x7f,0xff,0xe3,0x5f,0x7f,0xff,0xe3,0x5e,0x7f,0xff,0xe2,0x5c,0x80,0xff,0xe2,0x5a,0x7f,0xff,0xe1,0x58,0x7e,0xff,0xe1,0x56,
    0x7d,0xff,0xe0,0x53,0x7c,0xff,0xdf,0x4f,0x7a,0xff,0xde,0x4b,0x77,0xff,0xde,0x48,0x75,0xff,0xdd,0x44,0x72,0xff,0xd9,0x36,
    0x69,0xff,0xdf,0x5a,0x85,0xff,0xf6,0xd4,0xdf,0xff,0xff,0xff,0xff,0xff,0xff,0xff,0xff,0xff,0xff,0xff,0xff,0xff,0xff,0xff,
    0xff,0xff,0xff,0xff,0xff,0xff,0xff,0xff,0xff,0xff,0xff,0xff,0xff,0xff,0xff,0xff,0xff,0xff,0xff,0xff,0xff,0xff,0xff,0xff,
    0xff,0xff,0xf8,0xdd,0xe5,0xff,0xe3,0x71,0x95,0xff,0xd6,0x2f,0x63,0xff,0xd6,0x30,0x62,0xff,0xd6,0x31,0x62,0xff,0xd7,0x32,
    0x62,0xff,0xd7,0x33,0x62,0xff,0xd7,0x34,0x62,0xff,0xd8,0x35,0x62,0xff,0xd8,0x35,0x62,0xff,0xd8,0x36,0x62,0xff,0xd9,0x37,
    0x62,0xff,0xd9,0x38,0x62,0xff,0xd9,0x39,0x62,0xff,0xda,0x3a,0x62,0xff,0xda,0x3b,0x62,0xfd,0xda,0x3c,0x62,0xb4,0xdd,0x3e,
    0x60,0x25,0xff,0x00,0x00,0x01,0x00,0x00,0x00,0x00,0x00,0x00,0x00,0x00,0x00,0x00,0x00,0x00,0x00,0x00,0x00,0x00,0x00,0x00,
    0x00,0x00,0x00,0x00,0x00,0x00,0x00,0x00,0x00,0x00,0x00,0x00,0x00,0x00,0x00,0x00,0x00,0x00,0x00,0x00,0x00,0x00,0x00,0x00,
    0x00,0x00,0x00,0x00,0x00,0x00,0x00,0x00,0x00,0x00,0x00,0x00,0x00,0x00,0x00,0x00,0x00,0x00,0x00,0x00,0x00,0x00,0x00,0x00,
    0x00,0x00,0x00,0x00,0x00,0x00,0x00,0x00,0x00,0x00,0x00,0x00,0x00,0x00,0x00,0x00,0x00,0x00,0x00,0x00,0x00,0x00,0x00,0x00,
    0x00,0x00,0x00,0x00,0x00,0x00,0x00,0x00,0x00,0x00,0x00,0x00,0x00,0x00,0x00,0x00,0x00,0x00,0x00,0x00,0x00,0x00,0x00,0x00,
    0x00,0x00,0x00,0x00,0x00,0x00,0x00,0x00,0x00,0x00,0x00,0x00,0x00,0x00,0x00,0x00,0x00,0x00,0x00,0x00,0x00,0x00,0x00,0x00,
    0x00,0x00,0xd8,0x4e,0x62,0x0d,0xe1,0x51,0x62,0x78,0xe1,0x4f,0x61,0xf4,0xe2,0x55,0x68,0xff,0xe8,0x7c,0x8a,0xff,0xf4,0xbf,
    0xc7,0xff,0xf5,0xca,0xd0,0xff,0xf5,0xc9,0xd0,0xff,0xf5,0xc9,0xd0,0xff,0xf5,0xc8,0xd0,0xff,0xf5,0xc8,0xd0,0xff,0xf5,0xc7,
    0xd0,0xff,0xf5,0xc7,0xd0,0xff,0xf5,0xc6,0xd0,0xff,0xf5,0xc6,0xd0,0xff,0xf5,0xc5,0xd0,0xff,0xf4,0xc5,0xd0,0xff,0xf4,0xc4,
    0xcf,0xff,0xf3,0xc3,0xcf,0xff,0xf3,0xc2,0xcf,0xff,0xf3,0xc1,0xce,0xff,0xf2,0xbf,0xcc,0xff,0xf2,0xbc,0xc9,0xff,0xf1,0xb8,
    0xc6,0xff,0xf0,0xb2,0xc0,0xff,0xef,0xa8,0xb8,0xff,0xed,0x9e,0xae,0xff,0xeb,0x94,0xa5,0xff,0xe9,0x87,0x9b,0xff,0xdf,0x5a,
    0x7f,0xff,0xe7,0x83,0xa2,0xff,0xf8,0xde,0xe6,0xff,0xff,0xff,0xff,0xff,0xff,0xff,0xff,0xff,0xff,0xff,0xff,0xff,0xff,0xff,
    0xff,0xff,0xff,0xff,0xff,0xff,0xff,0xff,0xff,0xff,0xff,0xff,0xff,0xff,0xff,0xff,0xff,0xff,0xff,0xff,0xff,0xff,0xff,0xff,
    0xff,0xff,0xfd,0xf6,0xf8,0xff,0xf1,0xb9,0xca,0xff,0xd9,0x40,0x6e,0xff,0xd6,0x32,0x63,0xff,0xd7,0x32,0x62,0xff,0xd7,0x33,
    0x62,0xff,0xd7,0x34,0x62,0xff,0xd8,0x34,0x62,0xff,0xd8,0x35,0x62,0xff,0xd8,0x36,0x62,0xff,0xd9,0x37,0x62,0xff,0xd9,0x38,
    0x62,0xff,0xd9,0x39,0x62,0xff,0xda,0x3a,0x62,0xff,0xda,0x3b,0x62,0xff,0xdd,0x3c,0x63,0xff,0xda,0x3d,0x62,0xe2,0xd9,0x3d,
    0x62,0x7a,0xdf,0x40,0x60,0x08,0x00,0x00,0x00,0x00,0x00,0x00,0x00,0x00,0x00,0x00,0x00,0x00,0x00,0x00,0x00,0x00,0x00,0x00,
    0x00,0x00,0x00,0x00,0x00,0x00,0x00,0x00,0x00,0x00,0x00,0x00,0x00,0x00,0x00,0x00,0x00,0x00,0x00,0x00,0x00,0x00,0x00,0x00,
    0x00,0x00,0x00,0x00,0x00,0x00,0x00,0x00,0x00,0x00,0x00,0x00,0x00,0x00,0x00,0x00,0x00,0x00,0x00,0x00,0x00,0x00,0x00,0x00,
    0x00,0x00,0x00,0x00,0x00,0x00,0x00,0x00,0x00,0x00,0x00,0x00,0x00,0x00,0x00,0x00,0x00,0x00,0x00,0x00,0x00,0x00,0x00,0x00,
    0x00,0x00,0x00,0x00,0x00,0x00,0x00,0x00,0x00,0x00,0x00,0x00,0x00,0x00,0x00,0x00,0x00,0x00,0x00,0x00,0x00,0x00,0x00,0x00,
    0x00,0x00,0x00,0x00,0x00,0x00,0x00,0x00,0x00,0x00,0x00,0x00,0x00,0x00,0x00,0x00,0x00,0x00,0x00,0x00,0x00,0x00,0x00,0x00,
    0x00,0x00,0xe3,0x53,0x60,0x4a,0xe2,0x51,0x62,0xc0,0xe4,0x51,0x63,0xff,0xe1,0x50,0x63,0xff,0xe4,0x65,0x76,0xff,0xf7,0xd3,
    0xd8,0xff,0xfe,0xf9,0xf9,0xff,0xff,0xfe,0xfe,0xff,0xff,0xfd,0xfd,0xff,0xff,0xfd,0xfd,0xff,0xff,0xfd,0xfd,0xff,0xff,0xfd,
    0xfd,0xff,0xff,0xfd,0xfd,0xff,0xff,0xfd,0xfd,0xff,0xff,0xfd,0xfd,0xff,0xff,0xfc,0xfd,0xff,0xfe,0xfc,0xfc,0xff,0xfe,0xfc,
    0xfc,0xff,0xfe,0xfb,0xfb,0xff,0xfe,0xfb,0xfb,0xff,0xfe,0xfa,0xfa,0xff,0xfd,0xf8,0xf9,0xff,0xfd,0xf5,0xf5,0xff,0xfc,0xf1,
    0xf1,0xff,0xfb,0xeb,0xeb,0xff,0xf9,0xdf,0xe0,0xff,0xf7,0xd2,0xd3,0xff,0xf5,0xc5,0xc7,0xff,0xf2,0xb4,0xb8,0xff,0xeb,0x92,
    0xa1,0xff,0xdc,0x4d,0x78,0xff,0xf0,0xb5,0xc8,0xff,0xfe,0xfb,0xfc,0xff,0xff,0xff,0xff,0xff,0xff,0xff,0xff,0xff,0xff,0xff,
    0xff,0xff,0xff,0xff,0xff,0xff,0xff,0xff,0xff,0xff,0xff,0xff,0xff,0xff,0xff,0xff,0xff,0xff,0xff,0xff,0xff,0xff,0xff,0xff,
    0xff,0xff,0xff,0xff,0xff,0xff,0xfb,0xe8,0xee,0xff,0xe7,0x82,0xa0,0xff,0xd9,0x3a,0x69,0xff,0xd7,0x31,0x62,0xff,0xd7,0x33,
    0x62,0xff,0xd8,0x34,0x62,0xff,0xd8,0x35,0x62,0xff,0xd8,0x35,0x62,0xff,0xd8,0x36,0x62,0xff,0xd9,0x38,0x62,0xff,0xd9,0x39,
    0x62,0xff,0xd9,0x3a,0x62,0xff,0xda,0x3b,0x62,0xff,0xda,0x3c,0x62,0xff,0xda,0x3d,0x62,0xff,0xda,0x3d,0x61,0xfe,0xda,0x3e,
    0x62,0xca,0xdd,0x3e,0x60,0x2d,0xbf,0x40,0x40,0x04,0x00,0x00,0x00,0x00,0x00,0x00,0x00,0x00,0x00,0x00,0x00,0x00,0x00,0x00,
    0x00,0x00,0x00,0x00,0x00,0x00,0x00,0x00,0x00,0x00,0x00,0x00,0x00,0x00,0x00,0x00,0x00,0x00,0x00,0x00,0x00,0x00,0x00,0x00,
    0x00,0x00,0x00,0x00,0x00,0x00,0x00,0x00,0x00,0x00,0x00,0x00,0x00,0x00,0x00,0x00,0x00,0x00,0x00,0x00,0x00,0x00,0x00,0x00,
    0x00,0x00,0x00,0x00,0x00,0x00,0x00,0x00,0x00,0x00,0x00,0x00,0x00,0x00,0x00,0x00,0x00,0x00,0x00,0x00,0x00,0x00,0x00,0x00,
    0x00,0x00,0x00,0x00,0x00,0x00,0x00,0x00,0x00,0x00,0x00,0x00,0x00,0x00,0x00,0x00,0x00,0x00,0x00,0x00,0x00,0x00,0x00,0x00,
    0x00,0x00,0x00,0x00,0x00,0x00,0x00,0x00,0x00,0x00,0x00,0x00,0x00,0x00,0x00,0x00,0x00,0x00,0x00,0x00,0x00,0x00,0xdf,0x60,
    0x60,0x10,0xe1,0x52,0x62,0x99,0xe2,0x52,0x62,0xff,0xe1,0x50,0x62,0xff,0xe1,0x4e,0x62,0xff,0xe1,0x54,0x68,0xff,0xeb,0x89,
    0x97,0xff,0xfb,0xe9,0xec,0xff,0xff,0xff,0xff,0xff,0xff,0xff,0xff,0xff,0xff,0xff,0xff,0xff,0xff,0xff,0xff,0xff,0xff,0xff,
    0xff,0xff,0xff,0xff,0xff,0xff,0xff,0xff,0xff,0xff,0xff,0xff,0xff,0xff,0xff,0xff,0xff,0xff,0xfe,0xfe,0xfe,0xff,0xfe,0xfe,
    0xfe,0xff,0xfe,0xfe,0xfe,0xff,0xfe,0xfd,0xfd,0xff,0xfe,0xfd,0xfd,0xff,0xfe,0xfb,0xfb,0xff,0xfd,0xf9,0xf9,0xff,0xfc,0xf5,
    0xf5,0xff,0xfc,0xf1,0xf1,0xff,0xfb,0xe8,0xe8,0xff,0xf9,0xdc,0xdd,0xff,0xf7,0xcd,0xcf,0xff,0xf5,0xc0,0xc2,0xff,0xf2,0xb1,
    0xb5,0xff,0xe4,0x71,0x8c,0xff,0xe7,0x86,0xa3,0xff,0xf7,0xd6,0xe0,0xff,0xff,0xff,0xff,0xff,0xff,0xff,0xff,0xff,0xff,0xff,
    0xff,0xff,0xff,0xff,0xff,0xff,0xff,0xff,0xff,0xff,0xff,0xff,0xff,0xff,0xff,0xff,0xff,0xff,0xff,0xff,0xff,0xff,0xff,0xff,
    0xff,0xff,0xff,0xff,0xff,0xff,0xfe,0xfc,0xfd,0xff,0xf7,0xd9,0xe2,0xff,0xdc,0x4f,0x78,0xff,0xd7,0x34,0x63,0xff,0xd8,0x33,
    0x62,0xff,0xd8,0x34,0x62,0xff,0xd8,0x35,0x62,0xff,0xd8,0x36,0x62,0xff,0xd9,0x37,0x62,0xff,0xd9,0x38,0x62,0xff,0xd9,0x39,
    0x62,0xff,0xda,0x3a,0x62,0xff,0xda,0x3b,0x62,0xff,0xda,0x3c,0x62,0xff,0xda,0x3d,0x62,0xff,0xdc,0x3f,0x62,0xff,0xdb,0x3f,
    0x62,0xef,0xdc,0x40,0x61,0x98,0xdf,0x40,0x60,0x10,0x00,0x00,0x00,0x00,0x00,0x00,0x00,0x00,0x00,0x00,0x00,0x00,0x00,0x00,
    0x00,0x00,0x00,0x00,0x00,0x00,0x00,0x00,0x00,0x00,0x00,0x00,0x00,0x00,0x00,0x00,0x00,0x00,0x00,0x00,0x00,0x00,0x00,0x00,
    0x00,0x00,0x00,0x00,0x00,0x00,0x00,0x00,0x00,0x00,0x00,0x00,0x00,0x00,0x00,0x00,0x00,0x00,0x00,0x00,0x00,0x00,0x00,0x00,
    0x00,0x00,0x00,0x00,0x00,0x00,0x00,0x00,0x00,0x00,0x00,0x00,0x00,0x00,0x00,0x00,0x00,0x00,0x00,0x00,0x00,0x00,0x00,0x00,
    0x00,0x00,0x00,0x00,0x00,0x00,0x00,0x00,0x00,0x00,0x00,0x00,0x00,0x00,0x00,0x00,0x00,0x00,0x00,0x00,0x00,0x00,0x00,0x00,
    0x00,0x00,0x00,0x00,0x00,0x00,0x00,0x00,0x00,0x00,0x00,0x00,0x00,0x00,0x00,0x00,0x00,0x00,0x00,0x00,0x00,0x00,0xe3,0x55,
    0x60,0x5a,0xe2,0x52,0x61,0xd0,0xe6,0x53,0x63,0xff,0xe1,0x50,0x62,0xff,0xe1,0x4f,0x62,0xff,0xe0,0x4f,0x62,0xff,0xe2,0x59,
    0x6d,0xff,0xf4,0xc2,0xc9,0xff,0xfe,0xf7,0xf8,0xff,0xff,0xff,0xff,0xff,0xff,0xff,0xff,0xff,0xff,0xff,0xff,0xff,0xff,0xff,
    0xff,0xff,0xff,0xff,0xff,0xff,0xff,0xff,0xff,0xff,0xff,0xff,0xff,0xff,0xff,0xff,0xff,0xff,0xfe,0xfe,0xfe,0xff,0xfe,0xfe,
    0xfe,0xff,0xfe,0xfe,0xfe,0xff,0xfe,0xfd,0xfd,0xff,0xfe,0xfd,0xfd,0xff,0xfe,0xfd,0xfd,0xff,0xfd,0xfa,0xfa,0xff,0xfd,0xf7,
    0xf7,0xff,0xfc,0xf3,0xf3,0xff,0xfc,0xed,0xed,0xff,0xfa,0xe3,0xe4,0xff,0xf8,0xd5,0xd7,0xff,0xf6,0xc8,0xca,0xff,0xf4,0xbb,
    0xbc,0xff,0xef,0xa3,0xab,0xff,0xe1,0x62,0x85,0xff,0xed,0xa5,0xbc,0xff,0xfe,0xf9,0xfb,0xff,0xff,0xff,0xff,0xff,0xff,0xff,
    0xff,0xff,0xff,0xff,0xff,0xff,0xff,0xff,0xff,0xff,0xff,0xff,0xff,0xff,0xff,0xff,0xff,0xff,0xff,0xff,0xff,0xff,0xff,0xff,
    0xff,0xff,0xff,0xff,0xff,0xff,0xff,0xff,0xff,0xff,0xfd,0xf3,0xf6,0xff,0xe9,0x8f,0xa9,0xff,0xda,0x41,0x6d,0xff,0xd7,0x32,
    0x61,0xff,0xd8,0x35,0x62,0xff,0xd8,0x36,0x62,0xff,0xd8,0x37,0x62,0xff,0xd9,0x38,0x62,0xff,0xd9,0x39,0x62,0xff,0xd9,0x3a,
    0x62,0xff,0xda,0x3b,0x62,0xff,0xda,0x3b,0x62,0xff,0xda,0x3c,0x62,0xff,0xdb,0x3d,0x62,0xff,0xdb,0x3e,0x61,0xff,0xdc,0x3f,
    0x61,0xfe,0xdd,0x40,0x61,0xe0,0xd9,0x41,0x5f,0x43,0xdf,0x40,0x60,0x08,0x00,0x00,0x00,0x00,0x00,0x00,0x00,0x00,0x00,0x00,
    0x00,0x00,0x00,0x00,0x00,0x00,0x00,0x00,0x00,0x00,0x00,0x00,0x00,0x00,0x00,0x00,0x00,0x00,0x00,0x00,0x00,0x00,0x00,0x00,
    0x00,0x00,0x00,0x00,0x00,0x00,0x00,0x00,0x00,0x00,0x00,0x00,0x00,0x00,0x00,0x00,0x00,0x00,0x00,0x00,0x00,0x00,0x00,0x00,
    0x00,0x00,0x00,0x00,0x00,0x00,0x00,0x00,0x00,0x00,0x00,0x00,0x00,0x00,0x00,0x00,0x00,0x00,0x00,0x00,0x00,0x00,0x00,0x00,
    0x00,0x00,0x00,0x00,0x00,0x00,0x00,0x00,0x00,0x00,0x00,0x00,0x00,0x00,0x00,0x00,0x00,0x00,0x00,0x00,0x00,0x00,0x00,0x00,
    0x00,0x00,0x00,0x00,0x00,0x00,0x00,0x00,0x00,0x00,0x00,0x00,0x00,0x00,0xff,0x00,0xff,0x01,0xdf,0x53,0x60,0x28,0xe2,0x55,
    0x62,0xaf,0xe2,0x53,0x62,0xf9,0xe2,0x52,0x62,0xff,0xe1,0x50,0x62,0xff,0xe1,0x4f,0x62,0xff,0xe0,0x4e,0x62,0xff,0xe0,0x4e,
    0x63,0xff,0xe9,0x85,0x94,0xff,0xfa,0xe2,0xe5,0xff,0xff,0xff,0xff,0xff,0xff,0xff,0xff,0xff,0xff,0xff,0xff,0xff,0xff,0xff,
    0xff,0xff,0xff,0xff,0xff,0xff,0xff,0xff,0xff,0xff,0xff,0xff,0xff,0xff,0xff,0xff,0xff,0xff,0xff,0xff,0xff,0xff,0xff,0xfe,
    0xfe,0xff,0xfe,0xfe,0xfe,0xff,0xfe,0xfe,0xfe,0xff,0xfe,0xfe,0xfe,0xff,0xfe,0xfd,0xfd,0xff,0xfe,0xfc,0xfc,0xff,0xfd,0xf9,
    0xf9,0xff,0xfd,0xf5,0xf5,0xff,0xfc,0xf1,0xf1,0xff,0xfb,0xea,0xea,0xff,0xf9,0xde,0xdf,0xff,0xf7,0xd0,0xd1,0xff,0xf5,0xc2,
    0xc4,0xff,0xf3,0xb7,0xb9,0xff,0xe6,0x75,0x8f,0xff,0xe3,0x70,0x92,0xff,0xf2,0xbf,0xcf,0xff,0xff,0xff,0xff,0xff,0xff,0xff,
    0xff,0xff,0xff,0xff,0xff,0xff,0xff,0xff,0xff,0xff,0xff,0xff,0xff,0xff,0xff,0xff,0xff,0xff,0xff,0xff,0xff,0xff,0xff,0xff,
    0xff,0xff,0xff,0xff,0xff,0xff,0xff,0xff,0xff,0xff,0xfe,0xfc,0xfd,0xff,0xf7,0xd8,0xe1,0xff,0xe0,0x5d,0x82,0xff,0xd8,0x35,
    0x63,0xff,0xd8,0x35,0x62,0xff,0xd8,0x36,0x62,0xff,0xd9,0x37,0x62,0xff,0xd9,0x38,0x62,0xff,0xd9,0x3a,0x62,0xff,0xda,0x3b,
    0x62,0xff,0xda,0x3c,0x62,0xff,0xda,0x3c,0x62,0xff,0xdb,0x3d,0x62,0xff,0xdb,0x3e,0x62,0xff,0xdb,0x3f,0x62,0xff,0xdd,0x40,
    0x62,0xff,0xdc,0x41,0x61,0xf7,0xdd,0x43,0x61,0x9d,0xdf,0x40,0x60,0x18,0x00,0x00,0x00,0x00,0x00,0x00,0x00,0x00,0x00,0x00,
    0x00,0x00,0x00,0x00,0x00,0x00,0x00,0x00,0x00,0x00,0x00,0x00,0x00,0x00,0x00,0x00,0x00,0x00,0x00,0x00,0x00,0x00,0x00,0x00,
    0x00,0x00,0x00,0x00,0x00,0x00,0x00,0x00,0x00,0x00,0x00,0x00,0x00,0x00,0x00,0x00,0x00,0x00,0x00,0x00,0x00,0x00,0x00,0x00,
    0x00,0x00,0x00,0x00,0x00,0x00,0x00,0x00,0x00,0x00,0x00,0x00,0x00,0x00,0x00,0x00,0x00,0x00,0x00,0x00,0x00,0x00,0x00,0x00,
    0x00,0x00,0x00,0x00,0x00,0x00,0x00,0x00,0x00,0x00,0x00,0x00,0x00,0x00,0x00,0x00,0x00,0x00,0x00,0x00,0x00,0x00,0x00,0x00,
    0x00,0x00,0x00,0x00,0x00,0x00,0x00,0x00,0x00,0x00,0x00,0x00,0x00,0x00,0xff,0x00,0xff,0x01,0xe2,0x56,0x61,0x83,0xe1,0x53,
    0x61,0xe9,0xe6,0x54,0x63,0xff,0xe1,0x51,0x62,0xff,0xe1,0x50,0x62,0xff,0xe1,0x4f,0x62,0xff,0xe0,0x4e,0x62,0xff,0xe0,0x4d,
    0x62,0xff,0xe1,0x58,0x6d,0xff,0xf1,0xb0,0xba,0xff,0xfd,0xf1,0xf3,0xff,0xff,0xff,0xff,0xff,0xff,0xff,0xff,0xff,0xff,0xff,
    0xff,0xff,0xff,0xff,0xff,0xff,0xff,0xff,0xff,0xff,0xff,0xff,0xff,0xff,0xff,0xff,0xff,0xff,0xff,0xff,0xff,0xff,0xff,0xff,
    0xff,0xff,0xff,0xfe,0xfe,0xff,0xfe,0xfe,0xfe,0xff,0xfe,0xfe,0xfe,0xff,0xfe,0xfd,0xfd,0xff,0xfe,0xfd,0xfd,0xff,0xfd,0xfb,
    0xfb,0xff,0xfd,0xf7,0xf7,0xff,0xfd,0xf4,0xf4,0xff,0xfc,0xee,0xee,0xff,0xfa,0xe5,0xe6,0xff,0xf8,0xd7,0xd9,0xff,0xf6,0xca,
    0xcc,0xff,0xf4,0xbd,0xbe,0xff,0xef,0xa2,0xab,0xf8,0xe1,0x5f,0x82,0xfb,0xe8,0x87,0xa6,0xff,0xfd,0xf2,0xf5,0xff,0xff,0xff,
    0xff,0xff,0xff,0xff,0xff,0xff,0xff,0xff,0xff,0xff,0xff,0xff,0xff,0xff,0xff,0xff,0xff,0xff,0xff,0xff,0xff,0xff,0xff,0xff,
    0xff,0xff,0xff,0xff,0xff,0xff,0xff,0xff,0xff,0xff,0xff,0xff,0xff,0xff,0xfe,0xfa,0xfb,0xff,0xee,0xa9,0xbc,0xff,0xdd,0x4f,
    0x76,0xff,0xd7,0x32,0x5f,0xff,0xd8,0x37,0x62,0xff,0xd9,0x38,0x62,0xff,0xd9,0x39,0x62,0xff,0xda,0x3a,0x62,0xff,0xda,0x3b,
    0x62,0xff,0xda,0x3c,0x62,0xff,0xda,0x3d,0x62,0xff,0xdb,0x3e,0x62,0xff,0xdb,0x3e,0x62,0xff,0xdb,0x3f,0x61,0xff,0xdc,0x41,
    0x61,0xff,0xdc,0x42,0x61,0xfd,0xdb,0x43,0x61,0xe5,0xdd,0x43,0x62,0x5b,0xdb,0x49,0x5b,0x0e,0x00,0x00,0x00,0x00,0x00,0x00,
    0x00,0x00,0x00,0x00,0x00,0x00,0x00,0x00,0x00,0x00,0x00,0x00,0x00,0x00,0x00,0x00,0x00,0x00,0x00,0x00,0x00,0x00,0x00,0x00,
    0x00,0x00,0x00,0x00,0x00,0x00,0x00,0x00,0x00,0x00,0x00,0x00,0x00,0x00,0x00,0x00,0x00,0x00,0x00,0x00,0x00,0x00,0x00,0x00,
    0x00,0x00,0x00,0x00,0x00,0x00,0x00,0x00,0x00,0x00,0x00,0x00,0x00,0x00,0x00,0x00,0x00,0x00,0x00,0x00,0x00,0x00,0x00,0x00,
    0x00,0x00,0x00,0x00,0x00,0x00,0x00,0x00,0x00,0x00,0x00,0x00,0x00,0x00,0x00,0x00,0x00,0x00,0x00,0x00,0x00,0x00,0x00,0x00,
    0x00,0x00,0x00,0x00,0x00,0x00,0x00,0x00,0x00,0x00,0xff,0x80,0x80,0x02,0xdf,0x53,0x60,0x28,0xe2,0x55,0x61,0xcc,0xe2,0x54,
    0x61,0xff,0xe2,0x53,0x62,0xff,0xe1,0x52,0x62,0xff,0xe1,0x50,0x62,0xff,0xe1,0x4f,0x62,0xff,0xe0,0x4e,0x62,0xff,0xe0,0x4d,
    0x62,0xff,0xdf,0x49,0x60,0xff,0xe6,0x70,0x83,0xff,0xf6,0xcb,0xd2,0xff,0xff,0xff,0xff,0xff,0xff,0xff,0xff,0xff,0xff,0xff,
    0xff,0xff,0xff,0xff,0xff,0xff,0xff,0xff,0xff,0xff,0xff,0xff,0xff,0xff,0xff,0xff,0xff,0xff,0xff,0xff,0xff,0xff,0xff,0xff,
    0xff,0xff,0xff,0xfe,0xfe,0xff,0xfe,0xfe,0xfe,0xff,0xfe,0xfe,0xfe,0xff,0xfe,0xfd,0xfd,0xff,0xfe,0xfd,0xfd,0xff,0xfe,0xfc,
    0xfc,0xff,0xfd,0xf9,0xf9,0xff,0xfd,0xf6,0xf6,0xff,0xfc,0xf2,0xf2,0xff,0xfb,0xeb,0xeb,0xff,0xfa,0xdf,0xe1,0xff,0xf8,0xd1,
    0xd3,0xff,0xf5,0xc4,0xc5,0xff,0xf4,0xbc,0xbc,0xf8,0xe8,0x81,0x95,0xfb,0xe4,0x70,0x91,0xff,0xf1,0xb8,0xcb,0xff,0xff,0xff,
    0xff,0xff,0xff,0xff,0xff,0xff,0xff,0xff,0xff,0xff,0xff,0xff,0xff,0xff,0xff,0xff,0xff,0xff,0xff,0xff,0xff,0xff,0xff,0xff,
    0xff,0xff,0xff,0xff,0xff,0xff,0xff,0xff,0xff,0xff,0xff,0xff,0xff,0xff,0xff,0xff,0xff,0xff,0xfb,0xee,0xf1,0xff,0xe5,0x79,
    0x96,0xff,0xd9,0x3a,0x64,0xff,0xd9,0x37,0x61,0xff,0xd9,0x39,0x62,0xff,0xd9,0x3a,0x62,0xff,0xda,0x3a,0x62,0xff,0xda,0x3b,
    0x62,0xff,0xda,0x3c,0x62,0xff,0xdb,0x3d,0x62,0xff,0xdb,0x3e,0x62,0xff,0xdb,0x3f,0x62,0xff,0xdc,0x40,0x61,0xff,0xdc,0x41,
    0x61,0xff,0xdc,0x42,0x61,0xff,0xdc,0x43,0x61,0xff,0xdd,0x44,0x62,0xbc,0xdd,0x45,0x62,0x34,0x00,0x00,0x00,0x00,0x00,0x00,
    0x00,0x00,0x00,0x00,0x00,0x00,0x00,0x00,0x00,0x00,0x00,0x00,0x00,0x00,0x00,0x00,0x00,0x00,0x00,0x00,0x00,0x00,0x00,0x00,
    0x00,0x00,0x00,0x00,0x00,0x00,0x00,0x00,0x00,0x00,0x00,0x00,0x00,0x00,0x00,0x00,0x00,0x00,0x00,0x00,0x00,0x00,0x00,0x00,
    0x00,0x00,0x00,0x00,0x00,0x00,0x00,0x00,0x00,0x00,0x00,0x00,0x00,0x00,0x00,0x00,0x00,0x00,0x00,0x00,0x00,0x00,0x00,0x00,
    0x00,0x00,0x00,0x00,0x00,0x00,0x00,0x00,0x00,0x00,0x00,0x00,0x00,0x00,0x00,0x00,0x00,0x00,0x00,0x00,0x00,0x00,0x00,0x00,
    0x00,0x00,0x00,0x00,0x00,0x00,0x00,0x00,0x00,0x00,0xe4,0x51,0x5e,0x13,0xe3,0x56,0x62,0x80,0xe2,0x55,0x61,0xeb,0xe4,0x55,
    0x62,0xff,0xe2,0x53,0x62,0xff,0xe1,0x52,0x62,0xff,0xe1,0x50,0x62,0xff,0xe1,0x4f,0x62,0xff,0xe0,0x4e,0x62,0xff,0xe0,0x4d,
    0x62,0xff,0xdf,0x4b,0x62,0xff,0xdf,0x49,0x61,0xff,0xee,0x9e,0xab,0xff,0xfd,0xf1,0xf3,0xff,0xff,0xff,0xff,0xff,0xff,0xff,
    0xff,0xff,0xff,0xff,0xff,0xff,0xff,0xff,0xff,0xff,0xff,0xff,0xff,0xff,0xff,0xff,0xff,0xff,0xff,0xff,0xff,0xff,0xff,0xff,
    0xff,0xff,0xff,0xff,0xff,0xff,0xff,0xfe,0xfe,0xff,0xfe,0xfe,0xfe,0xff,0xfe,0xfd,0xfd,0xff,0xfe,0xfd,0xfd,0xff,0xfe,0xfd,
    0xfd,0xff,0xfd,0xfb,0xfb,0xff,0xfd,0xf8,0xf8,0xff,0xfd,0xf4,0xf4,0xff,0xfc,0xef,0xf0,0xff,0xfb,0xe7,0xe8,0xff,0xf8,0xd9,
    0xdb,0xff,0xf7,0xcc,0xce,0xff,0xf5,0xbf,0xc1,0xff,0xf1,0xac,0xb1,0xff,0xe5,0x74,0x8f,0xff,0xe5,0x78,0x9a,0xff,0xfb,0xec,
    0xf1,0xff,0xff,0xff,0xff,0xff,0xff,0xff,0xff,0xff,0xff,0xff,0xff,0xff,0xff,0xff,0xff,0xff,0xff,0xff,0xff,0xff,0xff,0xff,
    0xff,0xff,0xff,0xff,0xff,0xff,0xff,0xff,0xff,0xff,0xff,0xff,0xff,0xff,0xff,0xff,0xff,0xff,0xff,0xff,0xff,0xff,0xf0,0xb2,
    0xc2,0xff,0xdf,0x57,0x7b,0xff,0xd8,0x34,0x5f,0xff,0xd9,0x39,0x62,0xff,0xd9,0x3a,0x62,0xff,0xda,0x3b,0x62,0xff,0xda,0x3c,
    0x62,0xff,0xdb,0x3d,0x62,0xff,0xdb,0x3e,0x62,0xff,0xdb,0x3f,0x62,0xff,0xdb,0x40,0x61,0xff,0xdc,0x41,0x61,0xff,0xdc,0x41,
    0x61,0xff,0xdc,0x42,0x61,0xff,0xdd,0x43,0x61,0xff,0xdd,0x44,0x62,0xfb,0xdc,0x43,0x61,0x6e,0xea,0x40,0x6a,0x0c,0x00,0x00,
    0x00,0x00,0x00,0x00,0x00,0x00,0x00,0x00,0x00,0x00,0x00,0x00,0x00,0x00,0x00,0x00,0x00,0x00,0x00,0x00,0x00,0x00,0x00,0x00,
    0x00,0x00,0x00,0x00,0x00,0x00,0x00,0x00,0x00,0x00,0x00,0x00,0x00,0x00,0x00,0x00,0x00,0x00,0x00,0x00,0x00,0x00,0x00,0x00,
    0x00,0x00,0x00,0x00,0x00,0x00,0x00,0x00,0x00,0x00,0x00,0x00,0x00,0x00,0x00,0x00,0x00,0x00,0x00,0x00,0x00,0x00,0x00,0x00,
    0x00,0x00,0x00,0x00,0x00,0x00,0x00,0x00,0x00,0x00,0x00,0x00,0x00,0x00,0x00,0x00,0x00,0x00,0x00,0x00,0x00,0x00,0x00,0x00,
    0x00,0x00,0x00,0x00,0x00,0x00,0xff,0x60,0x60,0x08,0xe5,0x59,0x60,0x45,0xe4,0x55,0x61,0xd7,0xe3,0x55,0x61,0xfc,0xe2,0x54,
    0x61,0xff,0xe2,0x52,0x61,0xff,0xe1,0x52,0x61,0xff,0xe1,0x50,0x62,0xff,0xe1,0x4f,0x62,0xff,0xe0,0x4e,0x62,0xff,0xe0,0x4d,
    0x62,0xff,0xdf,0x4b,0x62,0xff,0xdf,0x48,0x60,0xff,0xe6,0x6f,0x82,0xff,0xf4,0xc2,0xca,0xff,0xff,0xff,0xff,0xff,0xff,0xff,
    0xff,0xff,0xff,0xff,0xff,0xff,0xff,0xff,0xff,0xff,0xff,0xff,0xff,0xff,0xff,0xff,0xff,0xff,0xff,0xff,0xff,0xff,0xff,0xff,
    0xff,0xff,0xff,0xff,0xff,0xff,0xff,0xfe,0xfe,0xff,0xfe,0xfe,0xfe,0xff,0xfe,0xfe,0xfe,0xff,0xfe,0xfd,0xfd,0xff,0xfe,0xfd,
    0xfd,0xff,0xfe,0xfc,0xfc,0xff,0xfd,0xfa,0xfa,0xff,0xfd,0xf7,0xf7,0xff,0xfc,0xf2,0xf2,0xff,0xfb,0xec,0xed,0xff,0xf9,0xe1,
    0xe3,0xff,0xf8,0xd4,0xd6,0xff,0xf6,0xc6,0xc8,0xff,0xf5,0xbd,0xbe,0xff,0xea,0x8d,0x9d,0xfe,0xe2,0x66,0x88,0xfd,0xed,0xa3,
    0xbb,0xff,0xfe,0xfb,0xfc,0xff,0xff,0xff,0xff,0xff,0xff,0xff,0xff,0xff,0xff,0xff,0xff,0xff,0xff,0xff,0xff,0xff,0xff,0xff,
    0xff,0xff,0xff,0xff,0xff,0xff,0xff,0xff,0xff,0xff,0xff,0xff,0xff,0xff,0xff,0xff,0xff,0xff,0xff,0xff,0xff,0xff,0xfc,0xef,
    0xf2,0xff,0xe9,0x89,0xa2,0xff,0xda,0x3b,0x64,0xff,0xd9,0x39,0x62,0xff,0xda,0x3a,0x62,0xff,0xda,0x3b,0x62,0xff,0xda,0x3c,
    0x61,0xff,0xdb,0x3d,0x61,0xff,0xdb,0x3e,0x61,0xff,0xdb,0x3f,0x61,0xff,0xdc,0x40,0x61,0xff,0xdc,0x41,0x61,0xff,0xdc,0x42,
    0x61,0xff,0xdc,0x43,0x61,0xff,0xdd,0x44,0x61,0xff,0xde,0x45,0x61,0xff,0xdd,0x46,0x61,0xbb,0xdd,0x47,0x62,0x53,0xde,0x4a,
    0x63,0x1f,0xdb,0x49,0x5f,0x23,0xdb,0x49,0x5f,0x23,0xdb,0x49,0x5f,0x23,0xdb,0x49,0x5f,0x23,0xdb,0x49,0x5f,0x23,0xe2,0x49,
    0x5f,0x23,0xe2,0x49,0x5f,0x23,0xe2,0x50,0x5f,0x23,0xe2,0x50,0x5f,0x23,0xe1,0x52,0x62,0x22,0xdd,0x4c,0x5d,0x1e,0xe3,0x55,
    0x55,0x09,0xff,0x00,0x00,0x01,0x00,0x00,0x00,0x00,0x00,0x00,0x00,0x00,0x00,0x00,0x00,0x00,0x00,0x00,0x00,0x00,0x00,0x00,
    0x00,0x00,0x00,0x00,0x00,0x00,0x00,0x00,0x00,0x00,0x00,0x00,0x00,0x00,0x00,0x00,0x00,0x00,0x00,0x00,0x00,0x00,0x00,0x00,
    0x00,0x00,0x00,0x00,0x00,0x00,0xe7,0x58,0x60,0x20,0xe4,0x58,0x61,0xa8,0xe3,0x56,0x61,0xf6,0xe3,0x55,0x61,0xff,0xe2,0x54,
    0x62,0xff,0xe2,0x53,0x62,0xff,0xe1,0x52,0x62,0xff,0xe1,0x50,0x62,0xff,0xe1,0x4f,0x62,0xff,0xe0,0x4e,0x62,0xff,0xe0,0x4d,
    0x62,0xff,0xdf,0x4b,0x62,0xff,0xdf,0x4a,0x62,0xff,0xde,0x45,0x5f,0xff,0xea,0x89,0x9a,0xff,0xfc,0xed,0xef,0xff,0xff,0xff,
    0xff,0xff,0xff,0xff,0xff,0xff,0xff,0xff,0xff,0xff,0xff,0xff,0xff,0xff,0xff,0xff,0xff,0xff,0xff,0xff,0xff,0xff,0xff,0xff,
    0xff,0xff,0xff,0xff,0xff,0xff,0xff,0xff,0xff,0xff,0xff,0xfe,0xfe,0xff,0xfe,0xfe,0xfe,0xff,0xfe,0xfe,0xfe,0xff,0xfe,0xfd,
    0xfd,0xff,0xfe,0xfd,0xfd,0xff,0xfe,0xfc,0xfc,0xff,0xfd,0xf9,0xf9,0xff,0xfd,0xf5,0xf5,0xff,0xfc,0xf0,0xf1,0xff,0xfb,0xe9,
    0xe9,0xff,0xf9,0xdc,0xdd,0xff,0xf7,0xcf,0xd0,0xff,0xf5,0xc2,0xc3,0xff,0xf3,0xb1,0xb5,0xf8,0xe7,0x7d,0x94,0xf5,0xdf,0x5f,
    0x88,0xff,0xfa,0xe6,0xec,0xff,0xff,0xfd,0xfe,0xff,0xff,0xff,0xff,0xff,0xff,0xff,0xff,0xff,0xff,0xff,0xff,0xff,0xff,0xff,
    0xff,0xff,0xff,0xff,0xff,0xff,0xff,0xff,0xff,0xff,0xff,0xff,0xff,0xff,0xff,0xff,0xff,0xff,0xff,0xff,0xff,0xff,0xff,0xff,
    0xff,0xff,0xf4,0xc6,0xd2,0xff,0xe3,0x6b,0x89,0xff,0xda,0x38,0x60,0xff,0xda,0x3b,0x62,0xff,0xda,0x3c,0x62,0xff,0xdb,0x3d,
    0x62,0xff,0xdb,0x3e,0x62,0xff,0xdb,0x3f,0x62,0xff,0xdc,0x40,0x62,0xff,0xdc,0x40,0x61,0xff,0xdc,0x42,0x61,0xff,0xdc,0x43,
    0x61,0xff,0xdd,0x44,0x61,0xff,0xdd,0x45,0x61,0xff,0xdd,0x46,0x61,0xff,0xde,0x46,0x61,0xfe,0xdf,0x48,0x62,0xd9,0xdf,0x49,
    0x61,0xbd,0xdf,0x49,0x61,0xbf,0xdf,0x49,0x61,0xbf,0xdf,0x49,0x61,0xbf,0xdf,0x4b,0x61,0xbf,0xdf,0x4c,0x61,0xbf,0xe0,0x4c,
    0x61,0xbf,0xe0,0x4d,0x61,0xbf,0xe0,0x4d,0x61,0xbf,0xe0,0x4e,0x61,0xc0,0xe0,0x4f,0x62,0xbe,0xdf,0x4f,0x61,0xa8,0xe0,0x50,
    0x5e,0x49,0xd8,0x4e,0x62,0x0d,0x00,0x00,0x00,0x00,0x00,0x00,0x00,0x00,0x00,0x00,0x00,0x00,0x00,0x00,0x00,0x00,0x00,0x00,
    0x00,0x00,0x00,0x00,0x00,0x00,0x00,0x00,0x00,0x00,0x00,0x00,0x00,0x00,0x00,0x00,0x00,0x00,0x00,0x00,0x00,0x00,0x00,0x00,
    0x00,0x00,0xff,0x80,0x80,0x04,0xe6,0x57,0x5f,0x46,0xe3,0x57,0x61,0xf1,0xe2,0x56,0x61,0xff,0xe2,0x55,0x61,0xff,0xe2,0x54,
    0x61,0xff,0xe2,0x52,0x61,0xff,0xe1,0x52,0x61,0xff,0xe1,0x50,0x62,0xff,0xe1,0x4f,0x62,0xff,0xe0,0x4e,0x62,0xff,0xe0,0x4d,
    0x62,0xff,0xdf,0x4b,0x62,0xff,0xdf,0x4a,0x62,0xff,0xde,0x47,0x60,0xff,0xe1,0x5b,0x73,0xff,0xef,0xa6,0xb3,0xff,0xff,0xfd,
    0xfd,0xff,0xfe,0xfb,0xfc,0xff,0xfe,0xfb,0xfc,0xff,0xfe,0xfb,0xfc,0xff,0xfe,0xfb,0xfc,0xff,0xfe,0xfb,0xfc,0xff,0xfe,0xfb,
    0xfc,0xff,0xfe,0xfb,0xfc,0xff,0xfe,0xfb,0xfc,0xff,0xfe,0xfa,0xfb,0xff,0xfd,0xfa,0xfb,0xff,0xfd,0xfa,0xfb,0xff,0xfe,0xfb,
    0xfc,0xff,0xfe,0xfd,0xfd,0xff,0xfe,0xfc,0xfc,0xff,0xfd,0xfa,0xfa,0xff,0xfd,0xf7,0xf7,0xff,0xfc,0xf3,0xf3,0xff,0xfc,0xee,
    0xee,0xff,0xfa,0xe4,0xe4,0xff,0xf8,0xd6,0xd7,0xff,0xf6,0xc8,0xc9,0xff,0xf5,0xbe,0xbf,0xfe,0xed,0x9a,0xa6,0xfe,0xe2,0x6a,
    0x8a,0xff,0xeb,0x99,0xb3,0xff,0xfd,0xf4,0xf7,0xff,0xff,0xff,0xff,0xff,0xff,0xff,0xff,0xff,0xff,0xff,0xff,0xff,0xff,0xff,
    0xff,0xff,0xff,0xff,0xff,0xff,0xff,0xff,0xff,0xff,0xff,0xff,0xff,0xff,0xff,0xff,0xff,0xff,0xff,0xff,0xff,0xff,0xff,0xff,
    0xff,0xff,0xfe,0xf9,0xfa,0xff,0xee,0xa3,0xb6,0xff,0xdb,0x3f,0x65,0xff,0xda,0x3b,0x62,0xff,0xda,0x3d,0x62,0xff,0xdb,0x3e,
    0x61,0xff,0xdb,0x3f,0x61,0xff,0xdb,0x40,0x61,0xff,0xdc,0x40,0x61,0xff,0xdc,0x41,0x61,0xff,0xdc,0x42,0x61,0xff,0xdd,0x43,
    0x61,0xff,0xdd,0x44,0x61,0xff,0xdd,0x45,0x61,0xff,0xde,0x46,0x61,0xff,0xde,0x47,0x61,0xff,0xde,0x48,0x61,0xfc,0xde,0x49,
    0x61,0xf9,0xde,0x49,0x61,0xf9,0xdf,0x4a,0x61,0xf9,0xdf,0x4a,0x61,0xf9,0xdf,0x4b,0x61,0xf9,0xdf,0x4c,0x61,0xf9,0xe0,0x4c,
    0x61,0xf9,0xe0,0x4d,0x61,0xf9,0xe0,0x4e,0x61,0xf9,0xe0,0x4f,0x61,0xf9,0xe0,0x4f,0x61,0xf9,0xe1,0x4f,0x61,0xf6,0xe1,0x50,
    0x61,0xdb,0xe1,0x52,0x62,0x44,0xd4,0x55,0x55,0x06,0x00,0x00,0x00,0x00,0x00,0x00,0x00,0x00,0x00,0x00,0x00,0x00,0x00,0x00,
    0x00,0x00,0x00,0x00,0x00,0x00,0x00,0x00,0x00,0x00,0x00,0x00,0x00,0x00,0x00,0x00,0x00,0x00,0x00,0x00,0x00,0x00,0x00,0x00,
    0x00,0x00,0xe6,0x4d,0x66,0x0a,0xe4,0x5a,0x60,0x55,0xe3,0x57,0x61,0xfa,0xe3,0x56,0x61,0xff,0xe2,0x55,0x61,0xff,0xe2,0x54,
    0x62,0xff,0xe2,0x53,0x62,0xff,0xe1,0x52,0x62,0xff,0xe1,0x50,0x62,0xff,0xe1,0x4f,0x62,0xff,0xe0,0x4e,0x62,0xff,0xe0,0x4d,
    0x62,0xff,0xdf,0x4b,0x62,0xff,0xdf,0x4a,0x62,0xff,0xde,0x49,0x62,0xff,0xde,0x49,0x63,0xff,0xe3,0x62,0x79,0xff,0xeb,0x8f,
    0xa0,0xff,0xeb,0x8d,0x9f,0xff,0xea,0x8d,0x9f,0xff,0xea,0x8b,0x9f,0xff,0xe9,0x8a,0x9f,0xff,0xe9,0x8a,0x9f,0xff,0xe9,0x89,
    0x9f,0xff,0xe8,0x87,0x9f,0xff,0xe8,0x87,0x9f,0xff,0xe8,0x86,0xa0,0xff,0xe7,0x85,0x9f,0xff,0xe7,0x83,0x9e,0xff,0xf2,0xba,
    0xca,0xff,0xfb,0xee,0xf1,0xff,0xfe,0xfe,0xfe,0xff,0xfe,0xfc,0xfc,0xff,0xfd,0xf9,0xf9,0xff,0xfd,0xf6,0xf6,0xff,0xfc,0xf1,
    0xf1,0xff,0xfb,0xea,0xea,0xff,0xf9,0xdd,0xdf,0xff,0xf7,0xd0,0xd2,0xff,0xf5,0xc3,0xc5,0xff,0xf3,0xb3,0xb6,0xff,0xea,0x8a,
    0x9c,0xff,0xde,0x54,0x7f,0xff,0xf6,0xd3,0xdd,0xff,0xfe,0xfb,0xfc,0xff,0xff,0xff,0xff,0xff,0xff,0xff,0xff,0xff,0xff,0xff,
    0xff,0xff,0xff,0xff,0xff,0xff,0xff,0xff,0xff,0xff,0xff,0xff,0xff,0xff,0xff,0xff,0xff,0xff,0xff,0xff,0xff,0xff,0xff,0xff,
    0xff,0xff,0xff,0xff,0xff,0xff,0xf7,0xd3,0xdc,0xff,0xe5,0x77,0x92,0xff,0xda,0x3b,0x61,0xff,0xdb,0x3d,0x62,0xff,0xdb,0x3e,
    0x62,0xff,0xdb,0x3f,0x62,0xff,0xdc,0x40,0x61,0xff,0xdc,0x41,0x61,0xff,0xdc,0x42,0x61,0xff,0xdc,0x43,0x61,0xff,0xdd,0x44,
    0x61,0xff,0xdd,0x45,0x61,0xff,0xde,0x46,0x61,0xff,0xde,0x47,0x61,0xff,0xde,0x47,0x61,0xff,0xde,0x48,0x61,0xff,0xdf,0x49,
    0x61,0xff,0xdf,0x49,0x61,0xff,0xdf,0x4a,0x61,0xff,0xdf,0x4b,0x61,0xff,0xdf,0x4b,0x61,0xff,0xe0,0x4c,0x61,0xff,0xe0,0x4d,
    0x61,0xff,0xe0,0x4e,0x61,0xff,0xe0,0x4e,0x61,0xff,0xe1,0x4e,0x61,0xff,0xe1,0x4f,0x61,0xff,0xe1,0x50,0x61,0xff,0xe2,0x51,
    0x62,0xfb,0xe1,0x51,0x62,0xb4,0xe3,0x53,0x64,0x2e,0x00,0x00,0x00,0x00,0x00,0x00,0x00,0x00,0x00,0x00,0x00,0x00,0x00,0x00,
    0x00,0x00,0x00,0x00,0x00,0x00,0x00,0x00,0x00,0x00,0x00,0x00,0x00,0x00,0x00,0x00,0x00,0x00,0x00,0x00,0x00,0x00,0x00,0x00,
    0x00,0x00,0x00,0x00,0x00,0x00,0xe4,0x57,0x60,0x38,0xe4,0x56,0x61,0xe9,0xe3,0x56,0x60,0xfe,0xe2,0x55,0x61,0xff,0xe2,0x54,
    0x61,0xff,0xe2,0x52,0x61,0xff,0xe1,0x52,0x62,0xff,0xe1,0x50,0x62,0xff,0xe1,0x4f,0x62,0xff,0xe0,0x4e,0x62,0xff,0xe0,0x4d,
    0x62,0xff,0xdf,0x4b,0x62,0xff,0xdf,0x4a,0x62,0xff,0xde,0x49,0x62,0xff,0xde,0x47,0x61,0xff,0xde,0x49,0x64,0xff,0xdf,0x50,
    0x6b,0xff,0xdf,0x4f,0x6b,0xff,0xde,0x4e,0x6b,0xff,0xde,0x4c,0x6b,0xff,0xdd,0x4b,0x6b,0xff,0xdd,0x4a,0x6b,0xff,0xdd,0x48,
    0x6b,0xff,0xdc,0x47,0x6b,0xff,0xdc,0x45,0x6b,0xff,0xdb,0x44,0x6c,0xff,0xdb,0x43,0x6c,0xff,0xdd,0x4b,0x73,0xff,0xf2,0xbe,
    0xcc,0xff,0xfe,0xfb,0xfc,0xff,0xfe,0xfe,0xfd,0xff,0xfe,0xfd,0xfd,0xff,0xfe,0xfb,0xfb,0xff,0xfd,0xf8,0xf8,0xff,0xfc,0xf4,
    0xf4,0xff,0xfc,0xef,0xef,0xff,0xfa,0xe5,0xe6,0xff,0xf8,0xd8,0xda,0xff,0xf6,0xca,0xcc,0xff,0xf5,0xbf,0xc0,0xff,0xef,0xa1,
    0xaa,0xff,0xde,0x54,0x7b,0xff,0xe7,0x85,0xa2,0xff,0xfb,0xeb,0xf0,0xff,0xff,0xff,0xff,0xff,0xff,0xff,0xff,0xff,0xff,0xff,
    0xff,0xff,0xff,0xff,0xff,0xff,0xff,0xff,0xff,0xff,0xff,0xff,0xff,0xff,0xff,0xff,0xff,0xff,0xff,0xff,0xff,0xff,0xff,0xff,
    0xff,0xff,0xff,0xff,0xff,0xff,0xfe,0xf9,0xfb,0xff,0xf2,0xba,0xc7,0xff,0xdd,0x4d,0x6f,0xff,0xdb,0x3e,0x62,0xff,0xdb,0x3f,
    0x61,0xff,0xdb,0x3f,0x61,0xff,0xdc,0x40,0x61,0xff,0xdc,0x41,0x61,0xff,0xdc,0x42,0x61,0xff,0xdd,0x43,0x61,0xff,0xdd,0x44,
    0x61,0xff,0xdd,0x45,0x61,0xff,0xde,0x46,0x61,0xff,0xde,0x47,0x61,0xff,0xde,0x48,0x61,0xff,0xde,0x48,0x61,0xff,0xde,0x49,
    0x61,0xff,0xdf,0x4a,0x61,0xff,0xdf,0x4a,0x61,0xff,0xdf,0x4b,0x61,0xff,0xdf,0x4c,0x61,0xff,0xe0,0x4d,0x61,0xff,0xe0,0x4d,
    0x61,0xff,0xe0,0x4e,0x61,0xff,0xe0,0x4e,0x61,0xff,0xe0,0x4f,0x61,0xff,0xe1,0x50,0x61,0xff,0xe1,0x50,0x61,0xff,0xe1,0x51,
    0x61,0xff,0xe2,0x52,0x61,0xf4,0xe1,0x53,0x60,0x65,0xe8,0x5d,0x5d,0x0b,0x00,0x00,0x00,0x00,0x00,0x00,0x00,0x00,0x00,0x00,
    0x00,0x00,0x00,0x00,0x00,0x00,0x00,0x00,0x00,0x00,0x00,0x00,0x00,0x00,0x00,0x00,0x00,0x00,0x00,0x00,0x00,0x00,0x00,0x00,
    0x00,0x00,0x00,0x00,0x00,0x00,0xe8,0x5d,0x68,0x16,0xe2,0x56,0x61,0x8e,0xe3,0x56,0x61,0xf6,0xe4,0x56,0x62,0xff,0xe2,0x54,
    0x61,0xff,0xe2,0x53,0x62,0xff,0xe1,0x52,0x62,0xff,0xe1,0x50,0x62,0xff,0xe1,0x4f,0x62,0xff,0xe0,0x4e,0x62,0xff,0xe0,0x4d,
    0x62,0xff,0xdf,0x4b,0x62,0xff,0xdf,0x4a,0x62,0xff,0xdf,0x49,0x62,0xff,0xde,0x48,0x62,0xff,0xde,0x46,0x62,0xff,0xdd,0x43,
    0x61,0xff,0xdd,0x42,0x61,0xff,0xdc,0x41,0x61,0xff,0xdc,0x40,0x61,0xff,0xdb,0x3e,0x61,0xff,0xdb,0x3c,0x61,0xff,0xdb,0x3b,
    0x61,0xff,0xda,0x3a,0x61,0xff,0xda,0x38,0x61,0xff,0xd9,0x36,0x61,0xff,0xd9,0x35,0x62,0xff,0xe4,0x73,0x93,0xff,0xf8,0xdc,
    0xe4,0xff,0xff,0xff,0xff,0xff,0xfe,0xfd,0xfd,0xff,0xfe,0xfd,0xfd,0xff,0xfe,0xfc,0xfc,0xff,0xfd,0xfa,0xfa,0xff,0xfd,0xf7,
    0xf7,0xff,0xfc,0xf2,0xf2,0xff,0xfb,0xeb,0xec,0xff,0xf9,0xe0,0xe1,0xff,0xf7,0xd3,0xd4,0xff,0xf4,0xbe,0xc2,0xff,0xea,0x8d,
    0x9f,0xff,0xdb,0x43,0x6f,0xff,0xdb,0x47,0x73,0xff,0xf4,0xc7,0xd5,0xff,0xfe,0xfb,0xfc,0xff,0xff,0xff,0xff,0xff,0xff,0xff,
    0xff,0xff,0xff,0xff,0xff,0xff,0xff,0xff,0xff,0xff,0xff,0xff,0xff,0xff,0xff,0xff,0xff,0xff,0xff,0xff,0xff,0xff,0xff,0xff,
    0xff,0xff,0xff,0xff,0xff,0xff,0xff,0xff,0xff,0xff,0xfa,0xe6,0xea,0xff,0xe9,0x8b,0xa0,0xff,0xdb,0x40,0x62,0xff,0xdb,0x3f,
    0x61,0xff,0xdb,0x40,0x62,0xff,0xdc,0x41,0x61,0xff,0xdc,0x42,0x61,0xff,0xdd,0x43,0x61,0xff,0xdd,0x44,0x61,0xff,0xdd,0x45,
    0x61,0xff,0xde,0x46,0x61,0xff,0xde,0x46,0x61,0xff,0xde,0x47,0x61,0xff,0xde,0x48,0x61,0xff,0xdf,0x49,0x61,0xff,0xdf,0x49,
    0x61,0xff,0xdf,0x4a,0x61,0xff,0xdf,0x4b,0x61,0xff,0xdf,0x4c,0x61,0xff,0xdf,0x4c,0x61,0xff,0xe0,0x4d,0x61,0xff,0xe0,0x4d,
    0x61,0xff,0xe0,0x4e,0x61,0xff,0xe0,0x4f,0x61,0xff,0xe1,0x4f,0x61,0xff,0xe1,0x50,0x61,0xff,0xe1,0x51,0x61,0xff,0xe1,0x51,
    0x61,0xff,0xe4,0x53,0x62,0xff,0xe2,0x53,0x61,0xbf,0xe2,0x54,0x60,0x3d,0x00,0x00,0x00,0x00,0x00,0x00,0x00,0x00,0x00,0x00,
    0x00,0x00,0x00,0x00,0x00,0x00,0x00,0x00,0x00,0x00,0x00,0x00,0x00,0x00,0x00,0x00,0x00,0x00,0x00,0x00,0x00,0x00,0x00,0x00,
    0x00,0x00,0x00,0x00,0x00,0x00,0xbf,0x40,0x80,0x04,0xe4,0x55,0x65,0x30,0xe3,0x57,0x61,0xd7,0xe2,0x55,0x61,0xfd,0xe2,0x54,
    0x62,0xff,0xe2,0x53,0x62,0xff,0xe1,0x52,0x62,0xff,0xe1,0x50,0x62,0xff,0xe1,0x4f,0x62,0xff,0xe0,0x4e,0x62,0xff,0xe0,0x4d,
    0x62,0xff,0xdf,0x4b,0x62,0xff,0xdf,0x4a,0x62,0xff,0xdf,0x49,0x62,0xff,0xde,0x48,0x62,0xff,0xde,0x46,0x62,0xff,0xdd,0x45,
    0x62,0xff,0xdd,0x44,0x62,0xff,0xdd,0x42,0x62,0xff,0xdc,0x41,0x62,0xff,0xdc,0x40,0x62,0xff,0xdb,0x3e,0x62,0xff,0xdb,0x3d,
    0x62,0xff,0xda,0x3b,0x63,0xff,0xda,0x39,0x62,0xff,0xd9,0x3a,0x65,0xff,0xdf,0x55,0x7a,0xff,0xf3,0xbf,0xcd,0xff,0xfc,0xf5,
    0xf7,0xff,0xfe,0xff,0xff,0xff,0xfe,0xfe,0xfe,0xff,0xfe,0xfd,0xfd,0xff,0xfe,0xfd,0xfd,0xff,0xfd,0xfb,0xfb,0xff,0xfd,0xf9,
    0xf9,0xff,0xfd,0xf4,0xf4,0xff,0xfc,0xf0,0xf0,0xff,0xfb,0xe7,0xe7,0xff,0xfa,0xde,0xde,0xff,0xf2,0xb4,0xbe,0xff,0xe0,0x5d,
    0x81,0xff,0xd6,0x30,0x62,0xff,0xd6,0x31,0x63,0xff,0xe6,0x7f,0x9e,0xff,0xf8,0xde,0xe6,0xff,0xff,0xff,0xff,0xff,0xff,0xff,
    0xff,0xff,0xff,0xff,0xff,0xff,0xff,0xff,0xff,0xff,0xff,0xff,0xff,0xff,0xff,0xff,0xff,0xff,0xff,0xff,0xff,0xff,0xff,0xff,
    0xff,0xff,0xff,0xff,0xff,0xff,0xff,0xff,0xff,0xff,0xfe,0xfb,0xfc,0xff,0xf5,0xcb,0xd4,0xff,0xdf,0x53,0x71,0xff,0xdc,0x41,
    0x62,0xff,0xdc,0x41,0x61,0xff,0xdc,0x42,0x61,0xff,0xdd,0x43,0x61,0xff,0xdd,0x43,0x61,0xff,0xdd,0x44,0x61,0xff,0xdd,0x46,
    0x61,0xff,0xde,0x46,0x61,0xff,0xde,0x47,0x61,0xff,0xde,0x48,0x61,0xff,0xdf,0x49,0x61,0xff,0xdf,0x49,0x61,0xff,0xdf,0x4a,
    0x61,0xff,0xdf,0x4a,0x61,0xff,0xdf,0x4b,0x61,0xff,0xe0,0x4c,0x61,0xff,0xe0,0x4c,0x61,0xff,0xe0,0x4d,0x61,0xff,0xe0,0x4e,
    0x61,0xff,0xe0,0x4f,0x61,0xff,0xe1,0x4f,0x61,0xff,0xe1,0x50,0x61,0xff,0xe1,0x50,0x61,0xff,0xe1,0x51,0x61,0xff,0xe2,0x52,
    0x61,0xff,0xe2,0x52,0x61,0xff,0xe3,0x53,0x61,0xfc,0xe1,0x52,0x62,0x88,0xe8,0x51,0x68,0x16,0x00,0x00,0x00,0x00,0x00,0x00,
    0x00,0x00,0x00,0x00,0x00,0x00,0x00,0x00,0x00,0x00,0x00,0x00,0x00,0x00,0x00,0x00,0x00,0x00,0x00,0x00,0x00,0x00,0x00,0x00,
    0x00,0x00,0x00,0x00,0x00,0x00,0x00,0x00,0x00,0x00,0xe8,0x5d,0x5d,0x0b,0xe2,0x57,0x61,0x84,0xe2,0x55,0x61,0xed,0xe5,0x55,
    0x62,0xff,0xe2,0x52,0x61,0xff,0xe1,0x52,0x62,0xff,0xe1,0x50,0x62,0xff,0xe1,0x4f,0x62,0xff,0xe0,0x4e,0x62,0xff,0xe0,0x4d,
    0x62,0xff,0xdf,0x4b,0x62,0xff,0xdf,0x4a,0x62,0xff,0xde,0x49,0x62,0xff,0xde,0x48,0x62,0xff,0xde,0x46,0x62,0xff,0xdd,0x45,
    0x62,0xff,0xdd,0x44,0x62,0xff,0xdc,0x42,0x62,0xff,0xdc,0x41,0x62,0xff,0xdb,0x40,0x62,0xff,0xdb,0x3e,0x62,0xff,0xdb,0x3d,
    0x62,0xff,0xda,0x3b,0x62,0xff,0xda,0x38,0x61,0xff,0xda,0x40,0x69,0xff,0xec,0x9a,0xb0,0xff,0xfc,0xf1,0xf4,0xff,0xff,0xff,
    0xff,0xff,0xfe,0xfe,0xfe,0xff,0xfe,0xfe,0xfe,0xff,0xfe,0xfd,0xfd,0xff,0xfe,0xfd,0xfd,0xff,0xfe,0xfc,0xfc,0xff,0xfd,0xfa,
    0xfa,0xff,0xfd,0xf7,0xf7,0xff,0xfc,0xf3,0xf3,0xff,0xfc,0xee,0xee,0xff,0xf9,0xdd,0xdf,0xff,0xeb,0x99,0xad,0xff,0xd8,0x37,
    0x68,0xff,0xd6,0x31,0x62,0xff,0xd6,0x32,0x62,0xff,0xd9,0x3b,0x6a,0xff,0xee,0xa9,0xbd,0xff,0xfd,0xf3,0xf6,0xff,0xff,0xff,
    0xff,0xff,0xff,0xff,0xff,0xff,0xff,0xff,0xff,0xff,0xff,0xff,0xff,0xff,0xff,0xff,0xff,0xff,0xff,0xff,0xff,0xff,0xff,0xff,
    0xff,0xff,0xff,0xff,0xff,0xff,0xff,0xff,0xff,0xff,0xff,0xff,0xff,0xff,0xfc,0xed,0xf0,0xff,0xea,0x90,0xa3,0xff,0xde,0x4a,
    0x69,0xff,0xdc,0x41,0x61,0xff,0xdc,0x42,0x61,0xff,0xdd,0x43,0x61,0xff,0xdd,0x44,0x61,0xff,0xdd,0x45,0x61,0xff,0xdd,0x46,
    0x61,0xff,0xde,0x47,0x61,0xff,0xde,0x47,0x61,0xff,0xde,0x48,0x61,0xff,0xdf,0x49,0x61,0xff,0xdf,0x4a,0x61,0xff,0xdf,0x4a,
    0x61,0xff,0xdf,0x4b,0x61,0xff,0xdf,0x4b,0x61,0xff,0xe0,0x4c,0x61,0xff,0xe0,0x4d,0x61,0xff,0xe0,0x4d,0x61,0xff,0xe0,0x4e,
    0x61,0xff,0xe0,0x4f,0x61,0xff,0xe1,0x4f,0x61,0xff,0xe1,0x50,0x61,0xff,0xe1,0x50,0x61,0xff,0xe1,0x51,0x61,0xff,0xe2,0x52,
    0x61,0xff,0xe2,0x53,0x61,0xff,0xe5,0x54,0x62,0xff,0xe2,0x54,0x61,0xd2,0xe3,0x54,0x62,0x5b,0x00,0x00,0x00,0x00,0x00,0x00,
    0x00,0x00,0x00,0x00,0x00,0x00,0x00,0x00,0x00,0x00,0x00,0x00,0x00,0x00,0x00,0x00,0x00,0x00,0x00,0x00,0x00,0x00,0x00,0x00,
    0x00,0x00,0x00,0x00,0x00,0x00,0x00,0x00,0x00,0x00,0xff,0x80,0x80,0x02,0xe4,0x5b,0x5b,0x1c,0xe2,0x56,0x62,0xc4,0xe2,0x54,
    0x61,0xfe,0xe3,0x53,0x62,0xff,0xe1,0x52,0x62,0xff,0xe1,0x50,0x62,0xff,0xe1,0x4f,0x62,0xff,0xe0,0x4e,0x62,0xff,0xe0,0x4d,
    0x62,0xff,0xdf,0x4b,0x62,0xff,0xdf,0x4a,0x62,0xff,0xde,0x49,0x62,0xff,0xde,0x48,0x62,0xff,0xde,0x46,0x62,0xff,0xde,0x45,
    0x62,0xff,0xdd,0x44,0x62,0xff,0xdd,0x42,0x62,0xff,0xdc,0x41,0x62,0xff,0xdc,0x40,0x62,0xff,0xdb,0x3e,0x62,0xff,0xdb,0x3d,
    0x62,0xff,0xda,0x3b,0x62,0xff,0xda,0x3b,0x64,0xff,0xdf,0x58,0x7c,0xff,0xf8,0xde,0xe4,0xff,0xff,0xfd,0xfd,0xff,0xff,0xff,
    0xff,0xff,0xff,0xfe,0xfe,0xff,0xff,0xfe,0xfe,0xff,0xfe,0xfe,0xfe,0xff,0xfe,0xfd,0xfd,0xff,0xfe,0xfd,0xfd,0xff,0xfe,0xfb,
    0xfb,0xff,0xfd,0xf9,0xf9,0xff,0xfc,0xf5,0xf5,0xff,0xfc,0xf2,0xf1,0xff,0xf3,0xc0,0xcc,0xff,0xe1,0x67,0x8b,0xff,0xd6,0x2e,
    0x61,0xff,0xd6,0x31,0x62,0xff,0xd7,0x32,0x62,0xff,0xd7,0x32,0x61,0xff,0xe2,0x6a,0x8c,0xff,0xf5,0xcd,0xd8,0xff,0xff,0xff,
    0xff,0xff,0xff,0xff,0xff,0xff,0xff,0xff,0xff,0xff,0xff,0xff,0xff,0xff,0xff,0xff,0xff,0xff,0xff,0xff,0xff,0xff,0xff,0xff,
    0xff,0xff,0xff,0xff,0xff,0xff,0xff,0xff,0xff,0xff,0xff,0xff,0xff,0xff,0xff,0xfd,0xfd,0xff,0xf9,0xe0,0xe5,0xff,0xe3,0x68,
    0x82,0xff,0xdd,0x45,0x64,0xff,0xdd,0x42,0x60,0xff,0xdd,0x44,0x61,0xff,0xdd,0x45,0x61,0xff,0xdd,0x45,0x61,0xff,0xde,0x46,
    0x61,0xff,0xde,0x47,0x61,0xff,0xde,0x48,0x61,0xff,0xde,0x49,0x61,0xff,0xdf,0x49,0x61,0xff,0xdf,0x4a,0x61,0xff,0xdf,0x4a,
    0x61,0xff,0xdf,0x4b,0x61,0xff,0xdf,0x4c,0x61,0xff,0xe0,0x4c,0x61,0xff,0xe0,0x4d,0x61,0xff,0xe0,0x4e,0x61,0xff,0xe0,0x4f,
    0x61,0xff,0xe0,0x4f,0x61,0xff,0xe1,0x50,0x61,0xff,0xe1,0x50,0x61,0xff,0xe1,0x51,0x61,0xff,0xe1,0x52,0x61,0xff,0xe2,0x52,
    0x61,0xff,0xe2,0x53,0x61,0xff,0xe2,0x54,0x61,0xff,0xe3,0x54,0x61,0xff,0xe2,0x53,0x60,0x9c,0xe6,0x59,0x66,0x14,0x00,0x00,
    0x00,0x00,0x00,0x00,0x00,0x00,0x00,0x00,0x00,0x00,0x00,0x00,0x00,0x00,0x00,0x00,0x00,0x00,0x00,0x00,0x00,0x00,0x00,0x00,
    0x00,0x00,0x00,0x00,0x00,0x00,0x00,0x00,0x00,0x00,0x00,0x00,0x00,0x00,0xff,0x80,0x80,0x04,0xe5,0x55,0x63,0x6c,0xe3,0x53,
    0x61,0xdc,0xe5,0x53,0x62,0xff,0xe1,0x52,0x61,0xff,0xe1,0x50,0x62,0xff,0xe1,0x4f,0x62,0xff,0xe0,0x4e,0x62,0xff,0xe0,0x4d,
    0x62,0xff,0xdf,0x4b,0x62,0xff,0xdf,0x4a,0x62,0xff,0xde,0x49,0x62,0xff,0xde,0x48,0x62,0xff,0xde,0x46,0x62,0xff,0xdd,0x45,
    0x62,0xff,0xdd,0x44,0x62,0xff,0xdc,0x42,0x62,0xff,0xdc,0x41,0x62,0xff,0xdb,0x40,0x62,0xff,0xdb,0x3e,0x62,0xff,0xdb,0x3c,
    0x62,0xff,0xda,0x3a,0x61,0xff,0xde,0x4e,0x72,0xff,0xee,0xa5,0xb9,0xff,0xfd,0xf6,0xf8,0xff,0xff,0xff,0xff,0xff,0xff,0xff,
    0xff,0xff,0xff,0xfe,0xfe,0xff,0xff,0xfe,0xfe,0xff,0xfe,0xfe,0xfe,0xff,0xfe,0xfd,0xfd,0xff,0xfe,0xfd,0xfd,0xff,0xfe,0xfc,
    0xfc,0xff,0xfd,0xfb,0xfb,0xff,0xfd,0xf8,0xf8,0xff,0xfa,0xe6,0xea,0xff,0xea,0x94,0xad,0xff,0xd9,0x3b,0x6b,0xff,0xd6,0x30,
    0x62,0xff,0xd7,0x31,0x62,0xff,0xd7,0x32,0x62,0xff,0xd7,0x33,0x62,0xff,0xd8,0x39,0x66,0xff,0xec,0xa0,0xb5,0xff,0xfd,0xf8,
    0xfa,0xff,0xff,0xff,0xff,0xff,0xff,0xff,0xff,0xff,0xff,0xff,0xff,0xff,0xff,0xff,0xff,0xff,0xff,0xff,0xff,0xff,0xff,0xff,
    0xff,0xff,0xff,0xff,0xff,0xff,0xff,0xff,0xff,0xff,0xff,0xff,0xff,0xff,0xff,0xff,0xff,0xff,0xfd,0xf6,0xf8,0xff,0xef,0xab,
    0xb9,0xff,0xdf,0x54,0x70,0xff,0xdc,0x41,0x60,0xff,0xdd,0x44,0x61,0xff,0xdd,0x45,0x61,0xff,0xdd,0x46,0x61,0xff,0xde,0x47,
    0x61,0xff,0xde,0x48,0x61,0xff,0xde,0x48,0x61,0xff,0xde,0x49,0x61,0xff,0xdf,0x4a,0x61,0xff,0xdf,0x4a,0x61,0xff,0xdf,0x4a,
    0x61,0xff,0xdf,0x4b,0x61,0xff,0xdf,0x4c,0x61,0xff,0xe0,0x4d,0x61,0xff,0xe0,0x4d,0x61,0xff,0xe0,0x4e,0x61,0xff,0xe0,0x4f,
    0x61,0xff,0xe0,0x50,0x61,0xff,0xe1,0x50,0x61,0xff,0xe1,0x50,0x61,0xff,0xe1,0x51,0x61,0xff,0xe1,0x52,0x61,0xff,0xe2,0x53,
    0x61,0xff,0xe2,0x53,0x61,0xff,0xe2,0x54,0x61,0xff,0xe5,0x56,0x62,0xff,0xe2,0x55,0x61,0xd6,0xe4,0x57,0x63,0x67,0xff,0x55,
    0x55,0x03,0x00,0x00,0x00,0x00,0x00,0x00,0x00,0x00,0x00,0x00,0x00,0x00,0x00,0x00,0x00,0x00,0x00,0x00,0x00,0x00,0x00,0x00,
    0x00,0x00,0x00,0x00,0x00,0x00,0x00,0x00,0x00,0x00,0x00,0x00,0x00,0x00,0xff,0x00,0x00,0x01,0xd9,0x4d,0x59,0x14,0xe3,0x54,
    0x63,0xad,0xe2,0x53,0x61,0xfe,0xe2,0x52,0x62,0xff,0xe1,0x50,0x62,0xff,0xe1,0x4f,0x62,0xff,0xe0,0x4e,0x62,0xff,0xe0,0x4d,
    0x62,0xff,0xdf,0x4b,0x62,0xff,0xdf,0x4a,0x62,0xff,0xdf,0x49,0x62,0xff,0xde,0x48,0x62,0xff,0xde,0x46,0x62,0xff,0xde,0x45,
    0x62,0xff,0xdd,0x44,0x62,0xff,0xdd,0x42,0x62,0xff,0xdc,0x41,0x62,0xff,0xdc,0x40,0x62,0xff,0xdb,0x3e,0x62,0xff,0xdb,0x3c,
    0x62,0xff,0xdc,0x40,0x66,0xff,0xe4,0x6d,0x8b,0xff,0xf9,0xdf,0xe5,0xff,0xfe,0xfc,0xfd,0xff,0xff,0xff,0xff,0xff,0xff,0xff,
    0xff,0xff,0xff,0xff,0xff,0xff,0xff,0xff,0xff,0xff,0xff,0xfe,0xfe,0xff,0xfe,0xfe,0xfe,0xff,0xfe,0xfd,0xfd,0xff,0xfe,0xfd,
    0xfd,0xff,0xfe,0xfc,0xfc,0xff,0xfe,0xfd,0xfc,0xff,0xf0,0xb6,0xc7,0xff,0xde,0x5a,0x81,0xff,0xd6,0x2f,0x61,0xff,0xd6,0x31,
    0x62,0xff,0xd7,0x32,0x62,0xff,0xd7,0x33,0x62,0xff,0xd8,0x34,0x62,0xff,0xd8,0x33,0x61,0xff,0xe0,0x61,0x84,0xff,0xf2,0xbf,
    0xcd,0xff,0xff,0xff,0xff,0xff,0xff,0xff,0xff,0xff,0xff,0xff,0xff,0xff,0xff,0xff,0xff,0xff,0xff,0xff,0xff,0xff,0xff,0xff,
    0xff,0xff,0xff,0xff,0xff,0xff,0xff,0xff,0xff,0xff,0xff,0xff,0xff,0xff,0xff,0xff,0xff,0xff,0xff,0xfd,0xfe,0xff,0xfb,0xe9,
    0xed,0xff,0xe4,0x6d,0x85,0xff,0xdd,0x45,0x62,0xff,0xdd,0x44,0x61,0xff,0xdd,0x45,0x61,0xff,0xde,0x46,0x61,0xff,0xde,0x47,
    0x61,0xff,0xde,0x48,0x61,0xff,0xdf,0x49,0x61,0xff,0xdf,0x4a,0x61,0xff,0xdf,0x4a,0x61,0xff,0xdf,0x4a,0x61,0xff,0xdf,0x4b,
    0x61,0xff,0xe0,0x4c,0x61,0xff,0xe0,0x4d,0x61,0xff,0xe0,0x4d,0x61,0xff,0xe0,0x4e,0x61,0xff,0xe1,0x4f,0x61,0xff,0xe1,0x50,
    0x61,0xff,0xe1,0x50,0x61,0xff,0xe1,0x50,0x61,0xff,0xe1,0x51,0x61,0xff,0xe2,0x52,0x61,0xff,0xe2,0x52,0x61,0xff,0xe2,0x53,
    0x61,0xff,0xe2,0x54,0x61,0xff,0xe3,0x55,0x61,0xff,0xe3,0x55,0x61,0xff,0xe4,0x56,0x62,0xff,0xe3,0x55,0x60,0xbf,0xe4,0x5a,
    0x60,0x30,0xff,0x80,0x80,0x02,0x00,0x00,0x00,0x00,0x00,0x00,0x00,0x00,0x00,0x00,0x00,0x00,0x00,0x00,0x00,0x00,0x00,0x00,
    0x00,0x00,0x00,0x00,0x00,0x00,0x00,0x00,0x00,0x00,0x00,0x00,0x00,0x00,0x00,0x00,0x00,0x00,0x00,0x00,0x00,0x00,0xe3,0x56,
    0x61,0x5c,0xe3,0x53,0x62,0xd0,0xe6,0x53,0x63,0xff,0xe1,0x50,0x62,0xff,0xe1,0x4f,0x62,0xff,0xe0,0x4e,0x62,0xff,0xe0,0x4d,
    0x62,0xff,0xdf,0x4b,0x62,0xff,0xdf,0x4a,0x62,0xff,0xdf,0x49,0x62,0xff,0xde,0x48,0x62,0xff,0xde,0x46,0x62,0xff,0xdd,0x45,
    0x62,0xff,0xdd,0x44,0x62,0xff,0xdc,0x42,0x62,0xff,0xdc,0x41,0x62,0xff,0xdb,0x40,0x62,0xff,0xdb,0x3e,0x62,0xff,0xda,0x39,
    0x5f,0xff,0xe0,0x59,0x7a,0xff,0xf1,0xb4,0xc3,0xff,0xfe,0xf9,0xfa,0xff,0xff,0xff,0xff,0xff,0xff,0xff,0xff,0xff,0xff,0xff,
    0xff,0xff,0xff,0xff,0xff,0xff,0xff,0xff,0xff,0xff,0xff,0xfe,0xfe,0xff,0xfe,0xfe,0xfe,0xff,0xfe,0xfe,0xfe,0xff,0xfe,0xfd,
    0xfd,0xff,0xfe,0xfd,0xfd,0xff,0xfc,0xf3,0xf5,0xff,0xe7,0x86,0xa3,0xff,0xd6,0x30,0x63,0xff,0xd6,0x30,0x62,0xff,0xd7,0x31,
    0x62,0xff,0xd7,0x32,0x62,0xff,0xd7,0x33,0x62,0xff,0xd8,0x34,0x62,0xff,0xd8,0x35,0x62,0xff,0xd8,0x38,0x63,0xff,0xe7,0x83,
    0x9d,0xff,0xfa,0xe8,0xec,0xff,0xff,0xff,0xff,0xff,0xff,0xff,0xff,0xff,0xff,0xff,0xff,0xff,0xff,0xff,0xff,0xff,0xff,0xff,
    0xff,0xff,0xff,0xff,0xff,0xff,0xff,0xff,0xff,0xff,0xff,0xff,0xff,0xff,0xff,0xff,0xff,0xff,0xff,0xff,0xff,0xff,0xfe,0xfb,
    0xfc,0xff,0xf2,0xb6,0xc2,0xff,0xe2,0x60,0x78,0xff,0xdd,0x42,0x5e,0xff,0xde,0x46,0x61,0xff,0xde,0x47,0x61,0xff,0xde,0x48,
    0x61,0xff,0xde,0x48,0x61,0xff,0xdf,0x49,0x61,0xff,0xdf,0x4a,0x61,0xff,0xdf,0x4b,0x61,0xff,0xdf,0x4b,0x61,0xff,0xdf,0x4b,
    0x61,0xff,0xe0,0x4c,0x61,0xff,0xe0,0x4d,0x61,0xff,0xe0,0x4e,0x61,0xff,0xe0,0x4e,0x61,0xff,0xe1,0x4f,0x61,0xff,0xe1,0x50,
    0x61,0xff,0xe1,0x50,0x61,0xff,0xe1,0x51,0x61,0xff,0xe1,0x51,0x61,0xff,0xe2,0x52,0x61,0xff,0xe2,0x53,0x61,0xff,0xe2,0x54,
    0x61,0xff,0xe2,0x54,0x61,0xff,0xe3,0x55,0x61,0xff,0xe3,0x55,0x61,0xff,0xe6,0x57,0x62,0xff,0xe3,0x56,0x61,0xe9,0xe3,0x57,
    0x62,0x87,0xbf,0x40,0x40,0x04,0x00,0x00,0x00,0x00,0x00,0x00,0x00,0x00,0x00,0x00,0x00,0x00,0x00,0x00,0x00,0x00,0x00,0x00,
    0x00,0x00,0x00,0x00,0x00,0x00,0x00,0x00,0x00,0x00,0x00,0x00,0x00,0x00,0x00,0x00,0x00,0x00,0x00,0x00,0x00,0x00,0xdf,0x50,
    0x60,0x10,0xe1,0x53,0x60,0x87,0xe2,0x52,0x62,0xee,0xe2,0x51,0x62,0xff,0xe1,0x4f,0x62,0xff,0xe0,0x4e,0x62,0xff,0xe0,0x4d,
    0x62,0xff,0xdf,0x4b,0x62,0xff,0xdf,0x4a,0x62,0xff,0xde,0x49,0x62,0xff,0xde,0x48,0x62,0xff,0xde,0x46,0x62,0xff,0xde,0x45,
    0x62,0xff,0xdd,0x44,0x62,0xff,0xdd,0x42,0x62,0xff,0xdc,0x41,0x62,0xff,0xdc,0x40,0x62,0xff,0xdb,0x3d,0x62,0xff,0xdb,0x3d,
    0x62,0xff,0xe6,0x79,0x94,0xff,0xfc,0xf0,0xf3,0xff,0xff,0xff,0xff,0xff,0xff,0xff,0xff,0xff,0xff,0xff,0xff,0xff,0xff,0xff,
    0xff,0xff,0xff,0xff,0xff,0xff,0xff,0xff,0xff,0xff,0xff,0xfe,0xfe,0xff,0xff,0xfe,0xfe,0xff,0xfe,0xfe,0xfe,0xff,0xfe,0xfe,
    0xfe,0xff,0xff,0xff,0xff,0xff,0xee,0xad,0xc2,0xf6,0xdb,0x4e,0x79,0xfa,0xd6,0x2c,0x5f,0xff,0xd7,0x31,0x62,0xff,0xd7,0x32,
    0x62,0xff,0xd7,0x33,0x62,0xff,0xd8,0x34,0x62,0xff,0xd8,0x35,0x62,0xff,0xd8,0x36,0x62,0xff,0xd8,0x33,0x5f,0xff,0xde,0x55,
    0x79,0xff,0xef,0xaf,0xc0,0xff,0xff,0xff,0xff,0xff,0xff,0xff,0xff,0xff,0xff,0xff,0xff,0xff,0xff,0xff,0xff,0xff,0xff,0xff,
    0xff,0xff,0xff,0xff,0xff,0xff,0xff,0xff,0xff,0xff,0xff,0xff,0xff,0xff,0xff,0xff,0xff,0xff,0xff,0xff,0xff,0xff,0xff,0xff,
    0xff,0xff,0xfc,0xf1,0xf3,0xff,0xea,0x8d,0x9e,0xff,0xdf,0x4f,0x68,0xff,0xde,0x46,0x60,0xff,0xde,0x47,0x61,0xff,0xde,0x48,
    0x61,0xff,0xdf,0x49,0x61,0xff,0xdf,0x4a,0x61,0xff,0xdf,0x4a,0x61,0xff,0xdf,0x4b,0x61,0xff,0xdf,0x4b,0x61,0xff,0xe0,0x4c,
    0x61,0xff,0xe0,0x4d,0x61,0xff,0xe0,0x4d,0x61,0xff,0xe0,0x4e,0x61,0xff,0xe1,0x4f,0x61,0xff,0xe1,0x50,0x61,0xff,0xe1,0x50,
    0x61,0xff,0xe1,0x50,0x61,0xff,0xe1,0x51,0x61,0xff,0xe2,0x52,0x61,0xff,0xe2,0x53,0x61,0xff,0xe2,0x53,0x61,0xff,0xe2,0x54,
    0x61,0xff,0xe2,0x55,0x61,0xff,0xe3,0x55,0x61,0xff,0xe3,0x56,0x61,0xff,0xe3,0x56,0x61,0xff,0xe3,0x56,0x61,0xfe,0xe2,0x56,
    0x61,0xcc,0xe4,0x55,0x62,0x39,0x00,0x00,0x00,0x00,0x00,0x00,0x00,0x00,0x00,0x00,0x00,0x00,0x00,0x00,0x00,0x00,0x00,0x00,
    0x00,0x00,0x00,0x00,0x00,0x00,0x00,0x00,0x00,0x00,0x00,0x00,0x00,0x00,0x00,0x00,0x00,0x00,0x00,0x00,0x00,0x00,0x00,0x00,
    0x00,0x00,0xe6,0x55,0x62,0x3c,0xe2,0x51,0x62,0xb6,0xe5,0x52,0x64,0xff,0xe1,0x4f,0x62,0xff,0xe0,0x4e,0x62,0xff,0xe0,0x4d,
    0x62,0xff,0xdf,0x4b,0x62,0xff,0xdf,0x4a,0x62,0xff,0xde,0x49,0x62,0xff,0xde,0x48,0x62,0xff,0xde,0x46,0x62,0xff,0xdd,0x45,
    0x62,0xff,0xdd,0x44,0x62,0xff,0xdc,0x42,0x62,0xff,0xdc,0x41,0x62,0xff,0xdc,0x40,0x62,0xff,0xda,0x39,0x5e,0xff,0xe2,0x63,
    0x81,0xff,0xf3,0xc0,0xcd,0xff,0xff,0xff,0xff,0xff,0xff,0xff,0xff,0xff,0xff,0xff,0xff,0xff,0xff,0xff,0xff,0xff,0xff,0xff,
    0xff,0xff,0xff,0xff,0xff,0xff,0xff,0xff,0xff,0xff,0xff,0xff,0xff,0xff,0xff,0xfe,0xfe,0xff,0xfe,0xfe,0xfe,0xff,0xfe,0xfd,
    0xfd,0xff,0xf8,0xde,0xe6,0xff,0xe1,0x6a,0x8f,0xfa,0xd6,0x30,0x62,0xfc,0xd7,0x30,0x62,0xff,0xd7,0x31,0x62,0xff,0xd7,0x32,
    0x62,0xff,0xd7,0x34,0x62,0xff,0xd8,0x35,0x62,0xff,0xd8,0x35,0x62,0xff,0xd8,0x36,0x62,0xff,0xd8,0x36,0x61,0xff,0xda,0x3c,
    0x65,0xff,0xe4,0x76,0x92,0xff,0xf9,0xe1,0xe7,0xff,0xff,0xfe,0xfe,0xff,0xff,0xff,0xff,0xff,0xff,0xff,0xff,0xff,0xff,0xff,
    0xff,0xff,0xff,0xff,0xff,0xff,0xff,0xff,0xff,0xff,0xff,0xff,0xff,0xff,0xff,0xff,0xff,0xff,0xff,0xff,0xff,0xff,0xff,0xff,
    0xff,0xff,0xff,0xff,0xff,0xff,0xf5,0xc6,0xce,0xff,0xe5,0x6d,0x81,0xff,0xdd,0x42,0x5d,0xff,0xde,0x48,0x61,0xff,0xde,0x49,
    0x61,0xff,0xdf,0x49,0x61,0xff,0xdf,0x4a,0x61,0xff,0xdf,0x4a,0x61,0xff,0xdf,0x4b,0x61,0xff,0xdf,0x4c,0x61,0xff,0xe0,0x4c,
    0x61,0xff,0xe0,0x4d,0x61,0xff,0xe0,0x4e,0x61,0xff,0xe0,0x4e,0x61,0xff,0xe0,0x4c,0x5e,0xff,0xe0,0x4b,0x5c,0xff,0xe0,0x4b,
    0x5c,0xff,0xe0,0x4b,0x5c,0xff,0xe0,0x4c,0x5c,0xff,0xe1,0x4d,0x5c,0xff,0xe1,0x4e,0x5c,0xff,0xe1,0x4e,0x5c,0xff,0xe1,0x4f,
    0x5c,0xff,0xe2,0x4f,0x5c,0xff,0xe2,0x50,0x5c,0xff,0xe2,0x51,0x5c,0xff,0xe2,0x51,0x5c,0xff,0xe5,0x55,0x5f,0xff,0xe3,0x56,
    0x61,0xec,0xe3,0x57,0x61,0x93,0x00,0x00,0x00,0x00,0x00,0x00,0x00,0x00,0x00,0x00,0x00,0x00,0x00,0x00,0x00,0x00,0x00,0x00,
    0x00,0x00,0x00,0x00,0x00,0x00,0x00,0x00,0x00,0x00,0x00,0x00,0x00,0x00,0x00,0x00,0x00,0x00,0x00,0x00,0x00,0x00,0x00,0x00,
    0x00,0x00,0xdf,0x50,0x60,0x10,0xe3,0x51,0x62,0x87,0xe7,0x52,0x65,0xff,0xe1,0x4f,0x62,0xff,0xe0,0x4e,0x62,0xff,0xe0,0x4d,
    0x62,0xff,0xdf,0x4b,0x62,0xff,0xdf,0x4a,0x62,0xff,0xdf,0x49,0x62,0xff,0xde,0x48,0x62,0xff,0xde,0x46,0x62,0xff,0xdd,0x45,
    0x62,0xff,0xdd,0x44,0x62,0xff,0xdc,0x42,0x62,0xff,0xdc,0x41,0x62,0xff,0xdb,0x3f,0x61,0xff,0xdd,0x49,0x6b,0xff,0xec,0x9b,
    0xae,0xff,0xfe,0xf8,0xfa,0xff,0xff,0xff,0xff,0xff,0xff,0xff,0xff,0xff,0xff,0xff,0xff,0xff,0xff,0xff,0xff,0xff,0xff,0xff,
    0xff,0xff,0xff,0xff,0xff,0xff,0xff,0xff,0xff,0xff,0xff,0xff,0xff,0xff,0xff,0xfe,0xfe,0xff,0xfe,0xfe,0xfe,0xff,0xfe,0xfd,
    0xfe,0xff,0xeb,0x99,0xb3,0xff,0xda,0x44,0x72,0xff,0xd6,0x2d,0x60,0xff,0xd7,0x31,0x62,0xff,0xd7,0x32,0x62,0xff,0xd7,0x33,
    0x62,0xff,0xd7,0x34,0x62,0xff,0xd8,0x35,0x62,0xff,0xd8,0x36,0x62,0xff,0xd8,0x37,0x62,0xff,0xd9,0x38,0x62,0xff,0xd8,0x36,
    0x5f,0xff,0xdd,0x4e,0x72,0xff,0xed,0x9f,0xb2,0xff,0xfe,0xfa,0xfa,0xff,0xff,0xff,0xff,0xff,0xff,0xff,0xff,0xff,0xff,0xff,
    0xff,0xff,0xff,0xff,0xff,0xff,0xff,0xff,0xff,0xff,0xff,0xff,0xff,0xff,0xff,0xff,0xff,0xff,0xff,0xff,0xff,0xff,0xff,0xff,
    0xff,0xff,0xff,0xff,0xff,0xff,0xfd,0xf3,0xf5,0xff,0xed,0x9c,0xaa,0xff,0xe0,0x52,0x6a,0xff,0xde,0x47,0x60,0xff,0xdf,0x49,
    0x61,0xff,0xdf,0x49,0x61,0xff,0xdf,0x4a,0x61,0xff,0xdf,0x4b,0x61,0xff,0xdf,0x4b,0x61,0xff,0xe0,0x4c,0x61,0xff,0xe0,0x4d,
    0x61,0xff,0xe0,0x4e,0x61,0xff,0xe0,0x4e,0x60,0xff,0xe1,0x51,0x64,0xff,0xe7,0x74,0x82,0xff,0xeb,0x8d,0x98,0xff,0xec,0x92,
    0x9d,0xff,0xec,0x92,0x9c,0xff,0xec,0x92,0x9c,0xff,0xed,0x93,0x9c,0xff,0xed,0x93,0x9c,0xff,0xed,0x94,0x9c,0xff,0xed,0x94,
    0x9c,0xff,0xed,0x95,0x9c,0xff,0xed,0x95,0x9c,0xff,0xed,0x96,0x9c,0xff,0xed,0x95,0x9b,0xff,0xea,0x7f,0x86,0xff,0xe3,0x57,
    0x60,0xf7,0xe3,0x57,0x61,0xd5,0x00,0x00,0x00,0x00,0x00,0x00,0x00,0x00,0x00,0x00,0x00,0x00,0x00,0x00,0x00,0x00,0x00,0x00,
    0x00,0x00,0x00,0x00,0x00,0x00,0x00,0x00,0x00,0x00,0x00,0x00,0x00,0x00,0x00,0x00,0x00,0x00,0x00,0x00,0x00,0x00,0x00,0x00,
    0x00,0x00,0xde,0x52,0x63,0x1f,0xe1,0x51,0x62,0x97,0xe6,0x52,0x64,0xff,0xe1,0x4f,0x62,0xff,0xe0,0x4e,0x62,0xff,0xe0,0x4d,
    0x62,0xff,0xdf,0x4b,0x62,0xff,0xdf,0x4a,0x62,0xff,0xdf,0x49,0x62,0xff,0xde,0x48,0x62,0xff,0xde,0x46,0x62,0xff,0xde,0x45,
    0x62,0xff,0xdd,0x44,0x62,0xff,0xdd,0x42,0x62,0xff,0xdc,0x41,0x62,0xff,0xdb,0x3b,0x5e,0xff,0xe5,0x75,0x8e,0xff,0xf6,0xd0,
    0xd9,0xff,0xff,0xff,0xff,0xff,0xff,0xff,0xff,0xff,0xff,0xff,0xff,0xff,0xff,0xff,0xff,0xff,0xff,0xff,0xff,0xff,0xff,0xff,
    0xff,0xff,0xff,0xff,0xff,0xff,0xff,0xff,0xff,0xff,0xff,0xff,0xff,0xff,0xff,0xff,0xff,0xff,0xff,0xfc,0xfd,0xff,0xf8,0xdf,
    0xe7,0xff,0xdf,0x5b,0x84,0xff,0xd6,0x31,0x63,0xff,0xd6,0x30,0x62,0xff,0xd7,0x32,0x62,0xff,0xd7,0x33,0x62,0xff,0xd7,0x33,
    0x62,0xff,0xd8,0x34,0x62,0xff,0xd8,0x35,0x62,0xff,0xd8,0x37,0x62,0xff,0xd9,0x38,0x62,0xff,0xd9,0x39,0x62,0xff,0xd9,0x39,
    0x62,0xff,0xda,0x3b,0x63,0xff,0xe2,0x63,0x82,0xff,0xf8,0xda,0xe1,0xff,0xfe,0xfc,0xfd,0xff,0xff,0xff,0xff,0xff,0xff,0xff,
    0xff,0xff,0xff,0xff,0xff,0xff,0xff,0xff,0xff,0xff,0xff,0xff,0xff,0xff,0xff,0xff,0xff,0xff,0xff,0xff,0xff,0xff,0xff,0xff,
    0xff,0xff,0xff,0xff,0xff,0xff,0xff,0xff,0xff,0xff,0xf7,0xd3,0xd9,0xff,0xe8,0x7d,0x8f,0xff,0xde,0x47,0x60,0xff,0xdf,0x49,
    0x61,0xff,0xdf,0x4a,0x61,0xff,0xdf,0x4b,0x61,0xff,0xdf,0x4b,0x61,0xff,0xe0,0x4c,0x61,0xff,0xe0,0x4d,0x61,0xff,0xe0,0x4d,
    0x61,0xff,0xe0,0x4e,0x61,0xff,0xe0,0x4e,0x61,0xff,0xe3,0x5e,0x6f,0xff,0xf4,0xc2,0xc9,0xff,0xfc,0xee,0xf0,0xff,0xfd,0xf5,
    0xf6,0xff,0xfd,0xf4,0xf5,0xff,0xfd,0xf4,0xf5,0xff,0xfd,0xf4,0xf5,0xff,0xfd,0xf4,0xf5,0xff,0xfd,0xf4,0xf5,0xff,0xfd,0xf5,
    0xf5,0xff,0xfd,0xf5,0xf5,0xff,0xfd,0xf5,0xf5,0xff,0xfd,0xf7,0xf8,0xff,0xfa,0xe4,0xe5,0xff,0xf1,0xa2,0xa7,0xff,0xe3,0x56,
    0x60,0xf5,0xe3,0x58,0x61,0xc7,0x00,0x00,0x00,0x00,0x00,0x00,0x00,0x00,0x00,0x00,0x00,0x00,0x00,0x00,0x00,0x00,0x00,0x00,
    0x00,0x00,0x00,0x00,0x00,0x00,0x00,0x00,0x00,0x00,0x00,0x00,0x00,0x00,0x00,0x00,0x00,0x00,0x00,0x00,0x00,0x00,0x00,0x00,
    0x00,0x00,0xe1,0x52,0x61,0x66,0xe1,0x52,0x62,0xda,0xe3,0x51,0x63,0xff,0xe1,0x4f,0x62,0xff,0xe0,0x4e,0x62,0xff,0xe0,0x4d,
    0x62,0xff,0xdf,0x4b,0x62,0xff,0xdf,0x4a,0x62,0xff,0xde,0x49,0x62,0xff,0xde,0x48,0x62,0xff,0xde,0x46,0x62,0xff,0xdd,0x45,
    0x62,0xff,0xdd,0x44,0x62,0xff,0xdc,0x42,0x62,0xff,0xdc,0x41,0x62,0xff,0xdd,0x46,0x67,0xff,0xee,0xa9,0xb8,0xff,0xfe,0xfa,
    0xfb,0xff,0xff,0xff,0xff,0xff,0xff,0xff,0xff,0xff,0xff,0xff,0xff,0xff,0xff,0xff,0xff,0xff,0xff,0xff,0xff,0xff,0xff,0xff,
    0xff,0xff,0xff,0xff,0xff,0xff,0xff,0xff,0xff,0xff,0xff,0xff,0xff,0xff,0xff,0xff,0xff,0xff,0xfc,0xf0,0xf3,0xff,0xe8,0x8a,
    0xa7,0xff,0xd9,0x3d,0x6d,0xff,0xd6,0x2f,0x61,0xff,0xd7,0x32,0x62,0xff,0xd7,0x32,0x62,0xff,0xd7,0x33,0x62,0xff,0xd7,0x34,
    0x62,0xff,0xd8,0x35,0x62,0xff,0xd8,0x36,0x62,0xff,0xd9,0x37,0x62,0xff,0xd9,0x38,0x62,0xff,0xd9,0x39,0x62,0xff,0xda,0x3a,
    0x62,0xff,0xda,0x39,0x61,0xff,0xdd,0x49,0x6d,0xff,0xea,0x94,0xa9,0xff,0xfc,0xf2,0xf4,0xff,0xff,0xff,0xff,0xff,0xff,0xff,
    0xff,0xff,0xff,0xff,0xff,0xff,0xff,0xff,0xff,0xff,0xff,0xff,0xff,0xff,0xff,0xff,0xff,0xff,0xff,0xff,0xff,0xff,0xff,0xff,
    0xff,0xff,0xff,0xff,0xff,0xff,0xff,0xff,0xff,0xff,0xfe,0xfa,0xfb,0xff,0xf1,0xb1,0xbc,0xff,0xe1,0x56,0x6d,0xff,0xdf,0x49,
    0x61,0xff,0xdf,0x4a,0x61,0xff,0xdf,0x4b,0x61,0xff,0xdf,0x4c,0x61,0xff,0xe0,0x4c,0x61,0xff,0xe0,0x4d,0x61,0xff,0xe0,0x4e,
    0x61,0xff,0xe0,0x4d,0x60,0xff,0xe1,0x55,0x67,0xff,0xea,0x86,0x93,0xff,0xfd,0xf4,0xf5,0xff,0xff,0xff,0xff,0xff,0xff,0xff,
    0xff,0xff,0xff,0xff,0xff,0xff,0xff,0xff,0xff,0xff,0xff,0xff,0xff,0xff,0xff,0xff,0xff,0xff,0xff,0xff,0xff,0xff,0xff,0xff,
    0xff,0xff,0xff,0xff,0xff,0xff,0xff,0xff,0xff,0xff,0xff,0xfd,0xfd,0xff,0xf5,0xc4,0xc7,0xff,0xe9,0x72,0x79,0xff,0xe3,0x58,
    0x61,0xe0,0xe4,0x58,0x61,0x71,0x00,0x00,0x00,0x00,0x00,0x00,0x00,0x00,0x00,0x00,0x00,0x00,0x00,0x00,0x00,0x00,0x00,0x00,
    0x00,0x00,0x00,0x00,0x00,0x00,0x00,0x00,0x00,0x00,0x00,0x00,0x00,0x00,0x00,0x00,0x00,0x00,0x00,0x00,0x00,0x00,0xe4,0x57,
    0x65,0x26,0xe3,0x53,0x62,0xac,0xe6,0x53,0x64,0xff,0xe1,0x50,0x62,0xff,0xe1,0x4f,0x62,0xff,0xe0,0x4e,0x62,0xff,0xe0,0x4d,
    0x62,0xff,0xdf,0x4b,0x62,0xff,0xdf,0x4a,0x62,0xff,0xde,0x49,0x62,0xff,0xde,0x48,0x62,0xff,0xde,0x46,0x62,0xff,0xde,0x45,
    0x62,0xff,0xdd,0x44,0x62,0xff,0xdd,0x42,0x62,0xff,0xdc,0x42,0x62,0xff,0xe8,0x85,0x9a,0xff,0xf8,0xdb,0xe1,0xff,0xff,0xff,
    0xff,0xff,0xff,0xff,0xff,0xff,0xff,0xff,0xff,0xff,0xff,0xff,0xff,0xff,0xff,0xff,0xff,0xff,0xff,0xff,0xff,0xff,0xff,0xff,
    0xff,0xff,0xff,0xff,0xff,0xff,0xff,0xff,0xff,0xff,0xff,0xff,0xff,0xff,0xfe,0xfa,0xfb,0xff,0xf5,0xce,0xda,0xff,0xda,0x41,
    0x70,0xff,0xd6,0x2f,0x61,0xff,0xd7,0x31,0x62,0xff,0xd7,0x32,0x62,0xff,0xd7,0x33,0x62,0xff,0xd7,0x33,0x62,0xff,0xd8,0x34,
    0x62,0xff,0xd8,0x36,0x62,0xff,0xd8,0x37,0x62,0xff,0xd9,0x38,0x62,0xff,0xd9,0x39,0x62,0xff,0xda,0x3a,0x62,0xff,0xda,0x3a,
    0x62,0xff,0xda,0x3b,0x62,0xff,0xda,0x3d,0x63,0xff,0xdf,0x57,0x77,0xff,0xf6,0xd1,0xd9,0xff,0xfe,0xfa,0xfb,0xff,0xff,0xff,
    0xff,0xff,0xff,0xff,0xff,0xff,0xff,0xff,0xff,0xff,0xff,0xff,0xff,0xff,0xff,0xff,0xff,0xff,0xff,0xff,0xff,0xff,0xff,0xff,
    0xff,0xff,0xff,0xff,0xff,0xff,0xff,0xff,0xff,0xff,0xff,0xff,0xff,0xff,0xf9,0xdc,0xe1,0xff,0xea,0x8a,0x99,0xff,0xdf,0x4b,
    0x61,0xff,0xdf,0x4b,0x61,0xff,0xdf,0x4b,0x61,0xff,0xe0,0x4c,0x61,0xff,0xe0,0x4d,0x61,0xff,0xe0,0x4e,0x61,0xff,0xe0,0x4e,
    0x61,0xff,0xe0,0x4d,0x60,0xff,0xe6,0x6e,0x7d,0xff,0xf9,0xdd,0xe0,0xff,0xfe,0xfc,0xfc,0xff,0xff,0xff,0xff,0xff,0xff,0xff,
    0xff,0xff,0xff,0xff,0xff,0xff,0xff,0xff,0xff,0xff,0xff,0xff,0xff,0xff,0xff,0xff,0xff,0xff,0xff,0xff,0xff,0xff,0xff,0xff,
    0xff,0xff,0xff,0xff,0xff,0xff,0xff,0xff,0xff,0xff,0xf9,0xdb,0xde,0xff,0xed,0x8e,0x95,0xff,0xe3,0x56,0x5f,0xf6,0xe4,0x59,
    0x61,0xb2,0xe3,0x5a,0x60,0x25,0x00,0x00,0x00,0x00,0x00,0x00,0x00,0x00,0x00,0x00,0x00,0x00,0x00,0x00,0x00,0x00,0x00,0x00,
    0x00,0x00,0x00,0x00,0x00,0x00,0x00,0x00,0x00,0x00,0x00,0x00,0x00,0x00,0x00,0x00,0x00,0x00,0x00,0x00,0x00,0x00,0xe3,0x53,
    0x61,0x90,0xe2,0x53,0x61,0xf1,0xe3,0x52,0x62,0xff,0xe1,0x50,0x62,0xff,0xe1,0x4f,0x62,0xff,0xe0,0x4e,0x62,0xff,0xe0,0x4d,
    0x62,0xff,0xdf,0x4b,0x62,0xff,0xdf,0x4a,0x62,0xff,0xde,0x49,0x62,0xff,0xde,0x48,0x62,0xff,0xde,0x46,0x62,0xff,0xdd,0x45,
    0x62,0xff,0xdd,0x44,0x62,0xff,0xdc,0x43,0x63,0xff,0xdf,0x52,0x71,0xff,0xf5,0xc7,0xd1,0xff,0xff,0xff,0xff,0xff,0xff,0xff,
    0xff,0xff,0xff,0xff,0xff,0xff,0xff,0xff,0xff,0xff,0xff,0xff,0xff,0xff,0xff,0xff,0xff,0xff,0xff,0xff,0xff,0xff,0xff,0xff,
    0xff,0xff,0xff,0xff,0xff,0xff,0xff,0xff,0xff,0xff,0xff,0xff,0xff,0xff,0xfa,0xe8,0xee,0xff,0xe6,0x7f,0x9f,0xff,0xd7,0x37,
    0x68,0xff,0xd6,0x30,0x61,0xff,0xd7,0x32,0x62,0xff,0xd7,0x32,0x62,0xff,0xd7,0x33,0x62,0xff,0xd7,0x34,0x62,0xff,0xd8,0x35,
    0x62,0xff,0xd8,0x36,0x62,0xff,0xd9,0x37,0x62,0xff,0xd9,0x38,0x62,0xff,0xd9,0x39,0x62,0xff,0xda,0x3a,0x62,0xff,0xda,0x3a,
    0x62,0xff,0xda,0x3c,0x62,0xff,0xda,0x3d,0x61,0xff,0xdc,0x45,0x67,0xff,0xe7,0x80,0x97,0xff,0xfb,0xe8,0xec,0xff,0xff,0xff,
    0xff,0xff,0xff,0xff,0xff,0xff,0xff,0xff,0xff,0xff,0xff,0xff,0xff,0xff,0xff,0xff,0xff,0xff,0xff,0xff,0xff,0xff,0xff,0xff,
    0xff,0xff,0xff,0xff,0xff,0xff,0xff,0xff,0xff,0xff,0xff,0xff,0xff,0xff,0xfe,0xfc,0xfc,0xff,0xf4,0xc3,0xca,0xff,0xe2,0x5c,
    0x71,0xff,0xdf,0x4c,0x62,0xff,0xdf,0x4c,0x61,0xff,0xe0,0x4c,0x61,0xff,0xe0,0x4d,0x61,0xff,0xe0,0x4e,0x61,0xff,0xe0,0x4c,
    0x5f,0xff,0xe3,0x60,0x70,0xff,0xef,0xa2,0xac,0xff,0xfe,0xf9,0xfa,0xff,0xff,0xff,0xff,0xff,0xff,0xff,0xff,0xff,0xff,0xff,
    0xff,0xff,0xff,0xff,0xff,0xff,0xff,0xff,0xff,0xff,0xff,0xff,0xff,0xff,0xff,0xff,0xff,0xff,0xff,0xff,0xff,0xff,0xff,0xff,
    0xff,0xff,0xff,0xff,0xff,0xff,0xff,0xff,0xff,0xff,0xf2,0xaf,0xb4,0xff,0xe9,0x64,0x6d,0xff,0xe3,0x57,0x61,0xd3,0xe4,0x58,
    0x61,0x54,0xd4,0x55,0x55,0x06,0x00,0x00,0x00,0x00,0x00,0x00,0x00,0x00,0x00,0x00,0x00,0x00,0x00,0x00,0x00,0x00,0x00,0x00,
    0x00,0x00,0x00,0x00,0x00,0x00,0x00,0x00,0x00,0x00,0x00,0x00,0x00,0x00,0xff,0x80,0x80,0x02,0xe6,0x55,0x62,0x3c,0xe2,0x54,
    0x62,0xc8,0xe5,0x54,0x63,0xff,0xe2,0x52,0x62,0xff,0xe1,0x50,0x62,0xff,0xe1,0x4f,0x62,0xff,0xe0,0x4e,0x62,0xff,0xe0,0x4d,
    0x62,0xff,0xdf,0x4b,0x62,0xff,0xdf,0x4a,0x62,0xff,0xdf,0x49,0x62,0xff,0xde,0x48,0x62,0xff,0xde,0x46,0x62,0xff,0xde,0x45,
    0x62,0xff,0xdd,0x44,0x62,0xff,0xdd,0x45,0x64,0xff,0xeb,0x92,0xa5,0xff,0xfb,0xe7,0xeb,0xff,0xff,0xff,0xff,0xff,0xff,0xff,
    0xff,0xff,0xff,0xff,0xff,0xff,0xff,0xff,0xff,0xff,0xff,0xff,0xff,0xff,0xff,0xff,0xff,0xff,0xff,0xff,0xff,0xff,0xff,0xff,
    0xff,0xff,0xff,0xff,0xff,0xff,0xff,0xff,0xff,0xff,0xfe,0xfc,0xfd,0xfb,0xf5,0xc9,0xd6,0xf4,0xd9,0x40,0x6f,0xff,0xd6,0x31,
    0x63,0xff,0xd7,0x31,0x62,0xff,0xd7,0x32,0x62,0xff,0xd7,0x33,0x62,0xff,0xd7,0x34,0x62,0xff,0xd8,0x35,0x62,0xff,0xd8,0x36,
    0x62,0xff,0xd9,0x37,0x62,0xff,0xd9,0x38,0x62,0xff,0xd9,0x39,0x62,0xff,0xda,0x39,0x62,0xff,0xda,0x3a,0x62,0xff,0xda,0x3b,
    0x62,0xff,0xda,0x3c,0x62,0xff,0xdb,0x3d,0x62,0xff,0xdb,0x3f,0x62,0xff,0xdd,0x4d,0x6d,0xff,0xf3,0xbe,0xc9,0xff,0xfd,0xf6,
    0xf8,0xff,0xff,0xff,0xff,0xff,0xff,0xff,0xff,0xff,0xff,0xff,0xff,0xff,0xff,0xff,0xff,0xff,0xff,0xff,0xff,0xff,0xff,0xff,
    0xff,0xff,0xff,0xff,0xff,0xff,0xff,0xff,0xff,0xff,0xff,0xff,0xff,0xff,0xff,0xff,0xff,0xff,0xfc,0xec,0xee,0xff,0xef,0xa7,
    0xb1,0xff,0xdf,0x4e,0x63,0xff,0xe0,0x4c,0x61,0xff,0xe0,0x4d,0x61,0xff,0xe0,0x4e,0x61,0xff,0xe0,0x4e,0x61,0xff,0xdf,0x4a,
    0x5d,0xff,0xe8,0x77,0x85,0xff,0xfa,0xe2,0xe4,0xff,0xff,0xfe,0xfe,0xff,0xff,0xff,0xff,0xff,0xff,0xff,0xff,0xff,0xff,0xff,
    0xff,0xff,0xff,0xff,0xff,0xff,0xff,0xff,0xff,0xff,0xff,0xff,0xff,0xff,0xff,0xff,0xff,0xff,0xff,0xff,0xff,0xff,0xff,0xff,
    0xff,0xff,0xff,0xff,0xff,0xff,0xf8,0xd3,0xd6,0xff,0xeb,0x83,0x8a,0xff,0xe4,0x56,0x5f,0xfb,0xe3,0x59,0x62,0xa6,0xe8,0x5d,
    0x5d,0x0b,0x00,0x00,0x00,0x00,0x00,0x00,0x00,0x00,0x00,0x00,0x00,0x00,0x00,0x00,0x00,0x00,0x00,0x00,0x00,0x00,0x00,0x00,
    0x00,0x00,0x00,0x00,0x00,0x00,0x00,0x00,0x00,0x00,0x80,0x80,0x80,0x02,0xe8,0x5d,0x5d,0x16,0xe3,0x54,0x62,0x9a,0xe2,0x54,
    0x62,0xee,0xe4,0x53,0x62,0xff,0xe1,0x52,0x62,0xff,0xe1,0x50,0x62,0xff,0xe1,0x4f,0x62,0xff,0xe0,0x4e,0x62,0xff,0xe0,0x4d,
    0x62,0xff,0xdf,0x4b,0x62,0xff,0xdf,0x4a,0x62,0xff,0xdf,0x49,0x62,0xff,0xde,0x48,0x62,0xff,0xde,0x46,0x62,0xff,0xdd,0x45,
    0x62,0xff,0xdd,0x46,0x63,0xff,0xe1,0x59,0x75,0xff,0xf6,0xd0,0xd8,0xff,0xfe,0xfc,0xfd,0xff,0xff,0xff,0xff,0xff,0xff,0xff,
    0xff,0xff,0xff,0xff,0xff,0xff,0xff,0xff,0xff,0xff,0xff,0xff,0xff,0xff,0xff,0xff,0xff,0xff,0xff,0xff,0xff,0xff,0xff,0xff,
    0xff,0xff,0xff,0xff,0xff,0xff,0xff,0xff,0xff,0xff,0xf8,0xda,0xe3,0xfd,0xe1,0x66,0x8b,0xfb,0xd6,0x30,0x62,0xff,0xd6,0x30,
    0x62,0xff,0xd7,0x31,0x62,0xff,0xd7,0x33,0x62,0xff,0xd7,0x34,0x62,0xff,0xd8,0x34,0x62,0xff,0xd8,0x35,0x62,0xff,0xd8,0x36,
    0x62,0xff,0xd9,0x37,0x62,0xff,0xd9,0x38,0x62,0xff,0xd9,0x39,0x62,0xff,0xda,0x3a,0x62,0xff,0xda,0x3b,0x62,0xff,0xda,0x3c,
    0x62,0xff,0xda,0x3d,0x62,0xff,0xdb,0x3e,0x62,0xff,0xdb,0x3f,0x61,0xff,0xdc,0x41,0x62,0xff,0xe7,0x7d,0x93,0xff,0xf9,0xe0,
    0xe5,0xff,0xff,0xff,0xff,0xff,0xff,0xff,0xff,0xff,0xff,0xff,0xff,0xff,0xff,0xff,0xff,0xff,0xff,0xff,0xff,0xff,0xff,0xff,
    0xff,0xff,0xff,0xff,0xff,0xff,0xff,0xff,0xff,0xff,0xff,0xff,0xff,0xff,0xff,0xff,0xff,0xff,0xff,0xff,0xff,0xff,0xf8,0xda,
    0xde,0xff,0xe4,0x6a,0x7b,0xff,0xe0,0x4f,0x63,0xff,0xe0,0x4d,0x61,0xff,0xe0,0x4e,0x61,0xff,0xdf,0x4c,0x5f,0xff,0xe4,0x64,
    0x74,0xff,0xf1,0xad,0xb6,0xff,0xfe,0xfc,0xfd,0xff,0xff,0xff,0xff,0xff,0xff,0xff,0xff,0xff,0xff,0xff,0xff,0xff,0xff,0xff,
    0xff,0xff,0xff,0xff,0xff,0xff,0xff,0xff,0xff,0xff,0xff,0xff,0xff,0xff,0xff,0xff,0xff,0xff,0xff,0xff,0xff,0xff,0xff,0xff,
    0xff,0xff,0xfd,0xf7,0xf7,0xff,0xee,0x9d,0xa2,0xff,0xeb,0x64,0x6d,0xff,0xe2,0x57,0x5f,0xc2,0xe4,0x5a,0x62,0x41,0x00,0x00,
    0x00,0x00,0x00,0x00,0x00,0x00,0x00,0x00,0x00,0x00,0x00,0x00,0x00,0x00,0x00,0x00,0x00,0x00,0x00,0x00,0x00,0x00,0x00,0x00,
    0x00,0x00,0x00,0x00,0x00,0x00,0x00,0x00,0x00,0x00,0xff,0x55,0x55,0x06,0xe2,0x56,0x60,0x50,0xe1,0x55,0x61,0xd8,0xe2,0x54,
    0x62,0xff,0xe2,0x53,0x62,0xff,0xe1,0x52,0x62,0xff,0xe1,0x50,0x62,0xff,0xe1,0x4f,0x62,0xff,0xe0,0x4e,0x62,0xff,0xe0,0x4d,
    0x62,0xff,0xdf,0x4b,0x62,0xff,0xdf,0x4a,0x62,0xff,0xde,0x49,0x62,0xff,0xde,0x48,0x62,0xff,0xde,0x46,0x62,0xff,0xdd,0x43,
    0x61,0xff,0xde,0x4b,0x68,0xff,0xef,0xa8,0xb6,0xff,0xfd,0xf3,0xf5,0xff,0xff,0xff,0xff,0xff,0xff,0xff,0xff,0xff,0xff,0xff,
    0xff,0xff,0xff,0xff,0xff,0xff,0xff,0xff,0xff,0xff,0xff,0xff,0xff,0xff,0xff,0xff,0xff,0xff,0xff,0xff,0xff,0xff,0xff,0xff,
    0xff,0xff,0xff,0xff,0xff,0xff,0xfd,0xf3,0xf6,0xff,0xed,0xa5,0xbb,0xff,0xd7,0x32,0x65,0xff,0xd6,0x30,0x62,0xff,0xd6,0x31,
    0x62,0xff,0xd7,0x32,0x62,0xff,0xd7,0x33,0x62,0xff,0xd8,0x34,0x62,0xff,0xd8,0x35,0x62,0xff,0xd8,0x36,0x62,0xff,0xd9,0x37,
    0x62,0xff,0xd9,0x38,0x62,0xff,0xd9,0x38,0x62,0xff,0xd9,0x3a,0x62,0xff,0xda,0x3b,0x62,0xff,0xda,0x3c,0x62,0xff,0xda,0x3c,
    0x62,0xff,0xdb,0x3d,0x62,0xff,0xdb,0x3f,0x62,0xff,0xdb,0x40,0x61,0xff,0xdc,0x41,0x61,0xff,0xde,0x4e,0x6b,0xff,0xf0,0xab,
    0xb9,0xff,0xfc,0xf0,0xf3,0xff,0xff,0xff,0xff,0xff,0xff,0xff,0xff,0xff,0xff,0xff,0xff,0xff,0xff,0xff,0xff,0xff,0xff,0xff,
    0xff,0xff,0xff,0xff,0xff,0xff,0xff,0xff,0xff,0xff,0xff,0xff,0xff,0xff,0xff,0xff,0xff,0xff,0xff,0xff,0xff,0xff,0xfd,0xf2,
    0xf3,0xff,0xef,0xa5,0xaf,0xff,0xe1,0x53,0x66,0xff,0xe0,0x4c,0x60,0xff,0xe0,0x4e,0x61,0xff,0xe0,0x4f,0x62,0xff,0xec,0x90,
    0x9c,0xff,0xfc,0xeb,0xed,0xff,0xff,0xff,0xff,0xff,0xff,0xff,0xff,0xff,0xff,0xff,0xff,0xff,0xff,0xff,0xff,0xff,0xff,0xff,
    0xff,0xff,0xff,0xff,0xff,0xff,0xff,0xff,0xff,0xff,0xff,0xff,0xff,0xff,0xff,0xff,0xff,0xff,0xff,0xff,0xff,0xff,0xff,0xfe,
    0xfe,0xff,0xf6,0xca,0xcc,0xff,0xea,0x77,0x7f,0xff,0xe4,0x56,0x5f,0xe9,0xe2,0x58,0x60,0x7a,0xcc,0x66,0x66,0x05,0x00,0x00,
    0x00,0x00,0x00,0x00,0x00,0x00,0x00,0x00,0x00,0x00,0x00,0x00,0x00,0x00,0x00,0x00,0x00,0x00,0x00,0x00,0x00,0x00,0x00,0x00,
    0x00,0x00,0x00,0x00,0x00,0x00,0x00,0x00,0x00,0x00,0xe2,0x58,0x62,0x1a,0xe3,0x56,0x62,0xac,0xe2,0x55,0x61,0xf5,0xe3,0x55,
    0x62,0xff,0xe2,0x53,0x62,0xff,0xe1,0x52,0x62,0xff,0xe1,0x50,0x62,0xff,0xe1,0x4f,0x62,0xff,0xe0,0x4e,0x62,0xff,0xe0,0x4d,
    0x62,0xff,0xdf,0x4b,0x62,0xff,0xdf,0x4a,0x62,0xff,0xde,0x49,0x62,0xff,0xde,0x48,0x62,0xff,0xde,0x46,0x61,0xff,0xde,0x48,
    0x65,0xff,0xe4,0x6c,0x84,0xff,0xfb,0xe9,0xec,0xff,0xff,0xff,0xff,0xff,0xff,0xff,0xff,0xff,0xff,0xff,0xff,0xff,0xff,0xff,
    0xff,0xff,0xff,0xff,0xff,0xff,0xff,0xff,0xff,0xff,0xff,0xff,0xff,0xff,0xff,0xff,0xff,0xff,0xff,0xff,0xff,0xff,0xff,0xff,
    0xff,0xff,0xff,0xfe,0xfe,0xff,0xf4,0xc6,0xd4,0xff,0xe1,0x65,0x8b,0xff,0xd6,0x2e,0x61,0xff,0xd6,0x30,0x62,0xff,0xd7,0x32,
    0x62,0xff,0xd7,0x33,0x62,0xff,0xd8,0x34,0x62,0xff,0xd8,0x35,0x62,0xff,0xd8,0x35,0x62,0xff,0xd8,0x36,0x62,0xff,0xd9,0x37,
    0x62,0xff,0xd9,0x38,0x62,0xff,0xd9,0x39,0x62,0xff,0xda,0x3a,0x62,0xff,0xda,0x3b,0x62,0xff,0xda,0x3c,0x62,0xff,0xda,0x3d,
    0x62,0xff,0xdb,0x3e,0x61,0xff,0xdb,0x3f,0x61,0xff,0xdb,0x40,0x61,0xff,0xdc,0x41,0x61,0xff,0xdc,0x40,0x5f,0xff,0xe4,0x6a,
    0x82,0xff,0xf5,0xc9,0xd2,0xff,0xff,0xff,0xff,0xff,0xff,0xff,0xff,0xff,0xff,0xff,0xff,0xff,0xff,0xff,0xff,0xff,0xff,0xff,
    0xff,0xff,0xff,0xff,0xff,0xff,0xff,0xff,0xff,0xff,0xff,0xff,0xff,0xff,0xff,0xff,0xff,0xff,0xff,0xff,0xff,0xff,0xfe,0xfc,
    0xfc,0xff,0xf9,0xde,0xe1,0xff,0xe7,0x76,0x86,0xff,0xe1,0x52,0x65,0xff,0xe0,0x4b,0x5e,0xff,0xe5,0x6b,0x7b,0xff,0xf4,0xc0,
    0xc6,0xff,0xff,0xff,0xff,0xff,0xff,0xff,0xff,0xff,0xff,0xff,0xff,0xff,0xff,0xff,0xff,0xff,0xff,0xff,0xff,0xff,0xff,0xff,
    0xff,0xff,0xff,0xff,0xff,0xff,0xff,0xff,0xff,0xff,0xff,0xff,0xff,0xff,0xff,0xff,0xff,0xff,0xff,0xfe,0xfe,0xff,0xfd,0xf7,
    0xf7,0xff,0xed,0x90,0x97,0xff,0xec,0x62,0x6b,0xff,0xe4,0x57,0x60,0xad,0xe6,0x5a,0x64,0x33,0x00,0x00,0x00,0x00,0x00,0x00,
    0x00,0x00,0x00,0x00,0x00,0x00,0x00,0x00,0x00,0x00,0x00,0x00,0x00,0x00,0x00,0x00,0x00,0x00,0x00,0x00,0x00,0x00,0x00,0x00,
    0x00,0x00,0x00,0x00,0x00,0x00,0xe6,0x4d,0x66,0x0a,0xe4,0x57,0x60,0x55,0xe3,0x55,0x61,0xf2,0xe5,0x56,0x62,0xff,0xe2,0x54,
    0x61,0xff,0xe2,0x52,0x61,0xff,0xe1,0x52,0x62,0xff,0xe1,0x50,0x62,0xff,0xe1,0x4f,0x62,0xff,0xe0,0x4e,0x62,0xff,0xe0,0x4d,
    0x62,0xff,0xdf,0x4b,0x62,0xff,0xdf,0x4a,0x62,0xff,0xdf,0x49,0x62,0xff,0xde,0x47,0x62,0xff,0xde,0x46,0x62,0xff,0xe1,0x5b,
    0x75,0xff,0xf0,0xad,0xba,0xff,0xfe,0xf8,0xf9,0xff,0xff,0xff,0xff,0xff,0xff,0xff,0xff,0xff,0xff,0xff,0xff,0xff,0xff,0xff,
    0xff,0xff,0xff,0xff,0xff,0xff,0xff,0xff,0xff,0xff,0xff,0xff,0xff,0xff,0xff,0xff,0xff,0xff,0xff,0xff,0xff,0xff,0xff,0xff,
    0xff,0xff,0xfb,0xe9,0xee,0xff,0xe9,0x90,0xaa,0xff,0xd7,0x36,0x67,0xff,0xd6,0x30,0x62,0xff,0xd6,0x31,0x62,0xff,0xd7,0x32,
    0x62,0xff,0xd7,0x33,0x62,0xff,0xd8,0x34,0x62,0xff,0xd8,0x35,0x62,0xff,0xd8,0x36,0x62,0xff,0xd8,0x37,0x62,0xff,0xd9,0x38,
    0x62,0xff,0xd9,0x39,0x62,0xff,0xd9,0x3a,0x62,0xff,0xda,0x3b,0x62,0xff,0xda,0x3c,0x61,0xff,0xda,0x3d,0x62,0xff,0xdb,0x3e,
    0x62,0xff,0xdb,0x3f,0x61,0xff,0xdb,0x3f,0x61,0xff,0xdc,0x40,0x61,0xff,0xdc,0x41,0x61,0xff,0xdc,0x42,0x61,0xff,0xdd,0x42,
    0x60,0xff,0xed,0x9b,0xab,0xff,0xfc,0xf0,0xf2,0xff,0xff,0xff,0xff,0xff,0xff,0xfe,0xfe,0xff,0xff,0xfe,0xfe,0xff,0xff,0xfe,
    0xfe,0xff,0xff,0xfe,0xfe,0xff,0xff,0xfe,0xfe,0xff,0xff,0xfe,0xfe,0xff,0xff,0xfe,0xfe,0xff,0xff,0xfe,0xfe,0xff,0xff,0xff,
    0xff,0xff,0xfe,0xf9,0xf9,0xff,0xf3,0xbb,0xc3,0xff,0xe3,0x62,0x73,0xff,0xe0,0x4f,0x61,0xff,0xee,0x9c,0xa6,0xff,0xfb,0xea,
    0xec,0xff,0xff,0xff,0xff,0xff,0xff,0xfe,0xfe,0xff,0xff,0xfe,0xfe,0xff,0xff,0xfe,0xfe,0xff,0xff,0xfe,0xfe,0xff,0xff,0xfe,
    0xfe,0xff,0xff,0xfe,0xfe,0xff,0xff,0xfe,0xfe,0xff,0xff,0xfe,0xfe,0xff,0xff,0xff,0xff,0xff,0xfe,0xfa,0xfa,0xff,0xf5,0xc6,
    0xc9,0xff,0xe7,0x6a,0x73,0xff,0xe4,0x56,0x5f,0xec,0xe4,0x5a,0x61,0x69,0xff,0x55,0x55,0x03,0x00,0x00,0x00,0x00,0x00,0x00,
    0x00,0x00,0x00,0x00,0x00,0x00,0x00,0x00,0x00,0x00,0x00,0x00,0x00,0x00,0x00,0x00,0x00,0x00,0x00,0x00,0x00,0x00,0x00,0x00,
    0x00,0x00,0xff,0x00,0x00,0x01,0xe7,0x59,0x65,0x2b,0xe3,0x57,0x61,0xb5,0xe3,0x56,0x61,0xf8,0xe3,0x55,0x61,0xff,0xe2,0x54,
    0x62,0xff,0xe2,0x53,0x62,0xff,0xe1,0x52,0x62,0xff,0xe1,0x50,0x62,0xff,0xe1,0x4f,0x62,0xff,0xe0,0x4e,0x62,0xff,0xe0,0x4d,
    0x62,0xff,0xdf,0x4b,0x62,0xff,0xdf,0x4a,0x62,0xff,0xdf,0x49,0x62,0xff,0xde,0x46,0x61,0xff,0xdf,0x4f,0x69,0xff,0xe9,0x84,
    0x97,0xff,0xfc,0xeb,0xee,0xff,0xff,0xfd,0xfe,0xff,0xff,0xff,0xff,0xff,0xff,0xff,0xff,0xff,0xff,0xff,0xff,0xff,0xff,0xff,
    0xff,0xff,0xff,0xff,0xff,0xff,0xff,0xff,0xff,0xff,0xff,0xff,0xff,0xff,0xff,0xff,0xff,0xff,0xff,0xff,0xff,0xff,0xff,0xff,
    0xff,0xff,0xf2,0xbb,0xcb,0xff,0xdf,0x5c,0x83,0xff,0xd6,0x2f,0x60,0xff,0xd7,0x31,0x62,0xff,0xd7,0x32,0x62,0xff,0xd7,0x33,
    0x62,0xff,0xd8,0x34,0x62,0xff,0xd8,0x35,0x62,0xff,0xd8,0x36,0x62,0xff,0xd8,0x37,0x62,0xff,0xd9,0x38,0x62,0xff,0xd9,0x38,
    0x62,0xff,0xd9,0x39,0x62,0xff,0xda,0x3a,0x62,0xff,0xda,0x3c,0x62,0xff,0xda,0x3d,0x62,0xff,0xdb,0x3e,0x62,0xff,0xdb,0x3e,
    0x62,0xff,0xdb,0x3f,0x62,0xff,0xdc,0x40,0x62,0xff,0xdc,0x41,0x61,0xff,0xdc,0x42,0x61,0xff,0xdd,0x43,0x61,0xff,0xdd,0x41,
    0x5f,0xff,0xe4,0x6b,0x82,0xff,0xf4,0xc1,0xca,0xff,0xff,0xff,0xff,0xff,0xff,0xfe,0xfe,0xff,0xff,0xfe,0xfe,0xff,0xff,0xfe,
    0xfe,0xff,0xff,0xfe,0xfe,0xff,0xff,0xfe,0xfe,0xff,0xff,0xfe,0xfe,0xff,0xff,0xfe,0xfe,0xff,0xff,0xfe,0xfe,0xff,0xff,0xfe,
    0xfe,0xff,0xff,0xfd,0xfd,0xff,0xfd,0xf3,0xf4,0xff,0xe9,0x83,0x90,0xff,0xe7,0x78,0x84,0xff,0xf6,0xcc,0xd1,0xff,0xff,0xff,
    0xff,0xff,0xff,0xfe,0xfe,0xff,0xff,0xfe,0xfe,0xff,0xff,0xfe,0xfe,0xff,0xff,0xfe,0xfe,0xff,0xff,0xfe,0xfe,0xff,0xff,0xfe,
    0xfe,0xff,0xff,0xfe,0xfe,0xff,0xff,0xfe,0xfe,0xff,0xff,0xfe,0xfe,0xff,0xff,0xfd,0xfd,0xff,0xfb,0xe7,0xe8,0xff,0xe8,0x74,
    0x7c,0xff,0xe4,0x5b,0x64,0xfd,0xe6,0x58,0x61,0x96,0xe6,0x59,0x60,0x28,0x00,0x00,0x00,0x00,0x00,0x00,0x00,0x00,0x00,0x00,
    0x00,0x00,0x00,0x00,0x00,0x00,0x00,0x00,0x00,0x00,0x00,0x00,0x00,0x00,0x00,0x00,0x00,0x00,0x00,0x00,0x00,0x00,0x00,0x00,
    0x00,0x00,0xdf,0x55,0x60,0x18,0xe2,0x58,0x62,0x7a,0xe3,0x57,0x61,0xf8,0xe3,0x56,0x61,0xff,0xe2,0x55,0x61,0xff,0xe2,0x54,
    0x61,0xff,0xe2,0x52,0x61,0xff,0xe1,0x52,0x61,0xff,0xe1,0x50,0x62,0xff,0xe1,0x4f,0x62,0xff,0xe0,0x4e,0x62,0xff,0xe0,0x4d,
    0x62,0xff,0xdf,0x4b,0x62,0xff,0xdf,0x4a,0x62,0xff,0xde,0x49,0x62,0xff,0xde,0x45,0x60,0xff,0xe4,0x67,0x7e,0xff,0xf4,0xc2,
    0xcb,0xff,0xff,0xfc,0xfd,0xff,0xff,0xff,0xff,0xff,0xff,0xff,0xff,0xff,0xff,0xff,0xff,0xff,0xff,0xff,0xff,0xff,0xff,0xff,
    0xff,0xff,0xff,0xff,0xff,0xff,0xff,0xff,0xff,0xff,0xff,0xff,0xff,0xff,0xff,0xff,0xff,0xff,0xff,0xff,0xff,0xff,0xfb,0xec,
    0xf0,0xff,0xe5,0x7d,0x9b,0xff,0xd6,0x2e,0x5f,0xff,0xd7,0x32,0x62,0xff,0xd7,0x31,0x62,0xff,0xd7,0x32,0x62,0xff,0xd7,0x33,
    0x62,0xff,0xd8,0x34,0x62,0xff,0xd8,0x35,0x62,0xff,0xd8,0x37,0x62,0xff,0xd8,0x37,0x62,0xff,0xd9,0x38,0x62,0xff,0xd9,0x39,
    0x62,0xff,0xd9,0x3a,0x62,0xff,0xda,0x3b,0x62,0xff,0xda,0x3c,0x62,0xff,0xdb,0x3d,0x61,0xff,0xdb,0x3e,0x61,0xff,0xdb,0x3f,
    0x61,0xff,0xdb,0x3f,0x61,0xff,0xdc,0x40,0x61,0xff,0xdc,0x41,0x61,0xff,0xdc,0x43,0x61,0xff,0xdd,0x44,0x61,0xff,0xdd,0x45,
    0x61,0xff,0xdc,0x42,0x5e,0xff,0xe9,0x88,0x99,0xff,0xfb,0xec,0xee,0xff,0xfe,0xfe,0xfe,0xff,0xfe,0xfe,0xfe,0xff,0xfe,0xfe,
    0xfe,0xff,0xfe,0xfe,0xfe,0xff,0xfe,0xfe,0xfe,0xff,0xfe,0xfe,0xfe,0xff,0xfe,0xfe,0xfe,0xff,0xfe,0xfe,0xfe,0xff,0xfe,0xfe,
    0xfe,0xff,0xfe,0xfe,0xfe,0xff,0xfe,0xfc,0xfc,0xff,0xf4,0xc2,0xc8,0xff,0xf8,0xd6,0xda,0xff,0xfd,0xf5,0xf6,0xff,0xfe,0xff,
    0xff,0xff,0xfe,0xfe,0xfe,0xff,0xfe,0xfe,0xfe,0xff,0xfe,0xfe,0xfe,0xff,0xfe,0xfe,0xfe,0xff,0xfe,0xfe,0xfe,0xff,0xfe,0xfe,
    0xfe,0xff,0xfe,0xfe,0xfe,0xff,0xfe,0xfe,0xfe,0xff,0xfe,0xff,0xff,0xff,0xfc,0xf1,0xf2,0xff,0xf2,0xb2,0xb7,0xff,0xe5,0x62,
    0x6a,0xfe,0xe2,0x58,0x61,0xdf,0xe4,0x59,0x61,0x42,0x00,0x00,0x00,0x00,0x00,0x00,0x00,0x00,0x00,0x00,0x00,0x00,0x00,0x00,
    0x00,0x00,0x00,0x00,0x00,0x00,0x00,0x00,0x00,0x00,0x00,0x00,0x00,0x00,0x00,0x00,0x00,0x00,0x00,0x00,0x00,0x00,0x00,0x00,
    0x00,0x00,0xe4,0x56,0x62,0x41,0xe2,0x57,0x60,0xde,0xe3,0x57,0x61,0xfe,0xe3,0x56,0x61,0xff,0xe2,0x55,0x61,0xff,0xe2,0x54,
    0x62,0xff,0xe2,0x53,0x62,0xff,0xe1,0x52,0x62,0xff,0xe1,0x50,0x62,0xff,0xe1,0x4f,0x62,0xff,0xe0,0x4e,0x62,0xff,0xe0,0x4d,
    0x62,0xff,0xdf,0x4b,0x62,0xff,0xdf,0x4a,0x62,0xff,0xde,0x48,0x61,0xff,0xdf,0x4d,0x67,0xff,0xea,0x8d,0x9e,0xff,0xfe,0xfb,
    0xfb,0xff,0xff,0xff,0xff,0xff,0xff,0xff,0xff,0xff,0xff,0xff,0xff,0xff,0xff,0xff,0xff,0xff,0xff,0xff,0xff,0xff,0xff,0xff,
    0xff,0xff,0xff,0xff,0xff,0xff,0xff,0xff,0xff,0xff,0xff,0xff,0xff,0xff,0xff,0xff,0xff,0xff,0xff,0xff,0xff,0xff,0xef,0xad,
    0xc0,0xff,0xde,0x54,0x7b,0xff,0xd7,0x30,0x60,0xff,0xd7,0x33,0x62,0xff,0xd7,0x32,0x62,0xff,0xd7,0x33,0x62,0xff,0xd8,0x34,
    0x62,0xff,0xd8,0x35,0x62,0xff,0xd8,0x36,0x62,0xff,0xd8,0x37,0x62,0xff,0xd9,0x37,0x62,0xff,0xd9,0x38,0x62,0xff,0xd9,0x39,
    0x62,0xff,0xda,0x3b,0x62,0xff,0xda,0x3c,0x62,0xff,0xdb,0x3d,0x62,0xff,0xdb,0x3e,0x62,0xff,0xdb,0x3e,0x62,0xff,0xdb,0x3f,
    0x61,0xff,0xdc,0x40,0x61,0xff,0xdc,0x41,0x61,0xff,0xdc,0x42,0x61,0xff,0xdd,0x43,0x61,0xff,0xdd,0x44,0x61,0xff,0xdd,0x45,
    0x61,0xff,0xdd,0x43,0x5f,0xff,0xe1,0x5a,0x72,0xff,0xef,0xa6,0xb2,0xff,0xfe,0xfe,0xfd,0xff,0xfe,0xfd,0xfd,0xff,0xfe,0xfd,
    0xfd,0xff,0xfe,0xfd,0xfd,0xff,0xfe,0xfd,0xfd,0xff,0xfe,0xfd,0xfd,0xff,0xfe,0xfd,0xfd,0xff,0xfe,0xfd,0xfd,0xff,0xfe,0xfd,
    0xfd,0xff,0xfe,0xfd,0xfd,0xff,0xfe,0xfd,0xfd,0xff,0xfd,0xf7,0xf8,0xff,0xfd,0xf9,0xfa,0xff,0xfe,0xfc,0xfc,0xff,0xfe,0xfd,
    0xfd,0xff,0xfe,0xfd,0xfd,0xff,0xfe,0xfd,0xfd,0xff,0xfe,0xfd,0xfd,0xff,0xfe,0xfd,0xfd,0xff,0xfe,0xfd,0xfd,0xff,0xfe,0xfd,
    0xfd,0xff,0xfe,0xfd,0xfd,0xff,0xfe,0xfd,0xfd,0xff,0xfe,0xfc,0xfc,0xff,0xf9,0xdb,0xdd,0xff,0xe8,0x76,0x7d,0xff,0xe3,0x5c,
    0x64,0xfa,0xe2,0x59,0x61,0x86,0xed,0x5b,0x64,0x1c,0x00,0x00,0x00,0x00,0x00,0x00,0x00,0x00,0x00,0x00,0x00,0x00,0x00,0x00,
    0x00,0x00,0x00,0x00,0x00,0x00,0x00,0x00,0x00,0x00,0x00,0x00,0x00,0x00,0x00,0x00,0x00,0x00,0x00,0x00,0x00,0x00,0xe4,0x52,
    0x64,0x1c,0xe4,0x58,0x61,0x83,0xe3,0x58,0x61,0xfd,0xe3,0x57,0x61,0xff,0xe3,0x56,0x61,0xff,0xe2,0x55,0x61,0xff,0xe2,0x54,
    0x61,0xff,0xe2,0x52,0x61,0xff,0xe1,0x52,0x61,0xff,0xe1,0x50,0x62,0xff,0xe1,0x4f,0x62,0xff,0xe0,0x4e,0x62,0xff,0xe0,0x4d,
    0x62,0xff,0xdf,0x4b,0x62,0xff,0xdf,0x4a,0x62,0xff,0xde,0x45,0x5f,0xff,0xe5,0x6e,0x83,0xff,0xf5,0xc6,0xce,0xff,0xff,0xff,
    0xff,0xff,0xff,0xff,0xff,0xff,0xff,0xff,0xff,0xff,0xff,0xff,0xff,0xff,0xff,0xff,0xff,0xff,0xff,0xff,0xff,0xff,0xff,0xff,
    0xff,0xff,0xff,0xff,0xff,0xff,0xff,0xff,0xff,0xff,0xff,0xff,0xff,0xff,0xff,0xfe,0xfe,0xff,0xf8,0xd8,0xe0,0xff,0xe2,0x6b,
    0x8c,0xff,0xd8,0x35,0x63,0xff,0xd7,0x33,0x62,0xff,0xd7,0x33,0x62,0xff,0xd7,0x33,0x62,0xff,0xd7,0x33,0x62,0xff,0xd8,0x35,
    0x62,0xff,0xd8,0x36,0x62,0xff,0xd8,0x36,0x62,0xff,0xd9,0x37,0x62,0xff,0xd9,0x38,0x62,0xff,0xd9,0x39,0x62,0xff,0xd9,0x3a,
    0x62,0xff,0xda,0x3b,0x62,0xff,0xda,0x3c,0x62,0xff,0xdb,0x3d,0x62,0xff,0xdb,0x3e,0x61,0xff,0xdb,0x3f,0x61,0xff,0xdb,0x3f,
    0x61,0xff,0xdc,0x41,0x61,0xff,0xdc,0x42,0x61,0xff,0xdc,0x43,0x61,0xff,0xdd,0x44,0x61,0xff,0xdd,0x45,0x61,0xff,0xde,0x45,
    0x61,0xff,0xde,0x46,0x61,0xff,0xde,0x46,0x60,0xff,0xe6,0x79,0x8b,0xff,0xf9,0xe2,0xe5,0xff,0xfe,0xfc,0xfc,0xff,0xfe,0xfd,
    0xfd,0xff,0xfe,0xfd,0xfd,0xff,0xfe,0xfd,0xfd,0xff,0xfe,0xfd,0xfd,0xff,0xfe,0xfd,0xfd,0xff,0xfe,0xfd,0xfd,0xff,0xfe,0xfd,
    0xfd,0xff,0xfe,0xfd,0xfd,0xff,0xfe,0xfd,0xfd,0xff,0xfe,0xfe,0xfe,0xff,0xfe,0xfd,0xfd,0xff,0xfe,0xfd,0xfd,0xff,0xfe,0xfd,
    0xfd,0xff,0xfe,0xfd,0xfd,0xff,0xfe,0xfd,0xfd,0xff,0xfe,0xfd,0xfd,0xff,0xfe,0xfd,0xfd,0xff,0xfe,0xfd,0xfd,0xff,0xfe,0xfd,
    0xfd,0xff,0xfe,0xfd,0xfd,0xff,0xfe,0xff,0xff,0xff,0xfb,0xeb,0xeb,0xff,0xf1,0xa7,0xac,0xff,0xe5,0x5e,0x67,0xfc,0xe4,0x5a,
    0x62,0xd8,0xe3,0x5a,0x63,0x36,0xff,0x00,0x00,0x01,0x00,0x00,0x00,0x00,0x00,0x00,0x00,0x00,0x00,0x00,0x00,0x00,0x00,0x00,
    0x00,0x00,0x00,0x00,0x00,0x00,0x00,0x00,0x00,0x00,0x00,0x00,0x00,0x00,0x00,0x00,0x00,0x00,0xff,0x40,0x80,0x04,0xe5,0x59,
    0x61,0x59,0xe3,0x59,0x61,0xd4,0xe5,0x58,0x61,0xff,0xe3,0x57,0x61,0xff,0xe3,0x56,0x61,0xff,0xe3,0x55,0x61,0xff,0xe2,0x54,
    0x61,0xff,0xe2,0x53,0x62,0xff,0xe1,0x52,0x62,0xff,0xe1,0x50,0x62,0xff,0xe1,0x4f,0x62,0xff,0xe0,0x4e,0x62,0xff,0xe0,0x4d,
    0x62,0xff,0xdf,0x4b,0x62,0xff,0xdf,0x49,0x61,0xff,0xe2,0x5e,0x74,0xff,0xf0,0xaa,0xb6,0xff,0xfd,0xf5,0xf7,0xff,0xff,0xff,
    0xff,0xff,0xff,0xff,0xff,0xff,0xff,0xff,0xff,0xff,0xff,0xff,0xff,0xff,0xff,0xff,0xff,0xff,0xff,0xff,0xff,0xff,0xff,0xff,
    0xff,0xff,0xff,0xff,0xff,0xff,0xff,0xff,0xff,0xff,0xff,0xff,0xff,0xff,0xff,0xfd,0xfe,0xff,0xe9,0x8c,0xa6,0xff,0xdb,0x43,
    0x6d,0xff,0xd7,0x32,0x60,0xff,0xd7,0x34,0x62,0xff,0xd7,0x33,0x62,0xff,0xd7,0x33,0x62,0xff,0xd8,0x34,0x62,0xff,0xd8,0x35,
    0x62,0xff,0xd8,0x36,0x62,0xff,0xd8,0x37,0x62,0xff,0xd9,0x38,0x62,0xff,0xd9,0x39,0x62,0xff,0xda,0x3a,0x62,0xff,0xda,0x3b,
    0x62,0xff,0xda,0x3c,0x62,0xff,0xdb,0x3d,0x62,0xff,0xdb,0x3d,0x62,0xff,0xdb,0x3e,0x62,0xff,0xdb,0x3f,0x62,0xff,0xdc,0x40,
    0x61,0xff,0xdc,0x41,0x61,0xff,0xdc,0x42,0x61,0xff,0xdd,0x43,0x61,0xff,0xdd,0x45,0x61,0xff,0xdd,0x45,0x61,0xff,0xde,0x46,
    0x61,0xff,0xde,0x47,0x61,0xff,0xde,0x45,0x5f,0xff,0xe1,0x56,0x6d,0xff,0xed,0x99,0xa6,0xff,0xfd,0xfa,0xfa,0xff,0xfd,0xfb,
    0xfb,0xff,0xfd,0xfb,0xfb,0xff,0xfd,0xfb,0xfb,0xff,0xfd,0xfb,0xfb,0xff,0xfd,0xfb,0xfb,0xff,0xfd,0xfb,0xfb,0xff,0xfd,0xfb,
    0xfb,0xff,0xfd,0xfb,0xfb,0xff,0xfd,0xfb,0xfb,0xff,0xfd,0xfb,0xfb,0xff,0xfd,0xfb,0xfb,0xff,0xfd,0xfb,0xfb,0xff,0xfd,0xfb,
    0xfb,0xff,0xfd,0xfb,0xfb,0xff,0xfd,0xfb,0xfb,0xff,0xfd,0xfb,0xfb,0xff,0xfd,0xfb,0xfb,0xff,0xfd,0xfb,0xfb,0xff,0xfd,0xfb,
    0xfb,0xff,0xfd,0xfb,0xfb,0xff,0xfd,0xfa,0xfa,0xff,0xf6,0xc9,0xcc,0xff,0xe9,0x6c,0x74,0xff,0xe5,0x5b,0x63,0xf2,0xe5,0x5b,
    0x63,0x62,0xea,0x6a,0x6a,0x0c,0x00,0x00,0x00,0x00,0x00,0x00,0x00,0x00,0x00,0x00,0x00,0x00,0x00,0x00,0x00,0x00,0x00,0x00,
    0x00,0x00,0x00,0x00,0x00,0x00,0x00,0x00,0x00,0x00,0x00,0x00,0x00,0x00,0x00,0x00,0x00,0x00,0xe6,0x58,0x62,0x34,0xe5,0x59,
    0x62,0xa7,0xe3,0x59,0x61,0xfd,0xe3,0x58,0x61,0xff,0xe3,0x57,0x61,0xff,0xe3,0x56,0x61,0xff,0xe2,0x55,0x61,0xff,0xe2,0x54,
    0x61,0xff,0xe2,0x53,0x61,0xff,0xe1,0x52,0x62,0xff,0xe1,0x50,0x62,0xff,0xe1,0x4f,0x62,0xff,0xe0,0x4e,0x62,0xff,0xe0,0x4d,
    0x62,0xff,0xdf,0x4b,0x62,0xff,0xde,0x44,0x5d,0xff,0xea,0x8a,0x9a,0xff,0xfa,0xe2,0xe6,0xff,0xff,0xff,0xff,0xff,0xff,0xff,
    0xff,0xff,0xff,0xff,0xff,0xff,0xff,0xff,0xff,0xff,0xff,0xff,0xff,0xff,0xff,0xff,0xff,0xff,0xff,0xff,0xff,0xff,0xff,0xff,
    0xff,0xff,0xff,0xff,0xff,0xff,0xff,0xff,0xff,0xff,0xff,0xfc,0xfd,0xff,0xf8,0xd7,0xe0,0xff,0xdf,0x5a,0x7e,0xff,0xd8,0x35,
    0x61,0xff,0xd8,0x35,0x62,0xff,0xd8,0x35,0x62,0xff,0xd7,0x34,0x62,0xff,0xd7,0x34,0x62,0xff,0xd8,0x35,0x62,0xff,0xd8,0x35,
    0x62,0xff,0xd8,0x36,0x62,0xff,0xd9,0x38,0x62,0xff,0xd9,0x39,0x62,0xff,0xd9,0x39,0x62,0xff,0xda,0x3a,0x62,0xff,0xda,0x3b,
    0x62,0xff,0xda,0x3c,0x62,0xff,0xdb,0x3d,0x61,0xff,0xdb,0x3e,0x61,0xff,0xdb,0x3f,0x61,0xff,0xdc,0x40,0x61,0xff,0xdc,0x41,
    0x61,0xff,0xdc,0x42,0x61,0xff,0xdd,0x43,0x61,0xff,0xdd,0x44,0x61,0xff,0xdd,0x45,0x61,0xff,0xdd,0x46,0x61,0xff,0xde,0x47,
    0x61,0xff,0xde,0x47,0x61,0xff,0xde,0x48,0x61,0xff,0xde,0x48,0x60,0xff,0xe4,0x65,0x79,0xff,0xf5,0xca,0xd1,0xff,0xfc,0xf4,
    0xf5,0xff,0xfd,0xf8,0xf8,0xff,0xfd,0xf8,0xf8,0xff,0xfd,0xf8,0xf8,0xff,0xfd,0xf8,0xf8,0xff,0xfd,0xf8,0xf8,0xff,0xfd,0xf8,
    0xf8,0xff,0xfc,0xf8,0xf8,0xff,0xfd,0xf8,0xf8,0xff,0xfd,0xf8,0xf8,0xff,0xfd,0xf8,0xf8,0xff,0xfd,0xf8,0xf8,0xff,0xfd,0xf8,
    0xf8,0xff,0xfd,0xf8,0xf8,0xff,0xfd,0xf8,0xf8,0xff,0xfd,0xf8,0xf8,0xff,0xfc,0xf8,0xf8,0xff,0xfd,0xf8,0xf8,0xff,0xfd,0xf8,
    0xf8,0xff,0xfd,0xfb,0xfb,0xff,0xf9,0xe0,0xe2,0xff,0xef,0x9a,0x9f,0xff,0xe4,0x57,0x61,0xf8,0xe4,0x5a,0x62,0xbd,0xe2,0x62,
    0x62,0x1a,0x00,0x00,0x00,0x00,0x00,0x00,0x00,0x00,0x00,0x00,0x00,0x00,0x00,0x00,0x00,0x00,0x00,0x00,0x00,0x00,0x00,0x00,
    0x00,0x00,0x00,0x00,0x00,0x00,0x00,0x00,0x00,0x00,0x00,0x00,0x00,0x00,0x00,0x00,0x00,0x00,0xe5,0x5a,0x60,0x77,0xe5,0x59,
    0x61,0xea,0xe6,0x5a,0x62,0xff,0xe3,0x58,0x61,0xff,0xe3,0x57,0x61,0xff,0xe3,0x56,0x61,0xff,0xe2,0x55,0x61,0xff,0xe2,0x54,
    0x61,0xff,0xe2,0x53,0x61,0xff,0xe1,0x52,0x62,0xff,0xe1,0x50,0x62,0xff,0xe1,0x4f,0x62,0xff,0xe0,0x4e,0x62,0xff,0xe0,0x4d,
    0x62,0xff,0xdf,0x4a,0x61,0xff,0xe2,0x5c,0x71,0xff,0xf3,0xb9,0xc2,0xff,0xff,0xff,0xff,0xff,0xff,0xff,0xff,0xff,0xff,0xff,
    0xff,0xff,0xff,0xff,0xff,0xff,0xff,0xff,0xff,0xff,0xff,0xff,0xff,0xff,0xff,0xff,0xff,0xff,0xff,0xff,0xff,0xff,0xff,0xff,
    0xff,0xff,0xff,0xff,0xff,0xff,0xff,0xff,0xff,0xff,0xfc,0xed,0xf1,0xff,0xea,0x8f,0xa7,0xff,0xdb,0x44,0x6c,0xff,0xd8,0x34,
    0x60,0xff,0xd8,0x36,0x62,0xff,0xd8,0x35,0x62,0xff,0xd7,0x34,0x62,0xff,0xd8,0x35,0x62,0xff,0xd8,0x35,0x62,0xff,0xd8,0x36,
    0x62,0xff,0xd8,0x37,0x62,0xff,0xd9,0x38,0x62,0xff,0xd9,0x39,0x62,0xff,0xd9,0x3a,0x62,0xff,0xda,0x3b,0x62,0xff,0xda,0x3c,
    0x62,0xff,0xda,0x3c,0x62,0xff,0xdb,0x3d,0x61,0xff,0xdb,0x3f,0x61,0xff,0xdb,0x40,0x61,0xff,0xdc,0x41,0x61,0xff,0xdc,0x41,
    0x61,0xff,0xdc,0x42,0x61,0xff,0xdd,0x44,0x61,0xff,0xdd,0x44,0x61,0xff,0xdd,0x45,0x61,0xff,0xde,0x46,0x61,0xff,0xde,0x47,
    0x61,0xff,0xde,0x48,0x61,0xff,0xde,0x48,0x61,0xff,0xde,0x48,0x60,0xff,0xe0,0x51,0x68,0xff,0xe9,0x86,0x95,0xff,0xfa,0xe7,
    0xe9,0xff,0xfd,0xf4,0xf4,0xff,0xfc,0xf4,0xf4,0xff,0xfc,0xf4,0xf4,0xff,0xfc,0xf4,0xf4,0xff,0xfc,0xf4,0xf4,0xff,0xfd,0xf4,
    0xf4,0xff,0xfc,0xf4,0xf4,0xff,0xfd,0xf4,0xf4,0xff,0xfc,0xf4,0xf4,0xff,0xfc,0xf4,0xf4,0xff,0xfc,0xf4,0xf4,0xff,0xfc,0xf4,
    0xf4,0xff,0xfc,0xf4,0xf4,0xff,0xfc,0xf4,0xf4,0xff,0xfd,0xf4,0xf4,0xff,0xfc,0xf4,0xf4,0xff,0xfd,0xf4,0xf4,0xff,0xfc,0xf4,
    0xf4,0xff,0xfc,0xf0,0xf0,0xff,0xf3,0xb7,0xba,0xff,0xe7,0x6c,0x74,0xff,0xe4,0x5b,0x63,0xdb,0xe7,0x5d,0x65,0x60,0xdf,0x60,
    0x60,0x08,0x00,0x00,0x00,0x00,0x00,0x00,0x00,0x00,0x00,0x00,0x00,0x00,0x00,0x00,0x00,0x00,0x00,0x00,0x00,0x00,0x00,0x00,
    0x00,0x00,0x00,0x00,0x00,0x00,0x00,0x00,0x00,0x00,0x00,0x00,0x00,0x00,0xe3,0x59,0x5e,0x2e,0xe4,0x5a,0x61,0xb5,0xeb,0x5d,
    0x64,0xff,0xe4,0x59,0x61,0xff,0xe3,0x58,0x61,0xff,0xe3,0x57,0x61,0xff,0xe3,0x56,0x61,0xff,0xe2,0x55,0x61,0xff,0xe2,0x54,
    0x61,0xff,0xe2,0x53,0x62,0xff,0xe1,0x52,0x62,0xff,0xe1,0x50,0x62,0xff,0xe1,0x4f,0x62,0xff,0xe0,0x4e,0x62,0xff,0xe0,0x4d,
    0x62,0xff,0xe0,0x4e,0x64,0xff,0xec,0x93,0xa0,0xff,0xfa,0xe1,0xe5,0xff,0xff,0xff,0xff,0xff,0xff,0xff,0xff,0xff,0xff,0xff,
    0xff,0xff,0xff,0xff,0xff,0xff,0xff,0xff,0xff,0xff,0xff,0xff,0xff,0xff,0xff,0xff,0xff,0xff,0xff,0xff,0xff,0xff,0xff,0xff,
    0xff,0xff,0xff,0xff,0xff,0xff,0xfd,0xf7,0xf8,0xff,0xf2,0xbe,0xcc,0xff,0xde,0x52,0x76,0xff,0xd9,0x39,0x63,0xff,0xd9,0x36,
    0x62,0xff,0xd8,0x36,0x62,0xff,0xd8,0x36,0x62,0xff,0xd8,0x35,0x62,0xff,0xd8,0x35,0x62,0xff,0xd8,0x35,0x62,0xff,0xd8,0x37,
    0x62,0xff,0xd9,0x38,0x62,0xff,0xd9,0x39,0x62,0xff,0xd9,0x3a,0x62,0xff,0xda,0x3a,0x62,0xff,0xda,0x3b,0x62,0xff,0xda,0x3c,
    0x62,0xff,0xdb,0x3d,0x62,0xff,0xdb,0x3e,0x62,0xff,0xdb,0x3f,0x62,0xff,0xdc,0x40,0x61,0xff,0xdc,0x41,0x61,0xff,0xdc,0x42,
    0x61,0xff,0xdc,0x43,0x61,0xff,0xdd,0x44,0x61,0xff,0xdd,0x45,0x61,0xff,0xde,0x46,0x61,0xff,0xde,0x47,0x61,0xff,0xde,0x48,
    0x61,0xff,0xde,0x48,0x61,0xff,0xde,0x49,0x61,0xff,0xdf,0x49,0x61,0xff,0xdf,0x4a,0x61,0xff,0xe2,0x5b,0x6f,0xff,0xf4,0xc2,
    0xc8,0xff,0xfb,0xe8,0xe9,0xff,0xfc,0xed,0xed,0xff,0xfb,0xec,0xec,0xff,0xfb,0xec,0xec,0xff,0xfb,0xec,0xec,0xff,0xfb,0xec,
    0xec,0xff,0xfb,0xec,0xec,0xff,0xfb,0xec,0xec,0xff,0xfb,0xec,0xec,0xff,0xfb,0xec,0xec,0xff,0xfb,0xec,0xec,0xff,0xfb,0xec,
    0xec,0xff,0xfb,0xec,0xec,0xff,0xfb,0xec,0xec,0xff,0xfb,0xec,0xec,0xff,0xfb,0xec,0xec,0xff,0xfb,0xec,0xec,0xff,0xfc,0xef,
    0xef,0xff,0xf6,0xcc,0xcd,0xff,0xed,0x86,0x8d,0xff,0xe3,0x56,0x60,0xf0,0xe5,0x5c,0x64,0x9e,0xe7,0x61,0x6d,0x15,0xff,0xff,
    0xff,0x01,0x00,0x00,0x00,0x00,0x00,0x00,0x00,0x00,0x00,0x00,0x00,0x00,0x00,0x00,0x00,0x00,0x00,0x00,0x00,0x00,0x00,0x00,
    0x00,0x00,0x00,0x00,0x00,0x00,0x00,0x00,0x00,0x00,0xd4,0x55,0x55,0x0c,0xe5,0x5b,0x61,0x89,0xe4,0x5a,0x61,0xe9,0xe6,0x5a,
    0x62,0xff,0xe4,0x59,0x61,0xff,0xe3,0x58,0x61,0xff,0xe3,0x57,0x61,0xff,0xe3,0x56,0x61,0xff,0xe2,0x55,0x61,0xff,0xe2,0x54,
    0x61,0xff,0xe2,0x52,0x61,0xff,0xe1,0x52,0x61,0xff,0xe1,0x50,0x62,0xff,0xe1,0x4f,0x62,0xff,0xe0,0x4e,0x62,0xff,0xe0,0x4e,
    0x63,0xff,0xe4,0x6a,0x7c,0xff,0xf5,0xc8,0xcf,0xff,0xfe,0xfb,0xfc,0xff,0xff,0xff,0xff,0xff,0xff,0xff,0xff,0xff,0xff,0xff,
    0xff,0xff,0xff,0xff,0xff,0xff,0xff,0xff,0xff,0xff,0xff,0xff,0xff,0xff,0xff,0xff,0xff,0xff,0xff,0xff,0xff,0xff,0xff,0xff,
    0xff,0xff,0xff,0xff,0xff,0xff,0xfa,0xe3,0xe9,0xff,0xe4,0x72,0x90,0xff,0xda,0x3d,0x66,0xff,0xd9,0x38,0x61,0xff,0xd8,0x38,
    0x62,0xff,0xd8,0x37,0x62,0xff,0xd8,0x36,0x62,0xff,0xd8,0x35,0x62,0xff,0xd8,0x35,0x62,0xff,0xd8,0x36,0x62,0xff,0xd9,0x37,
    0x62,0xff,0xd9,0x38,0x62,0xff,0xd9,0x39,0x62,0xff,0xda,0x3a,0x62,0xff,0xda,0x3b,0x62,0xff,0xda,0x3b,0x62,0xff,0xda,0x3d,
    0x61,0xff,0xdb,0x3e,0x61,0xff,0xdb,0x3f,0x61,0xff,0xdb,0x40,0x61,0xff,0xdc,0x41,0x61,0xff,0xdc,0x42,0x61,0xff,0xdc,0x43,
    0x61,0xff,0xdc,0x43,0x61,0xff,0xdd,0x44,0x61,0xff,0xdd,0x45,0x61,0xff,0xde,0x46,0x61,0xff,0xde,0x47,0x61,0xff,0xde,0x48,
    0x61,0xff,0xde,0x49,0x61,0xff,0xdf,0x49,0x61,0xff,0xdf,0x4a,0x61,0xff,0xdf,0x4a,0x60,0xff,0xe0,0x50,0x65,0xff,0xe8,0x7e,
    0x8d,0xff,0xf6,0xca,0xcd,0xff,0xf9,0xe0,0xe0,0xff,0xf9,0xe0,0xe0,0xff,0xf9,0xdf,0xe0,0xff,0xf9,0xdf,0xe0,0xff,0xf9,0xdf,
    0xe0,0xff,0xf9,0xdf,0xe0,0xff,0xf9,0xdf,0xe0,0xff,0xf9,0xdf,0xe0,0xff,0xf9,0xdf,0xe0,0xff,0xf9,0xdf,0xe0,0xff,0xf9,0xdf,
    0xe0,0xff,0xf9,0xdf,0xe0,0xff,0xf9,0xdf,0xe0,0xff,0xf9,0xdf,0xe0,0xff,0xf9,0xdf,0xe0,0xff,0xf9,0xe0,0xe0,0xff,0xf9,0xde,
    0xde,0xff,0xee,0x99,0x9e,0xff,0xe7,0x5f,0x68,0xff,0xe5,0x5a,0x64,0xcb,0xe6,0x5a,0x65,0x47,0xff,0x80,0x80,0x02,0x00,0x00,
    0x00,0x00,0x00,0x00,0x00,0x00,0x00,0x00,0x00,0x00,0x00,0x00,0x00,0x00,0x00,0x00,0x00,0x00,0x00,0x00,0x00,0x00,0x00,0x00,
    0x00,0x00,0x00,0x00,0x00,0x00,0xaa,0x55,0x55,0x03,0xe4,0x5b,0x61,0x54,0xe4,0x5b,0x61,0xd2,0xe7,0x5c,0x62,0xff,0xe4,0x5a,
    0x61,0xff,0xe4,0x59,0x61,0xff,0xe4,0x58,0x61,0xff,0xe3,0x57,0x61,0xff,0xe3,0x56,0x61,0xff,0xe3,0x55,0x61,0xff,0xe2,0x54,
    0x62,0xff,0xe2,0x53,0x62,0xff,0xe1,0x52,0x62,0xff,0xe1,0x50,0x62,0xff,0xe1,0x4f,0x62,0xff,0xe0,0x4e,0x62,0xff,0xe1,0x52,
    0x66,0xff,0xf0,0xaa,0xb4,0xff,0xfc,0xee,0xf0,0xff,0xff,0xff,0xff,0xff,0xff,0xff,0xff,0xff,0xff,0xff,0xff,0xff,0xff,0xff,
    0xff,0xff,0xff,0xff,0xff,0xff,0xff,0xff,0xff,0xff,0xff,0xff,0xff,0xff,0xff,0xff,0xff,0xff,0xff,0xff,0xff,0xff,0xff,0xff,
    0xff,0xff,0xfe,0xf8,0xf9,0xff,0xf2,0xbf,0xcc,0xff,0xda,0x40,0x67,0xff,0xd9,0x39,0x62,0xff,0xd9,0x39,0x62,0xff,0xd9,0x38,
    0x62,0xff,0xd9,0x37,0x62,0xff,0xd9,0x36,0x62,0xff,0xd8,0x36,0x62,0xff,0xd8,0x36,0x62,0xff,0xd8,0x37,0x62,0xff,0xd9,0x38,
    0x62,0xff,0xd9,0x39,0x62,0xff,0xda,0x3a,0x62,0xff,0xda,0x3b,0x62,0xff,0xda,0x3b,0x62,0xff,0xda,0x3c,0x62,0xff,0xdb,0x3d,
    0x62,0xff,0xdb,0x3e,0x62,0xff,0xdb,0x3f,0x62,0xff,0xdc,0x41,0x62,0xff,0xdc,0x42,0x61,0xff,0xdd,0x42,0x61,0xff,0xdd,0x43,
    0x61,0xff,0xdd,0x44,0x61,0xff,0xdd,0x45,0x61,0xff,0xde,0x46,0x61,0xff,0xde,0x47,0x61,0xff,0xde,0x48,0x61,0xff,0xdf,0x49,
    0x61,0xff,0xdf,0x49,0x61,0xff,0xdf,0x49,0x61,0xff,0xdf,0x4a,0x61,0xff,0xdf,0x4b,0x61,0xff,0xe0,0x4c,0x61,0xff,0xe1,0x51,
    0x65,0xff,0xed,0x9a,0xa3,0xff,0xf5,0xc6,0xc9,0xff,0xf7,0xd0,0xd2,0xff,0xf7,0xcf,0xd1,0xff,0xf7,0xcf,0xd1,0xff,0xf7,0xcf,
    0xd1,0xff,0xf7,0xcf,0xd1,0xff,0xf7,0xcf,0xd1,0xff,0xf7,0xcf,0xd1,0xff,0xf7,0xcf,0xd1,0xff,0xf7,0xcf,0xd1,0xff,0xf7,0xcf,
    0xd1,0xff,0xf7,0xcf,0xd1,0xff,0xf7,0xcf,0xd1,0xff,0xf7,0xcf,0xd1,0xff,0xf7,0xcf,0xd1,0xff,0xf7,0xcf,0xd0,0xff,0xf2,0xb0,
    0xb4,0xff,0xea,0x79,0x80,0xff,0xe4,0x5a,0x63,0xf3,0xe5,0x5d,0x64,0x94,0x00,0x00,0x00,0x00,0x00,0x00,0x00,0x00,0x00,0x00,
    0x00,0x00,0x00,0x00,0x00,0x00,0x00,0x00,0x00,0x00,0x00,0x00,0x00,0x00,0x00,0x00,0x00,0x00,0x00,0x00,0x00,0x00,0x00,0x00,
    0x00,0x00,0x00,0x00,0x00,0x00,0xe3,0x55,0x71,0x09,0xe4,0x5b,0x61,0xad,0xe5,0x5b,0x61,0xf6,0xe5,0x5b,0x61,0xff,0xe4,0x5a,
    0x61,0xff,0xe4,0x59,0x61,0xff,0xe3,0x58,0x61,0xff,0xe3,0x57,0x61,0xff,0xe3,0x56,0x61,0xff,0xe2,0x55,0x61,0xff,0xe2,0x54,
    0x61,0xff,0xe2,0x52,0x61,0xff,0xe1,0x52,0x61,0xff,0xe1,0x50,0x62,0xff,0xe1,0x4f,0x62,0xff,0xe0,0x50,0x64,0xff,0xe4,0x66,
    0x78,0xff,0xf9,0xde,0xe1,0xff,0xff,0xff,0xff,0xff,0xff,0xff,0xff,0xff,0xff,0xff,0xff,0xff,0xff,0xff,0xff,0xff,0xff,0xff,
    0xff,0xff,0xff,0xff,0xff,0xff,0xff,0xff,0xff,0xff,0xff,0xff,0xff,0xff,0xff,0xff,0xff,0xff,0xff,0xff,0xff,0xff,0xff,0xff,
    0xff,0xff,0xf8,0xd9,0xe0,0xff,0xe5,0x72,0x8e,0xff,0xda,0x3c,0x63,0xff,0xd9,0x39,0x62,0xff,0xd9,0x39,0x62,0xff,0xd9,0x38,
    0x62,0xff,0xd9,0x37,0x62,0xff,0xd9,0x37,0x62,0xff,0xd8,0x36,0x62,0xff,0xd8,0x36,0x62,0xff,0xd9,0x37,0x62,0xff,0xd9,0x38,
    0x62,0xff,0xd9,0x39,0x62,0xff,0xda,0x3a,0x62,0xff,0xda,0x3b,0x62,0xff,0xda,0x3c,0x62,0xff,0xda,0x3d,0x62,0xff,0xdb,0x3e,
    0x61,0xff,0xdb,0x3f,0x61,0xff,0xdb,0x40,0x61,0xff,0xdc,0x41,0x61,0xff,0xdc,0x42,0x61,0xff,0xdd,0x43,0x61,0xff,0xdd,0x43,
    0x61,0xff,0xdd,0x44,0x61,0xff,0xdd,0x45,0x61,0xff,0xde,0x46,0x61,0xff,0xde,0x48,0x61,0xff,0xde,0x48,0x61,0xff,0xdf,0x49,
    0x61,0xff,0xdf,0x4a,0x61,0xff,0xdf,0x4a,0x61,0xff,0xdf,0x4b,0x61,0xff,0xdf,0x4c,0x61,0xff,0xe0,0x4d,0x61,0xff,0xe0,0x4e,
    0x62,0xff,0xe5,0x69,0x78,0xff,0xf0,0xa8,0xac,0xff,0xf5,0xc1,0xc2,0xff,0xf4,0xbf,0xc0,0xff,0xf4,0xbf,0xc0,0xff,0xf4,0xbf,
    0xc0,0xff,0xf4,0xbf,0xc0,0xff,0xf4,0xbf,0xc0,0xff,0xf4,0xbf,0xc0,0xff,0xf4,0xbf,0xc0,0xff,0xf4,0xbf,0xc0,0xff,0xf4,0xbf,
    0xc0,0xff,0xf4,0xbf,0xc0,0xff,0xf4,0xbf,0xc0,0xff,0xf4,0xbf,0xc0,0xff,0xf4,0xbf,0xc0,0xff,0xf3,0xb6,0xb8,0xff,0xea,0x82,
    0x89,0xff,0xe8,0x63,0x6c,0xff,0xe3,0x5c,0x64,0xc0,0xe1,0x5c,0x64,0x45,0x00,0x00,0x00,0x00,0x00,0x00,0x00,0x00,0x00,0x00,
    0x00,0x00,0x00,0x00,0x00,0x00,0x00,0x00,0x00,0x00,0x00,0x00,0x00,0x00,0x00,0x00,0x00,0x00,0x00,0x00,0x00,0x00,0x00,0x00,
    0x00,0x00,0x00,0x00,0x00,0x00,0xe5,0x5d,0x62,0x6b,0xe5,0x5b,0x61,0xdf,0xe6,0x5c,0x62,0xff,0xe4,0x5a,0x61,0xff,0xe4,0x5a,
    0x61,0xff,0xe4,0x59,0x61,0xff,0xe4,0x58,0x61,0xff,0xe3,0x57,0x61,0xff,0xe3,0x56,0x61,0xff,0xe2,0x55,0x61,0xff,0xe2,0x54,
    0x62,0xff,0xe2,0x53,0x62,0xff,0xe1,0x52,0x62,0xff,0xe1,0x50,0x62,0xff,0xe0,0x4e,0x61,0xff,0xe2,0x57,0x6a,0xff,0xf2,0xb5,
    0xbd,0xff,0xfd,0xf4,0xf5,0xff,0xff,0xff,0xff,0xff,0xff,0xff,0xff,0xff,0xff,0xff,0xff,0xff,0xff,0xff,0xff,0xff,0xff,0xff,
    0xff,0xff,0xff,0xff,0xff,0xff,0xff,0xff,0xff,0xff,0xff,0xff,0xff,0xff,0xff,0xff,0xff,0xff,0xff,0xff,0xff,0xff,0xfb,0xea,
    0xee,0xff,0xec,0x9d,0xb0,0xff,0xdb,0x42,0x68,0xff,0xda,0x3b,0x62,0xff,0xda,0x3a,0x62,0xff,0xd9,0x3a,0x62,0xff,0xd9,0x39,
    0x62,0xff,0xd9,0x38,0x62,0xff,0xd9,0x37,0x62,0xff,0xd9,0x37,0x62,0xff,0xd9,0x37,0x62,0xff,0xd9,0x38,0x62,0xff,0xd9,0x39,
    0x62,0xff,0xda,0x3a,0x62,0xff,0xda,0x3b,0x62,0xff,0xda,0x3c,0x62,0xff,0xda,0x3c,0x62,0xff,0xdb,0x3d,0x62,0xff,0xdb,0x3e,
    0x62,0xff,0xdb,0x40,0x62,0xff,0xdc,0x41,0x61,0xff,0xdc,0x42,0x61,0xff,0xdc,0x42,0x61,0xff,0xdd,0x43,0x61,0xff,0xdd,0x44,
    0x61,0xff,0xdd,0x45,0x61,0xff,0xde,0x46,0x61,0xff,0xde,0x47,0x61,0xff,0xde,0x48,0x61,0xff,0xdf,0x49,0x61,0xff,0xdf,0x49,
    0x61,0xff,0xdf,0x4a,0x61,0xff,0xdf,0x4b,0x61,0xff,0xdf,0x4c,0x61,0xff,0xdf,0x4d,0x61,0xff,0xe0,0x4e,0x61,0xff,0xe0,0x4e,
    0x61,0xff,0xe1,0x52,0x64,0xff,0xea,0x85,0x8f,0xff,0xf1,0xac,0xb0,0xff,0xf3,0xb5,0xb8,0xff,0xf2,0xb4,0xb7,0xff,0xf2,0xb4,
    0xb7,0xff,0xf2,0xb4,0xb7,0xff,0xf2,0xb4,0xb7,0xff,0xf2,0xb4,0xb7,0xff,0xf2,0xb4,0xb7,0xff,0xf2,0xb4,0xb7,0xff,0xf2,0xb4,
    0xb7,0xff,0xf2,0xb4,0xb7,0xff,0xf2,0xb4,0xb7,0xff,0xf2,0xb4,0xb7,0xff,0xf2,0xb3,0xb6,0xff,0xed,0x8f,0x94,0xff,0xe9,0x6a,
    0x72,0xff,0xe5,0x5d,0x65,0xd9,0xe5,0x5e,0x65,0x6a,0xdb,0x49,0x6d,0x07,0x00,0x00,0x00,0x00,0x00,0x00,0x00,0x00,0x00,0x00,
    0x00,0x00,0x00,0x00,0x00,0x00,0x00,0x00,0x00,0x00,0x00,0x00,0x00,0x00,0x00,0x00,0x00,0x00,0x00,0x00,0x00,0x00,0x00,0x00,
    0x00,0x00,0x00,0x00,0x00,0x00,0xe5,0x5b,0x62,0xc6,0xe5,0x5b,0x61,0xf5,0xe5,0x5c,0x61,0xff,0xe4,0x5a,0x61,0xff,0xe4,0x5a,
    0x61,0xff,0xe4,0x59,0x61,0xff,0xe3,0x58,0x61,0xff,0xe3,0x57,0x61,0xff,0xe3,0x56,0x61,0xff,0xe2,0x55,0x61,0xff,0xe2,0x54,
    0x61,0xff,0xe2,0x52,0x61,0xff,0xe1,0x52,0x62,0xff,0xe1,0x4f,0x61,0xff,0xe2,0x56,0x68,0xff,0xea,0x83,0x91,0xff,0xfb,0xe9,
    0xeb,0xff,0xff,0xfe,0xfe,0xff,0xff,0xff,0xff,0xff,0xff,0xff,0xff,0xff,0xff,0xff,0xff,0xff,0xff,0xff,0xff,0xff,0xff,0xff,
    0xff,0xff,0xff,0xff,0xff,0xff,0xff,0xff,0xff,0xff,0xff,0xff,0xff,0xff,0xff,0xff,0xff,0xff,0xff,0xff,0xff,0xff,0xf4,0xc5,
    0xd0,0xff,0xe0,0x5a,0x7b,0xff,0xd9,0x36,0x5e,0xff,0xd9,0x37,0x5f,0xff,0xd8,0x35,0x5f,0xff,0xd8,0x34,0x5e,0xff,0xd8,0x34,
    0x5e,0xff,0xd8,0x33,0x5e,0xff,0xd8,0x32,0x5d,0xff,0xd8,0x32,0x5d,0xff,0xd8,0x32,0x5d,0xff,0xd8,0x32,0x5d,0xff,0xd8,0x33,
    0x5d,0xff,0xd9,0x34,0x5d,0xff,0xd9,0x35,0x5d,0xff,0xd9,0x36,0x5d,0xff,0xd9,0x37,0x5c,0xff,0xda,0x38,0x5c,0xff,0xda,0x39,
    0x5c,0xff,0xdb,0x3a,0x5c,0xff,0xdb,0x3b,0x5c,0xff,0xdb,0x3c,0x5c,0xff,0xdb,0x3d,0x5c,0xff,0xdc,0x3e,0x5c,0xff,0xdc,0x3f,
    0x5c,0xff,0xdc,0x40,0x5c,0xff,0xdd,0x41,0x5c,0xff,0xdd,0x42,0x5c,0xff,0xdd,0x42,0x5c,0xff,0xdd,0x44,0x5c,0xff,0xde,0x44,
    0x5c,0xff,0xde,0x45,0x5c,0xff,0xde,0x46,0x5c,0xff,0xde,0x47,0x5c,0xff,0xdf,0x48,0x5c,0xff,0xdf,0x49,0x5c,0xff,0xdf,0x49,
    0x5c,0xff,0xe0,0x49,0x5c,0xff,0xe2,0x58,0x68,0xff,0xe4,0x65,0x73,0xff,0xe5,0x6a,0x76,0xff,0xe6,0x6a,0x76,0xff,0xe6,0x6b,
    0x76,0xff,0xe6,0x6b,0x76,0xff,0xe6,0x6c,0x76,0xff,0xe7,0x6c,0x76,0xff,0xe7,0x6c,0x76,0xff,0xe6,0x6d,0x76,0xff,0xe7,0x6e,
    0x77,0xff,0xe7,0x6f,0x77,0xff,0xe7,0x70,0x77,0xff,0xe7,0x70,0x78,0xff,0xe7,0x70,0x78,0xff,0xe6,0x67,0x70,0xff,0xea,0x61,
    0x6a,0xff,0xe6,0x5d,0x65,0x97,0xe6,0x5a,0x63,0x1f,0x00,0x00,0x00,0x00,0x00,0x00,0x00,0x00,0x00,0x00,0x00,0x00,0x00,0x00,
    0x00,0x00,0x00,0x00,0x00,0x00,0x00,0x00,0x00,0x00,0x00,0x00,0x00,0x00,0x00,0x00,0x00,0x00,0x00,0x00,0x00,0x00,0x00,0x00,
    0x00,0x00,0x00,0x00,0x00,0x00,0xe5,0x5c,0x61,0xe7,0xe6,0x5b,0x61,0xfa,0xe5,0x5b,0x61,0xff,0xe4,0x5a,0x61,0xff,0xe4,0x5a,
    0x61,0xff,0xe4,0x59,0x61,0xff,0xe3,0x58,0x61,0xff,0xe3,0x57,0x61,0xff,0xe3,0x56,0x61,0xff,0xe3,0x55,0x61,0xff,0xe2,0x54,
    0x61,0xff,0xe2,0x53,0x62,0xff,0xe1,0x52,0x62,0xff,0xe0,0x4d,0x5f,0xff,0xe4,0x61,0x72,0xff,0xf5,0xc6,0xcc,0xff,0xfe,0xfb,
    0xfb,0xff,0xff,0xff,0xff,0xff,0xff,0xff,0xff,0xff,0xff,0xff,0xff,0xff,0xff,0xff,0xff,0xff,0xff,0xff,0xff,0xff,0xff,0xff,
    0xff,0xff,0xff,0xff,0xff,0xff,0xff,0xff,0xff,0xff,0xff,0xff,0xff,0xff,0xff,0xff,0xff,0xff,0xfa,0xe6,0xeb,0xff,0xec,0x97,
    0xaa,0xff,0xe2,0x62,0x7d,0xff,0xe8,0x81,0x93,0xff,0xe9,0x87,0x99,0xff,0xea,0x8e,0xa0,0xff,0xeb,0x96,0xa9,0xff,0xec,0x9d,
    0xaf,0xff,0xed,0xa1,0xb3,0xff,0xed,0xa4,0xb6,0xff,0xee,0xa5,0xb8,0xff,0xee,0xa7,0xb9,0xff,0xee,0xa8,0xba,0xff,0xee,0xa9,
    0xba,0xff,0xee,0xaa,0xbb,0xff,0xef,0xaa,0xbb,0xff,0xef,0xab,0xbb,0xff,0xef,0xab,0xbb,0xff,0xef,0xac,0xbb,0xff,0xef,0xac,
    0xbb,0xff,0xf0,0xac,0xbb,0xff,0xf0,0xad,0xbb,0xff,0xf0,0xad,0xbb,0xff,0xf0,0xad,0xbb,0xff,0xf0,0xae,0xbb,0xff,0xf0,0xaf,
    0xbb,0xff,0xf0,0xaf,0xbb,0xff,0xf1,0xaf,0xbb,0xff,0xf1,0xb0,0xbb,0xff,0xf1,0xb0,0xbb,0xff,0xf1,0xb1,0xbb,0xff,0xf1,0xb1,
    0xbb,0xff,0xf1,0xb1,0xbb,0xff,0xf1,0xb1,0xbb,0xff,0xf1,0xb2,0xbb,0xff,0xf2,0xb2,0xbb,0xff,0xf2,0xb2,0xbb,0xff,0xf2,0xb3,
    0xbb,0xff,0xf2,0xb3,0xbb,0xff,0xf2,0xb2,0xba,0xff,0xf1,0xb1,0xb9,0xff,0xf2,0xb1,0xb8,0xff,0xf2,0xb2,0xb9,0xff,0xf2,0xb2,
    0xb9,0xff,0xf2,0xb3,0xb9,0xff,0xf2,0xb3,0xb9,0xff,0xf2,0xb3,0xb9,0xff,0xf2,0xb3,0xb9,0xff,0xf2,0xb4,0xb9,0xff,0xf3,0xb5,
    0xb9,0xff,0xf3,0xb5,0xb9,0xff,0xf3,0xb5,0xba,0xff,0xf3,0xb4,0xb9,0xff,0xf1,0xa9,0xae,0xff,0xe8,0x6e,0x75,0xff,0xeb,0x60,
    0x68,0xff,0xe6,0x5e,0x66,0x87,0xdf,0x60,0x60,0x10,0x00,0x00,0x00,0x00,0x00,0x00,0x00,0x00,0x00,0x00,0x00,0x00,0x00,0x00,
    0x00,0x00,0x00,0x00,0x00,0x00,0x00,0x00,0x00,0x00,0x00,0x00,0x00,0x00,0x00,0x00,0x00,0x00,0x00,0x00,0x00,0x00,0x00,0x00,
    0x00,0x00,0x00,0x00,0x00,0x00,0xe4,0x5c,0x61,0xb5,0xe6,0x5c,0x61,0xf2,0xe6,0x5c,0x62,0xff,0xe4,0x5a,0x61,0xff,0xe4,0x5a,
    0x61,0xff,0xe4,0x59,0x61,0xff,0xe3,0x58,0x61,0xff,0xe3,0x57,0x61,0xff,0xe3,0x56,0x61,0xff,0xe3,0x55,0x61,0xff,0xe2,0x54,
    0x61,0xff,0xe2,0x53,0x62,0xff,0xe1,0x50,0x60,0xff,0xe2,0x58,0x69,0xff,0xeb,0x8b,0x97,0xff,0xfd,0xf3,0xf4,0xff,0xff,0xfe,
    0xfe,0xff,0xff,0xff,0xff,0xff,0xff,0xff,0xff,0xff,0xff,0xff,0xff,0xff,0xff,0xff,0xff,0xff,0xff,0xff,0xff,0xff,0xff,0xff,
    0xff,0xff,0xff,0xff,0xff,0xff,0xff,0xff,0xff,0xff,0xff,0xff,0xff,0xff,0xff,0xfe,0xfe,0xff,0xef,0xad,0xbc,0xff,0xe6,0x74,
    0x8b,0xff,0xec,0x93,0x9e,0xff,0xf4,0xbe,0xbe,0xff,0xf7,0xca,0xca,0xff,0xf9,0xd8,0xd8,0xff,0xfb,0xe7,0xe6,0xff,0xfc,0xf2,
    0xf1,0xff,0xfe,0xf9,0xf7,0xff,0xfe,0xfe,0xfc,0xff,0xff,0xff,0xff,0xff,0xff,0xff,0xff,0xff,0xff,0xff,0xff,0xff,0xff,0xff,
    0xff,0xff,0xff,0xff,0xff,0xff,0xff,0xff,0xff,0xff,0xff,0xff,0xff,0xff,0xff,0xff,0xff,0xff,0xff,0xff,0xff,0xff,0xff,0xff,
    0xff,0xff,0xff,0xff,0xff,0xff,0xff,0xff,0xff,0xff,0xff,0xff,0xff,0xff,0xff,0xff,0xff,0xff,0xff,0xff,0xff,0xff,0xff,0xff,
    0xff,0xff,0xff,0xff,0xff,0xff,0xff,0xff,0xff,0xff,0xff,0xff,0xff,0xff,0xff,0xff,0xff,0xff,0xff,0xff,0xff,0xff,0xff,0xff,
    0xff,0xff,0xff,0xff,0xff,0xff,0xff,0xff,0xff,0xff,0xff,0xff,0xff,0xff,0xff,0xff,0xff,0xff,0xff,0xff,0xff,0xff,0xff,0xff,
    0xff,0xff,0xff,0xff,0xff,0xff,0xff,0xff,0xff,0xff,0xff,0xff,0xff,0xff,0xff,0xff,0xff,0xff,0xff,0xff,0xff,0xff,0xff,0xff,
    0xff,0xff,0xff,0xff,0xff,0xff,0xff,0xff,0xff,0xff,0xff,0xff,0xff,0xff,0xff,0xff,0xff,0xff,0xff,0xff,0xff,0xff,0xff,0xff,
    0xff,0xff,0xff,0xff,0xff,0xff,0xff,0xff,0xff,0xff,0xff,0xff,0xff,0xff,0xfe,0xf7,0xf7,0xff,0xef,0x9b,0xa0,0xff,0xeb,0x6a,
    0x71,0xff,0xe6,0x5e,0x66,0xb6,0xe6,0x60,0x69,0x3d,0x00,0x00,0x00,0x00,0x00,0x00,0x00,0x00,0x00,0x00,0x00,0x00,0x00,0x00,
    0x00,0x00,0x00,0x00,0x00,0x00,0x00,0x00,0x00,0x00,0x00,0x00,0x00,0x00,0x00,0x00,0x00,0x00,0x00,0x00,0x00,0x00,0x00,0x00,
    0x00,0x00,0x00,0x00,0x00,0x00,0xe5,0x5a,0x61,0x4f,0xe5,0x5b,0x61,0xd0,0xe5,0x5b,0x61,0xfd,0xe4,0x5b,0x61,0xff,0xe4,0x5a,
    0x61,0xff,0xe4,0x59,0x61,0xff,0xe3,0x58,0x61,0xff,0xe3,0x57,0x61,0xff,0xe3,0x56,0x61,0xff,0xe2,0x55,0x61,0xff,0xe2,0x54,
    0x61,0xff,0xe2,0x52,0x61,0xff,0xe1,0x50,0x60,0xff,0xe7,0x75,0x82,0xff,0xf7,0xce,0xd3,0xff,0xff,0xfe,0xfe,0xff,0xff,0xff,
    0xff,0xff,0xff,0xff,0xff,0xff,0xff,0xff,0xff,0xff,0xff,0xff,0xff,0xff,0xff,0xff,0xff,0xff,0xff,0xff,0xff,0xff,0xff,0xff,
    0xff,0xff,0xff,0xff,0xff,0xff,0xff,0xff,0xff,0xff,0xff,0xff,0xff,0xff,0xf9,0xde,0xe4,0xff,0xe8,0x82,0x99,0xff,0xe6,0x74,
    0x88,0xff,0xf2,0xb2,0xb5,0xff,0xf4,0xc0,0xc1,0xff,0xf6,0xcd,0xcf,0xff,0xf9,0xda,0xdc,0xff,0xfb,0xe8,0xe8,0xff,0xfc,0xf0,
    0xf0,0xff,0xfd,0xf5,0xf5,0xff,0xfd,0xf9,0xf9,0xff,0xfe,0xfb,0xfb,0xff,0xfe,0xfd,0xfd,0xff,0xfe,0xfd,0xfd,0xff,0xfe,0xfe,
    0xfe,0xff,0xfe,0xfe,0xfe,0xff,0xff,0xfe,0xfe,0xff,0xff,0xff,0xff,0xff,0xff,0xff,0xff,0xff,0xff,0xff,0xff,0xff,0xff,0xff,
    0xff,0xff,0xff,0xff,0xff,0xff,0xff,0xff,0xff,0xff,0xff,0xff,0xff,0xff,0xff,0xff,0xff,0xff,0xff,0xff,0xff,0xff,0xff,0xff,
    0xff,0xff,0xff,0xff,0xff,0xff,0xff,0xff,0xff,0xff,0xff,0xff,0xff,0xff,0xff,0xff,0xff,0xff,0xff,0xff,0xff,0xff,0xff,0xff,
    0xff,0xff,0xff,0xff,0xff,0xff,0xff,0xff,0xff,0xff,0xff,0xff,0xff,0xff,0xff,0xff,0xff,0xff,0xff,0xff,0xff,0xff,0xff,0xff,
    0xff,0xff,0xff,0xff,0xff,0xff,0xff,0xff,0xff,0xff,0xff,0xff,0xff,0xff,0xff,0xff,0xff,0xff,0xff,0xff,0xff,0xff,0xff,0xff,
    0xff,0xff,0xff,0xff,0xff,0xff,0xff,0xff,0xff,0xff,0xff,0xff,0xff,0xff,0xff,0xff,0xff,0xff,0xff,0xff,0xff,0xff,0xff,0xff,
    0xff,0xff,0xff,0xff,0xff,0xff,0xff,0xff,0xff,0xff,0xff,0xff,0xff,0xff,0xff,0xfe,0xfe,0xff,0xf8,0xd2,0xd4,0xff,0xec,0x82,
    0x88,0xff,0xe5,0x60,0x67,0xef,0xe6,0x63,0x6a,0x84,0xea,0x6a,0x6a,0x0c,0x00,0x00,0x00,0x00,0x00,0x00,0x00,0x00,0x00,0x00,
    0x00,0x00,0x00,0x00,0x00,0x00,0x00,0x00,0x00,0x00,0x00,0x00,0x00,0x00,0x00,0x00,0x00,0x00,0x00,0x00,0x00,0x00,0x00,0x00,
    0x00,0x00,0x00,0x00,0x00,0x00,0xff,0x55,0x55,0x03,0xe6,0x5b,0x62,0x87,0xe5,0x5b,0x61,0xe8,0xe7,0x5c,0x62,0xff,0xe4,0x5a,
    0x61,0xff,0xe4,0x59,0x61,0xff,0xe4,0x58,0x61,0xff,0xe3,0x57,0x61,0xff,0xe3,0x56,0x61,0xff,0xe2,0x55,0x61,0xff,0xe2,0x54,
    0x62,0xff,0xe2,0x51,0x60,0xff,0xe4,0x5e,0x6d,0xff,0xee,0x9e,0xa7,0xff,0xfe,0xfa,0xfa,0xff,0xff,0xff,0xff,0xff,0xff,0xff,
    0xff,0xff,0xff,0xff,0xff,0xff,0xff,0xff,0xff,0xff,0xff,0xff,0xff,0xff,0xff,0xff,0xff,0xff,0xff,0xff,0xff,0xff,0xff,0xff,
    0xff,0xff,0xff,0xff,0xff,0xff,0xff,0xff,0xff,0xff,0xff,0xfe,0xfe,0xff,0xee,0xa1,0xb2,0xff,0xe7,0x78,0x8c,0xff,0xed,0x98,
    0xa1,0xff,0xf4,0xbd,0xbe,0xff,0xf6,0xc7,0xc9,0xff,0xf8,0xd5,0xd7,0xff,0xfa,0xe3,0xe4,0xff,0xfc,0xed,0xed,0xff,0xfd,0xf3,
    0xf3,0xff,0xfd,0xf7,0xf7,0xff,0xfd,0xfb,0xfb,0xff,0xfe,0xfd,0xfd,0xff,0xfe,0xfd,0xfd,0xff,0xfe,0xfe,0xfe,0xff,0xfe,0xfe,
    0xfe,0xff,0xff,0xfe,0xfe,0xff,0xff,0xff,0xff,0xff,0xff,0xff,0xff,0xff,0xff,0xff,0xff,0xff,0xff,0xff,0xff,0xff,0xff,0xff,
    0xff,0xff,0xff,0xff,0xff,0xff,0xff,0xff,0xff,0xff,0xff,0xff,0xff,0xff,0xff,0xff,0xff,0xff,0xff,0xff,0xff,0xff,0xff,0xff,
    0xff,0xff,0xff,0xff,0xff,0xff,0xff,0xff,0xff,0xff,0xff,0xff,0xff,0xff,0xff,0xff,0xff,0xff,0xff,0xff,0xff,0xff,0xff,0xff,
    0xff,0xff,0xff,0xff,0xff,0xff,0xff,0xff,0xff,0xff,0xff,0xff,0xff,0xff,0xff,0xff,0xff,0xff,0xff,0xff,0xff,0xff,0xff,0xff,
    0xff,0xff,0xff,0xff,0xff,0xff,0xff,0xff,0xff,0xff,0xff,0xff,0xff,0xff,0xff,0xff,0xff,0xff,0xff,0xff,0xff,0xff,0xff,0xff,
    0xff,0xff,0xff,0xff,0xff,0xff,0xff,0xff,0xff,0xff,0xff,0xff,0xff,0xff,0xff,0xff,0xff,0xff,0xff,0xff,0xff,0xff,0xff,0xff,
    0xff,0xff,0xff,0xff,0xff,0xff,0xff,0xff,0xff,0xff,0xff,0xff,0xff,0xff,0xff,0xff,0xff,0xff,0xfe,0xfa,0xfa,0xff,0xf1,0xa9,
    0xad,0xff,0xed,0x71,0x78,0xff,0xe7,0x62,0x6a,0xca,0xe6,0x65,0x6c,0x53,0x00,0x00,0x00,0x00,0x00,0x00,0x00,0x00,0x00,0x00,
    0x00,0x00,0x00,0x00,0x00,0x00,0x00,0x00,0x00,0x00,0x00,0x00,0x00,0x00,0x00,0x00,0x00,0x00,0x00,0x00,0x00,0x00,0x00,0x00,
    0x00,0x00,0x00,0x00,0x00,0x00,0xff,0x80,0x80,0x02,0xe4,0x5a,0x60,0x30,0xe3,0x5b,0x61,0xc2,0xe7,0x5c,0x62,0xff,0xe4,0x5a,
    0x61,0xff,0xe4,0x59,0x61,0xff,0xe3,0x58,0x61,0xff,0xe3,0x57,0x61,0xff,0xe3,0x56,0x61,0xff,0xe2,0x55,0x61,0xff,0xe2,0x54,
    0x61,0xff,0xe1,0x4f,0x5e,0xff,0xea,0x81,0x8c,0xff,0xf8,0xd7,0xdb,0xff,0xff,0xff,0xff,0xff,0xff,0xff,0xff,0xff,0xff,0xff,
    0xff,0xff,0xff,0xff,0xff,0xff,0xff,0xff,0xff,0xff,0xff,0xff,0xff,0xff,0xff,0xff,0xff,0xff,0xff,0xff,0xff,0xff,0xff,0xff,
    0xff,0xff,0xff,0xff,0xff,0xff,0xff,0xfe,0xfe,0xff,0xf9,0xe3,0xe8,0xff,0xe6,0x7a,0x90,0xff,0xe8,0x81,0x90,0xff,0xf3,0xb5,
    0xb7,0xff,0xf5,0xc1,0xc3,0xff,0xf7,0xcf,0xd1,0xff,0xf9,0xdd,0xde,0xff,0xfb,0xe9,0xea,0xff,0xfc,0xf1,0xf1,0xff,0xfd,0xf6,
    0xf6,0xff,0xfd,0xf9,0xf9,0xff,0xfd,0xfb,0xfb,0xff,0xfe,0xfd,0xfd,0xff,0xfe,0xfd,0xfd,0xff,0xfe,0xfe,0xfe,0xff,0xfe,0xfe,
    0xfe,0xff,0xff,0xfe,0xfe,0xff,0xff,0xff,0xff,0xff,0xff,0xff,0xff,0xff,0xff,0xff,0xff,0xff,0xff,0xff,0xff,0xff,0xff,0xff,
    0xff,0xff,0xff,0xff,0xff,0xff,0xff,0xff,0xff,0xff,0xff,0xff,0xff,0xff,0xff,0xff,0xff,0xff,0xff,0xff,0xff,0xff,0xff,0xff,
    0xff,0xff,0xff,0xff,0xff,0xff,0xff,0xff,0xff,0xff,0xff,0xff,0xff,0xff,0xff,0xff,0xff,0xff,0xff,0xff,0xff,0xff,0xff,0xff,
    0xff,0xff,0xff,0xff,0xff,0xff,0xff,0xff,0xff,0xff,0xff,0xff,0xff,0xff,0xff,0xff,0xff,0xff,0xff,0xff,0xff,0xff,0xff,0xff,
    0xff,0xff,0xff,0xff,0xff,0xff,0xff,0xff,0xff,0xff,0xff,0xff,0xff,0xff,0xff,0xff,0xff,0xff,0xff,0xff,0xff,0xff,0xff,0xff,
    0xff,0xff,0xff,0xff,0xff,0xff,0xff,0xff,0xff,0xff,0xff,0xff,0xff,0xff,0xff,0xff,0xff,0xff,0xff,0xff,0xff,0xff,0xff,0xff,
    0xff,0xff,0xff,0xff,0xff,0xff,0xff,0xff,0xff,0xff,0xff,0xff,0xff,0xff,0xff,0xff,0xff,0xff,0xff,0xff,0xff,0xff,0xfa,0xe2,
    0xe3,0xff,0xef,0x95,0x99,0xff,0xe7,0x64,0x6a,0xfe,0xe7,0x67,0x6d,0xad,0xf1,0x71,0x71,0x12,0xff,0x00,0x00,0x01,0x00,0x00,
    0x00,0x00,0x00,0x00,0x00,0x00,0x00,0x00,0x00,0x00,0x00,0x00,0x00,0x00,0x00,0x00,0x00,0x00,0x00,0x00,0x00,0x00,0x00,0x00,
    0x00,0x00,0x00,0x00,0x00,0x00,0x00,0x00,0x00,0x00,0xff,0x80,0x80,0x02,0xe4,0x5b,0x61,0x86,0xe5,0x5b,0x61,0xe9,0xe6,0x5a,
    0x62,0xff,0xe4,0x59,0x61,0xff,0xe4,0x58,0x61,0xff,0xe3,0x57,0x61,0xff,0xe3,0x56,0x61,0xff,0xe3,0x55,0x61,0xff,0xe2,0x53,
    0x61,0xff,0xe3,0x5b,0x69,0xff,0xf1,0xa8,0xb0,0xff,0xff,0xff,0xff,0xff,0xff,0xff,0xff,0xff,0xff,0xff,0xff,0xff,0xff,0xff,
    0xff,0xff,0xff,0xff,0xff,0xff,0xff,0xff,0xff,0xff,0xff,0xff,0xff,0xff,0xff,0xff,0xff,0xff,0xff,0xff,0xff,0xff,0xff,0xff,
    0xff,0xff,0xff,0xff,0xff,0xff,0xfe,0xf9,0xfa,0xff,0xe8,0x81,0x97,0xff,0xe6,0x75,0x88,0xff,0xef,0xa0,0xa7,0xff,0xf4,0xbe,
    0xbf,0xff,0xf6,0xca,0xcb,0xff,0xf8,0xd7,0xd9,0xff,0xfa,0xe6,0xe6,0xff,0xfc,0xef,0xef,0xff,0xfd,0xf4,0xf4,0xff,0xfd,0xf8,
    0xf8,0xff,0xfe,0xfb,0xfb,0xff,0xfe,0xfc,0xfc,0xff,0xfe,0xfd,0xfd,0xff,0xfe,0xfe,0xfe,0xff,0xfe,0xfe,0xfe,0xff,0xff,0xfe,
    0xfe,0xff,0xff,0xff,0xff,0xff,0xff,0xff,0xff,0xff,0xff,0xff,0xff,0xff,0xff,0xff,0xff,0xff,0xff,0xff,0xff,0xff,0xff,0xff,
    0xff,0xff,0xff,0xff,0xff,0xff,0xff,0xff,0xff,0xff,0xff,0xff,0xff,0xff,0xff,0xff,0xff,0xff,0xff,0xff,0xff,0xff,0xff,0xff,
    0xff,0xff,0xff,0xff,0xff,0xff,0xff,0xff,0xff,0xff,0xff,0xff,0xff,0xff,0xff,0xff,0xff,0xff,0xff,0xff,0xff,0xff,0xff,0xff,
    0xff,0xff,0xff,0xff,0xff,0xff,0xff,0xff,0xff,0xff,0xff,0xff,0xff,0xff,0xff,0xff,0xff,0xff,0xff,0xff,0xff,0xff,0xff,0xff,
    0xff,0xff,0xff,0xff,0xff,0xff,0xff,0xff,0xff,0xff,0xff,0xff,0xff,0xff,0xff,0xff,0xff,0xff,0xff,0xff,0xff,0xff,0xff,0xff,
    0xff,0xff,0xff,0xff,0xff,0xff,0xff,0xff,0xff,0xff,0xff,0xff,0xff,0xff,0xff,0xff,0xff,0xff,0xff,0xff,0xff,0xff,0xff,0xff,
    0xff,0xff,0xff,0xff,0xff,0xff,0xff,0xff,0xff,0xff,0xff,0xff,0xff,0xff,0xff,0xff,0xff,0xff,0xff,0xff,0xff,0xff,0xff,0xff,
    0xff,0xff,0xf5,0xbd,0xc0,0xff,0xee,0x7a,0x80,0xff,0xe7,0x68,0x6e,0xd8,0xe7,0x69,0x71,0x61,0xff,0x80,0x80,0x04,0x00,0x00,
    0x00,0x00,0x00,0x00,0x00,0x00,0x00,0x00,0x00,0x00,0x00,0x00,0x00,0x00,0x00,0x00,0x00,0x00,0x00,0x00,0x00,0x00,0x00,0x00,
    0x00,0x00,0x00,0x00,0x00,0x00,0x00,0x00,0x00,0x00,0x00,0x00,0x00,0x00,0xe3,0x5a,0x60,0x25,0xe5,0x5b,0x61,0xa6,0xe4,0x5a,
    0x61,0xff,0xe4,0x59,0x61,0xff,0xe3,0x58,0x61,0xff,0xe3,0x57,0x61,0xff,0xe3,0x56,0x61,0xff,0xe2,0x55,0x61,0xff,0xe1,0x4f,
    0x5d,0xff,0xee,0x99,0xa1,0xff,0xfb,0xea,0xec,0xff,0xff,0xff,0xff,0xff,0xff,0xff,0xff,0xff,0xff,0xff,0xff,0xff,0xff,0xff,
    0xff,0xff,0xff,0xff,0xff,0xff,0xff,0xff,0xff,0xff,0xff,0xff,0xff,0xff,0xff,0xff,0xff,0xff,0xff,0xff,0xff,0xff,0xff,0xff,
    0xff,0xff,0xfe,0xfa,0xfb,0xff,0xf5,0xc8,0xd1,0xff,0xe3,0x63,0x7d,0xff,0xeb,0x8c,0x98,0xff,0xf3,0xb7,0xb9,0xff,0xf6,0xc4,
    0xc5,0xff,0xf7,0xd1,0xd3,0xff,0xf9,0xdf,0xe0,0xff,0xfb,0xeb,0xeb,0xff,0xfc,0xf2,0xf2,0xff,0xfd,0xf7,0xf7,0xff,0xfd,0xfa,
    0xfa,0xff,0xfe,0xfc,0xfc,0xff,0xfe,0xfd,0xfd,0xff,0xfe,0xfd,0xfd,0xff,0xfe,0xfe,0xfe,0xff,0xfe,0xfe,0xfe,0xff,0xff,0xff,
    0xff,0xff,0xff,0xff,0xff,0xff,0xff,0xff,0xff,0xff,0xff,0xff,0xff,0xff,0xff,0xff,0xff,0xff,0xff,0xff,0xff,0xff,0xff,0xff,
    0xff,0xff,0xff,0xff,0xff,0xff,0xff,0xff,0xff,0xff,0xff,0xff,0xff,0xff,0xff,0xff,0xff,0xff,0xff,0xff,0xff,0xff,0xff,0xff,
    0xff,0xff,0xff,0xff,0xff,0xff,0xff,0xff,0xff,0xff,0xff,0xff,0xff,0xff,0xff,0xff,0xff,0xff,0xff,0xff,0xff,0xff,0xff,0xff,
    0xff,0xff,0xff,0xff,0xff,0xff,0xff,0xff,0xff,0xff,0xff,0xff,0xff,0xff,0xff,0xff,0xff,0xff,0xff,0xff,0xff,0xff,0xff,0xff,
    0xff,0xff,0xff,0xff,0xff,0xff,0xff,0xff,0xff,0xff,0xff,0xff,0xff,0xff,0xff,0xff,0xff,0xff,0xff,0xff,0xff,0xff,0xff,0xff,
    0xff,0xff,0xff,0xff,0xff,0xff,0xff,0xff,0xff,0xff,0xff,0xff,0xff,0xff,0xff,0xff,0xff,0xff,0xff,0xff,0xff,0xff,0xff,0xff,
    0xff,0xff,0xff,0xff,0xff,0xff,0xff,0xff,0xff,0xff,0xff,0xff,0xff,0xff,0xff,0xff,0xff,0xff,0xff,0xff,0xff,0xff,0xff,0xff,
    0xff,0xff,0xfb,0xe6,0xe6,0xff,0xf1,0xa0,0xa4,0xff,0xe7,0x68,0x6e,0xf8,0xe9,0x6d,0x72,0xb7,0xec,0x71,0x7b,0x1b,0xff,0x80,
    0x80,0x02,0x00,0x00,0x00,0x00,0x00,0x00,0x00,0x00,0x00,0x00,0x00,0x00,0x00,0x00,0x00,0x00,0x00,0x00,0x00,0x00,0x00,0x00,
    0x00,0x00,0x00,0x00,0x00,0x00,0x00,0x00,0x00,0x00,0x00,0x00,0x00,0x00,0x00,0x00,0x00,0x00,0xe4,0x5a,0x63,0x5d,0xe4,0x5a,
    0x61,0xd2,0xe7,0x5a,0x62,0xff,0xe3,0x58,0x61,0xff,0xe3,0x57,0x61,0xff,0xe3,0x56,0x61,0xff,0xe2,0x54,0x60,0xff,0xe6,0x6d,
    0x78,0xff,0xf5,0xc6,0xca,0xff,0xff,0xff,0xff,0xff,0xff,0xff,0xff,0xff,0xff,0xff,0xff,0xff,0xff,0xff,0xff,0xff,0xff,0xff,
    0xff,0xff,0xff,0xff,0xff,0xff,0xff,0xff,0xff,0xff,0xff,0xff,0xff,0xff,0xff,0xff,0xff,0xff,0xff,0xff,0xff,0xff,0xff,0xff,
    0xff,0xff,0xfc,0xed,0xf0,0xff,0xe8,0x82,0x96,0xff,0xe9,0x83,0x92,0xff,0xf0,0xa9,0xae,0xff,0xf5,0xc0,0xc1,0xff,0xf7,0xcb,
    0xcd,0xff,0xf8,0xd9,0xda,0xff,0xfb,0xe6,0xe7,0xff,0xfc,0xf0,0xf0,0xff,0xfd,0xf5,0xf5,0xff,0xfd,0xf9,0xf9,0xff,0xfd,0xfb,
    0xfb,0xff,0xfe,0xfc,0xfc,0xff,0xfe,0xfd,0xfd,0xff,0xfe,0xfe,0xfe,0xff,0xff,0xfe,0xfe,0xff,0xff,0xfe,0xfe,0xff,0xff,0xff,
    0xff,0xff,0xff,0xff,0xff,0xff,0xff,0xff,0xff,0xff,0xff,0xff,0xff,0xff,0xff,0xff,0xff,0xff,0xff,0xff,0xff,0xff,0xff,0xff,
    0xff,0xff,0xff,0xff,0xff,0xff,0xff,0xff,0xff,0xff,0xff,0xff,0xff,0xff,0xff,0xff,0xff,0xff,0xff,0xff,0xff,0xff,0xff,0xff,
    0xff,0xff,0xff,0xff,0xff,0xff,0xff,0xff,0xff,0xff,0xff,0xff,0xff,0xff,0xff,0xff,0xff,0xff,0xff,0xff,0xff,0xff,0xff,0xff,
    0xff,0xff,0xff,0xff,0xff,0xff,0xff,0xff,0xff,0xff,0xff,0xff,0xff,0xff,0xff,0xff,0xff,0xff,0xff,0xff,0xff,0xff,0xff,0xff,
    0xff,0xff,0xff,0xff,0xff,0xff,0xff,0xff,0xff,0xff,0xff,0xff,0xff,0xff,0xff,0xff,0xff,0xff,0xff,0xff,0xff,0xff,0xff,0xff,
    0xff,0xff,0xff,0xff,0xff,0xff,0xff,0xff,0xff,0xff,0xff,0xff,0xff,0xff,0xff,0xff,0xff,0xff,0xff,0xff,0xff,0xff,0xff,0xff,
    0xff,0xff,0xff,0xff,0xff,0xff,0xff,0xff,0xff,0xff,0xff,0xff,0xff,0xff,0xff,0xff,0xff,0xff,0xff,0xff,0xff,0xff,0xff,0xff,
    0xff,0xff,0xff,0xfd,0xfd,0xff,0xf8,0xcd,0xcf,0xff,0xee,0x88,0x8d,0xff,0xe9,0x6d,0x73,0xe9,0xea,0x71,0x77,0x83,0xe8,0x74,
    0x74,0x0b,0x00,0x00,0x00,0x00,0x00,0x00,0x00,0x00,0x00,0x00,0x00,0x00,0x00,0x00,0x00,0x00,0x00,0x00,0x00,0x00,0x00,0x00,
    0x00,0x00,0x00,0x00,0x00,0x00,0x00,0x00,0x00,0x00,0x00,0x00,0x00,0x00,0x00,0x00,0x00,0x00,0xe4,0x5b,0x64,0x1c,0xe4,0x5a,
    0x62,0x8d,0xe4,0x58,0x62,0xfb,0xe3,0x58,0x61,0xff,0xe3,0x57,0x61,0xff,0xe3,0x56,0x61,0xff,0xe2,0x57,0x62,0xff,0xef,0xa3,
    0xaa,0xff,0xfb,0xea,0xec,0xff,0xff,0xff,0xff,0xff,0xff,0xff,0xff,0xff,0xff,0xff,0xff,0xff,0xff,0xff,0xff,0xff,0xff,0xff,
    0xff,0xff,0xff,0xff,0xff,0xff,0xff,0xff,0xff,0xff,0xff,0xff,0xff,0xff,0xff,0xff,0xff,0xff,0xff,0xff,0xff,0xff,0xfd,0xf6,
    0xf8,0xff,0xf3,0xbf,0xc9,0xff,0xe4,0x6b,0x81,0xff,0xef,0x9f,0xa6,0xff,0xf4,0xba,0xbb,0xff,0xf5,0xc6,0xc7,0xff,0xf8,0xd4,
    0xd5,0xff,0xfa,0xe1,0xe2,0xff,0xfb,0xec,0xec,0xff,0xfc,0xf3,0xf3,0xff,0xfd,0xf7,0xf7,0xff,0xfd,0xfa,0xfa,0xff,0xfe,0xfc,
    0xfc,0xff,0xfe,0xfd,0xfd,0xff,0xfe,0xfd,0xfd,0xff,0xfe,0xfe,0xfe,0xff,0xff,0xfe,0xfe,0xff,0xff,0xfe,0xfe,0xff,0xff,0xff,
    0xff,0xff,0xff,0xff,0xff,0xff,0xff,0xff,0xff,0xff,0xff,0xff,0xff,0xff,0xff,0xff,0xff,0xff,0xff,0xff,0xff,0xff,0xff,0xff,
    0xff,0xff,0xff,0xff,0xff,0xff,0xff,0xff,0xff,0xff,0xff,0xff,0xff,0xff,0xff,0xff,0xff,0xff,0xff,0xff,0xff,0xff,0xff,0xff,
    0xff,0xff,0xff,0xff,0xff,0xff,0xff,0xff,0xff,0xff,0xff,0xff,0xff,0xff,0xff,0xff,0xff,0xff,0xff,0xff,0xff,0xff,0xff,0xff,
    0xff,0xff,0xff,0xff,0xff,0xff,0xff,0xff,0xff,0xff,0xff,0xff,0xff,0xff,0xff,0xff,0xff,0xff,0xff,0xff,0xff,0xff,0xff,0xff,
    0xff,0xff,0xff,0xff,0xff,0xff,0xff,0xff,0xff,0xff,0xff,0xff,0xff,0xff,0xff,0xff,0xff,0xff,0xff,0xff,0xff,0xff,0xff,0xff,
    0xff,0xff,0xff,0xff,0xff,0xff,0xff,0xff,0xff,0xff,0xff,0xff,0xff,0xff,0xff,0xff,0xff,0xff,0xff,0xff,0xff,0xff,0xff,0xff,
    0xff,0xff,0xff,0xff,0xff,0xff,0xff,0xff,0xff,0xff,0xff,0xff,0xff,0xff,0xff,0xff,0xff,0xff,0xff,0xff,0xff,0xff,0xff,0xff,
    0xff,0xff,0xff,0xff,0xff,0xff,0xfd,0xf2,0xf2,0xff,0xf5,0xb9,0xbb,0xff,0xea,0x72,0x77,0xfd,0xea,0x72,0x77,0xd7,0xea,0x72,
    0x78,0x31,0xff,0x80,0x80,0x04,0x00,0x00,0x00,0x00,0x00,0x00,0x00,0x00,0x00,0x00,0x00,0x00,0x00,0x00,0x00,0x00,0x00,0x00,
    0x00,0x00,0x00,0x00,0x00,0x00,0x00,0x00,0x00,0x00,0x00,0x00,0x00,0x00,0x00,0x00,0x00,0x00,0x00,0x00,0x00,0x00,0xe3,0x5a,
    0x60,0x4a,0xe4,0x59,0x62,0xc9,0xe6,0x59,0x62,0xff,0xe3,0x57,0x61,0xff,0xe3,0x57,0x62,0xff,0xe8,0x75,0x7f,0xff,0xf7,0xd3,
    0xd6,0xff,0xff,0xff,0xff,0xff,0xff,0xff,0xff,0xff,0xff,0xff,0xff,0xff,0xff,0xff,0xff,0xff,0xff,0xff,0xff,0xff,0xff,0xff,
    0xff,0xff,0xff,0xff,0xff,0xff,0xff,0xff,0xff,0xff,0xff,0xff,0xff,0xff,0xff,0xff,0xff,0xff,0xff,0xff,0xff,0xff,0xf9,0xe0,
    0xe5,0xff,0xe8,0x7c,0x90,0xff,0xea,0x84,0x92,0xff,0xf1,0xad,0xb2,0xff,0xf5,0xc2,0xc3,0xff,0xf7,0xcd,0xcf,0xff,0xf9,0xdb,
    0xdd,0xff,0xfb,0xe8,0xe9,0xff,0xfc,0xf0,0xf0,0xff,0xfc,0xf5,0xf5,0xff,0xfd,0xf9,0xf9,0xff,0xfe,0xfb,0xfb,0xff,0xfe,0xfd,
    0xfd,0xff,0xfe,0xfe,0xfe,0xff,0xfe,0xfe,0xfe,0xff,0xff,0xff,0xff,0xff,0xff,0xff,0xff,0xff,0xff,0xff,0xff,0xff,0xff,0xff,
    0xff,0xff,0xff,0xff,0xff,0xff,0xff,0xff,0xff,0xff,0xff,0xff,0xff,0xff,0xff,0xff,0xff,0xff,0xff,0xff,0xff,0xff,0xff,0xff,
    0xff,0xff,0xff,0xff,0xff,0xff,0xff,0xff,0xff,0xff,0xff,0xff,0xff,0xff,0xff,0xff,0xff,0xff,0xff,0xff,0xff,0xff,0xff,0xff,
    0xff,0xff,0xff,0xff,0xff,0xff,0xff,0xff,0xff,0xff,0xff,0xff,0xff,0xff,0xff,0xff,0xff,0xff,0xff,0xff,0xff,0xff,0xff,0xff,
    0xff,0xff,0xff,0xff,0xff,0xff,0xff,0xff,0xff,0xff,0xff,0xff,0xff,0xff,0xff,0xff,0xff,0xff,0xff,0xff,0xff,0xff,0xff,0xff,
    0xff,0xff,0xff,0xff,0xff,0xff,0xff,0xff,0xff,0xff,0xff,0xff,0xff,0xff,0xff,0xff,0xff,0xff,0xff,0xff,0xff,0xff,0xff,0xff,
    0xff,0xff,0xff,0xff,0xff,0xff,0xff,0xff,0xff,0xff,0xff,0xff,0xff,0xff,0xff,0xff,0xff,0xff,0xff,0xff,0xff,0xff,0xff,0xff,
    0xff,0xff,0xff,0xff,0xff,0xff,0xff,0xff,0xff,0xff,0xff,0xff,0xff,0xff,0xff,0xff,0xff,0xff,0xff,0xff,0xff,0xff,0xff,0xff,
    0xff,0xff,0xff,0xff,0xff,0xff,0xff,0xff,0xff,0xff,0xfa,0xde,0xdf,0xff,0xf0,0x8e,0x92,0xff,0xeb,0x76,0x7a,0xf5,0xea,0x77,
    0x7d,0x87,0xe7,0x79,0x79,0x15,0x00,0x00,0x00,0x00,0x00,0x00,0x00,0x00,0x00,0x00,0x00,0x00,0x00,0x00,0x00,0x00,0x00,0x00,
    0x00,0x00,0x00,0x00,0x00,0x00,0x00,0x00,0x00,0x00,0x00,0x00,0x00,0x00,0x00,0x00,0x00,0x00,0x00,0x00,0x00,0x00,0xe7,0x61,
    0x61,0x15,0xe3,0x59,0x61,0x76,0xe5,0x58,0x62,0xf3,0xe3,0x57,0x61,0xff,0xe4,0x5c,0x67,0xff,0xf2,0xae,0xb4,0xff,0xfc,0xed,
    0xee,0xff,0xff,0xfe,0xfe,0xff,0xfe,0xfb,0xfc,0xff,0xfe,0xfb,0xfc,0xff,0xfe,0xfc,0xfc,0xff,0xfe,0xfc,0xfc,0xff,0xfe,0xfb,
    0xfc,0xff,0xfe,0xfb,0xfc,0xff,0xfe,0xfb,0xfc,0xff,0xfe,0xfb,0xfc,0xff,0xff,0xfd,0xfd,0xff,0xfc,0xf0,0xf2,0xff,0xf2,0xb5,
    0xc0,0xff,0xe3,0x60,0x77,0xff,0xf0,0xa3,0xaa,0xff,0xf4,0xba,0xbc,0xff,0xf6,0xc8,0xca,0xff,0xf8,0xd6,0xd8,0xff,0xfa,0xe3,
    0xe4,0xff,0xfc,0xee,0xee,0xff,0xfc,0xf4,0xf4,0xff,0xfd,0xf8,0xf8,0xff,0xfd,0xfa,0xfa,0xff,0xfe,0xfd,0xfd,0xff,0xfe,0xfa,
    0xfb,0xff,0xfd,0xfa,0xfa,0xff,0xfe,0xfa,0xfb,0xff,0xfe,0xfb,0xfb,0xff,0xfe,0xfb,0xfc,0xff,0xfe,0xfb,0xfc,0xff,0xfe,0xfb,
    0xfc,0xff,0xfe,0xfb,0xfc,0xff,0xfe,0xfb,0xfc,0xff,0xfe,0xfb,0xfc,0xff,0xfe,0xfb,0xfc,0xff,0xfe,0xfb,0xfc,0xff,0xfe,0xfb,
    0xfc,0xff,0xfe,0xfb,0xfc,0xff,0xfe,0xfb,0xfc,0xff,0xfe,0xfb,0xfc,0xff,0xfe,0xfb,0xfc,0xff,0xfe,0xfb,0xfc,0xff,0xfe,0xfc,
    0xfc,0xff,0xfe,0xfc,0xfc,0xff,0xfe,0xfb,0xfc,0xff,0xfe,0xfb,0xfc,0xff,0xfe,0xfb,0xfc,0xff,0xfe,0xfb,0xfc,0xff,0xfe,0xfb,
    0xfc,0xff,0xfe,0xfc,0xfc,0xff,0xfe,0xfc,0xfc,0xff,0xfe,0xfc,0xfc,0xff,0xfe,0xfc,0xfc,0xff,0xfe,0xfc,0xfc,0xff,0xfe,0xfc,
    0xfc,0xff,0xff,0xfc,0xfc,0xff,0xff,0xfc,0xfc,0xff,0xff,0xfc,0xfc,0xff,0xff,0xfc,0xfc,0xff,0xff,0xfc,0xfc,0xff,0xff,0xfc,
    0xfc,0xff,0xff,0xfc,0xfc,0xff,0xff,0xfc,0xfc,0xff,0xff,0xfc,0xfc,0xff,0xff,0xfc,0xfc,0xff,0xff,0xfc,0xfc,0xff,0xfe,0xfc,
    0xfc,0xff,0xfe,0xfc,0xfc,0xff,0xfe,0xfc,0xfc,0xff,0xfe,0xfc,0xfc,0xff,0xfe,0xfc,0xfc,0xff,0xfe,0xfc,0xfc,0xff,0xfe,0xfc,
    0xfc,0xff,0xfe,0xfc,0xfc,0xff,0xff,0xfe,0xfe,0xff,0xfd,0xf0,0xf1,0xff,0xf6,0xbe,0xc0,0xff,0xec,0x7d,0x81,0xfd,0xec,0x7a,
    0x7f,0xdf,0xec,0x7b,0x80,0x36,0x00,0x00,0x00,0x00,0x00,0x00,0x00,0x00,0x00,0x00,0x00,0x00,0x00,0x00,0x00,0x00,0x00,0x00,
    0x00,0x00,0x00,0x00,0x00,0x00,0x00,0x00,0x00,0x00,0x00,0x00,0x00,0x00,0x00,0x00,0x00,0x00,0x00,0x00,0x00,0x00,0x00,0x00,
    0x00,0x00,0xe4,0x5a,0x60,0x30,0xe4,0x58,0x61,0xba,0xe3,0x57,0x61,0xfe,0xe6,0x62,0x6c,0xff,0xf4,0xba,0xbf,0xff,0xf7,0xd0,
    0xd4,0xff,0xf7,0xcd,0xd2,0xff,0xf7,0xcd,0xd2,0xff,0xf7,0xcd,0xd2,0xff,0xf7,0xcc,0xd2,0xff,0xf6,0xcc,0xd2,0xff,0xf6,0xcb,
    0xd2,0xff,0xf6,0xcb,0xd2,0xff,0xf6,0xcb,0xd2,0xff,0xf6,0xca,0xd2,0xff,0xf6,0xcc,0xd3,0xff,0xf1,0xb3,0xbe,0xff,0xe8,0x7f,
    0x91,0xff,0xeb,0x89,0x95,0xff,0xf2,0xb3,0xb6,0xff,0xf5,0xc3,0xc4,0xff,0xf7,0xd0,0xd1,0xff,0xf9,0xde,0xdf,0xff,0xfb,0xea,
    0xea,0xff,0xfc,0xf1,0xf1,0xff,0xfd,0xf5,0xf5,0xff,0xfd,0xf9,0xf9,0xff,0xfe,0xfc,0xfc,0xff,0xfe,0xfd,0xfd,0xff,0xfd,0xf6,
    0xf8,0xff,0xf8,0xda,0xe0,0xff,0xf4,0xc6,0xd0,0xff,0xf4,0xc7,0xd1,0xff,0xf4,0xc8,0xd1,0xff,0xf4,0xc8,0xd1,0xff,0xf4,0xc8,
    0xd1,0xff,0xf4,0xc8,0xd1,0xff,0xf5,0xc9,0xd1,0xff,0xf6,0xc9,0xd1,0xff,0xf6,0xc9,0xd1,0xff,0xf6,0xca,0xd1,0xff,0xf6,0xca,
    0xd1,0xff,0xf6,0xcb,0xd1,0xff,0xf6,0xcb,0xd1,0xff,0xf6,0xcb,0xd1,0xff,0xf6,0xcb,0xd2,0xff,0xf6,0xcc,0xd2,0xff,0xf6,0xcc,
    0xd2,0xff,0xf6,0xcc,0xd2,0xff,0xf6,0xcd,0xd2,0xff,0xf6,0xcd,0xd2,0xff,0xf6,0xcd,0xd2,0xff,0xf6,0xcd,0xd2,0xff,0xf6,0xcd,
    0xd2,0xff,0xf6,0xce,0xd2,0xff,0xf6,0xcf,0xd2,0xff,0xf7,0xcf,0xd3,0xff,0xf7,0xcf,0xd3,0xff,0xf7,0xcf,0xd3,0xff,0xf7,0xd0,
    0xd3,0xff,0xf8,0xd0,0xd3,0xff,0xf8,0xd0,0xd4,0xff,0xf8,0xd1,0xd4,0xff,0xf8,0xd1,0xd4,0xff,0xf8,0xd1,0xd4,0xff,0xf8,0xd2,
    0xd4,0xff,0xf8,0xd2,0xd4,0xff,0xf8,0xd2,0xd4,0xff,0xf8,0xd3,0xd5,0xff,0xf8,0xd3,0xd6,0xff,0xf8,0xd4,0xd6,0xff,0xf8,0xd4,
    0xd6,0xff,0xf8,0xd4,0xd6,0xff,0xf8,0xd5,0xd6,0xff,0xf8,0xd6,0xd7,0xff,0xf8,0xd6,0xd7,0xff,0xf9,0xd6,0xd8,0xff,0xf9,0xd6,
    0xd8,0xff,0xf9,0xd7,0xd8,0xff,0xf9,0xd8,0xd9,0xff,0xf9,0xdb,0xdb,0xff,0xf7,0xc9,0xcb,0xff,0xee,0x84,0x88,0xff,0xed,0x7e,
    0x83,0xfa,0xf0,0x7e,0x84,0x55,0xff,0x8e,0x8e,0x09,0x00,0x00,0x00,0x00,0x00,0x00,0x00,0x00,0x00,0x00,0x00,0x00,0x00,0x00,
    0x00,0x00,0x00,0x00,0x00,0x00,0x00,0x00,0x00,0x00,0x00,0x00,0x00,0x00,0x00,0x00,0x00,0x00,0x00,0x00,0x00,0x00,0x00,0x00,
    0x00,0x00,0xdd,0x55,0x66,0x0f,0xe4,0x59,0x63,0x5f,0xe3,0x57,0x62,0xeb,0xe2,0x56,0x61,0xf9,0xe3,0x59,0x64,0xf9,0xe3,0x59,
    0x65,0xf9,0xe3,0x57,0x66,0xf9,0xe2,0x56,0x66,0xf9,0xe2,0x55,0x66,0xf9,0xe2,0x53,0x66,0xf9,0xe1,0x52,0x66,0xf9,0xe1,0x52,
    0x66,0xf9,0xe0,0x50,0x66,0xf9,0xe0,0x4f,0x66,0xf9,0xdf,0x4e,0x66,0xf9,0xdf,0x4c,0x65,0xfc,0xdf,0x4c,0x66,0xff,0xe3,0x65,
    0x79,0xff,0xf1,0xae,0xb2,0xff,0xf4,0xbc,0xbd,0xff,0xf6,0xca,0xcb,0xff,0xf8,0xd8,0xd9,0xff,0xfa,0xe5,0xe5,0xff,0xfc,0xef,
    0xef,0xff,0xfc,0xf4,0xf4,0xff,0xfd,0xf8,0xf8,0xff,0xfe,0xfb,0xfb,0xff,0xfe,0xfd,0xfd,0xff,0xfe,0xfd,0xfd,0xff,0xfe,0xfb,
    0xfb,0xff,0xec,0x9b,0xac,0xff,0xdd,0x49,0x6a,0xff,0xdc,0x43,0x65,0xff,0xdd,0x45,0x66,0xff,0xdd,0x46,0x66,0xff,0xdd,0x47,
    0x66,0xff,0xde,0x48,0x66,0xff,0xdf,0x49,0x66,0xff,0xdf,0x4b,0x66,0xff,0xdf,0x4c,0x66,0xff,0xdf,0x4d,0x66,0xff,0xe0,0x4e,
    0x66,0xff,0xe0,0x4f,0x66,0xff,0xe0,0x50,0x66,0xff,0xe0,0x51,0x67,0xff,0xe1,0x52,0x67,0xff,0xe1,0x53,0x67,0xff,0xe1,0x54,
    0x67,0xff,0xe2,0x55,0x67,0xff,0xe2,0x55,0x68,0xff,0xe2,0x56,0x68,0xff,0xe2,0x57,0x68,0xff,0xe3,0x59,0x69,0xff,0xe3,0x5a,
    0x69,0xff,0xe3,0x5b,0x69,0xff,0xe4,0x5c,0x6a,0xff,0xe4,0x5d,0x6b,0xff,0xe5,0x5e,0x6b,0xff,0xe5,0x5f,0x6c,0xff,0xe5,0x61,
    0x6c,0xff,0xe6,0x62,0x6c,0xff,0xe6,0x63,0x6d,0xff,0xe6,0x64,0x6e,0xff,0xe7,0x65,0x6e,0xff,0xe7,0x67,0x6f,0xff,0xe7,0x68,
    0x70,0xff,0xe7,0x69,0x71,0xff,0xe7,0x6b,0x72,0xff,0xe8,0x6c,0x72,0xff,0xe8,0x6c,0x73,0xff,0xe8,0x6e,0x74,0xff,0xe9,0x70,
    0x75,0xff,0xe9,0x71,0x77,0xff,0xe9,0x72,0x78,0xff,0xea,0x74,0x79,0xff,0xea,0x75,0x79,0xff,0xea,0x76,0x7b,0xff,0xea,0x78,
    0x7d,0xff,0xeb,0x7a,0x7f,0xff,0xec,0x7c,0x80,0xff,0xec,0x7f,0x82,0xff,0xed,0x80,0x83,0xff,0xee,0x80,0x84,0xfe,0xed,0x81,
    0x85,0xf1,0xed,0x80,0x87,0x46,0xff,0x80,0x80,0x04,0x00,0x00,0x00,0x00,0x00,0x00,0x00,0x00,0x00,0x00,0x00,0x00,0x00,0x00,
    0x00,0x00,0x00,0x00,0x00,0x00,0x00,0x00,0x00,0x00,0x00,0x00,0x00,0x00,0x00,0x00,0x00,0x00,0x00,0x00,0x00,0x00,0x00,0x00,
    0x00,0x00,0x00,0x00,0x00,0x00,0xe7,0x55,0x61,0x15,0xe3,0x57,0x63,0x64,0xe3,0x56,0x62,0xb7,0xe3,0x55,0x61,0xc0,0xe3,0x54,
    0x61,0xbf,0xe2,0x53,0x61,0xbf,0xe2,0x53,0x61,0xbf,0xe2,0x51,0x63,0xbf,0xe2,0x50,0x63,0xbf,0xe0,0x4f,0x63,0xbf,0xe0,0x4d,
    0x63,0xbf,0xe0,0x4c,0x63,0xbf,0xe0,0x4b,0x63,0xbf,0xdf,0x49,0x62,0xbd,0xde,0x47,0x62,0xda,0xde,0x47,0x62,0xff,0xe2,0x5e,
    0x74,0xff,0xf1,0xa8,0xae,0xff,0xf5,0xc3,0xc5,0xff,0xf7,0xd1,0xd3,0xff,0xf9,0xe0,0xe0,0xff,0xfb,0xeb,0xeb,0xff,0xfc,0xf2,
    0xf2,0xff,0xfd,0xf6,0xf6,0xff,0xfd,0xf9,0xf9,0xff,0xfe,0xfc,0xfc,0xff,0xfe,0xfd,0xfd,0xff,0xfe,0xfe,0xfe,0xff,0xfe,0xff,
    0xff,0xff,0xf4,0xc8,0xd1,0xff,0xe4,0x70,0x88,0xff,0xdb,0x3e,0x5f,0xff,0xdc,0x41,0x61,0xff,0xdc,0x42,0x62,0xff,0xdc,0x43,
    0x62,0xff,0xdd,0x44,0x61,0xff,0xde,0x45,0x61,0xff,0xde,0x46,0x62,0xff,0xde,0x48,0x62,0xff,0xde,0x49,0x62,0xff,0xdf,0x4a,
    0x62,0xff,0xdf,0x4b,0x62,0xff,0xdf,0x4c,0x63,0xff,0xe0,0x4d,0x63,0xff,0xe0,0x4e,0x63,0xff,0xe0,0x4f,0x63,0xff,0xe1,0x50,
    0x63,0xff,0xe1,0x51,0x64,0xff,0xe2,0x52,0x64,0xff,0xe2,0x54,0x65,0xff,0xe2,0x55,0x65,0xff,0xe2,0x56,0x66,0xff,0xe3,0x56,
    0x66,0xff,0xe3,0x58,0x66,0xff,0xe3,0x59,0x67,0xff,0xe4,0x5a,0x67,0xff,0xe4,0x5b,0x68,0xff,0xe4,0x5d,0x69,0xff,0xe5,0x5e,
    0x69,0xff,0xe5,0x5f,0x6a,0xff,0xe5,0x60,0x6a,0xff,0xe5,0x62,0x6b,0xff,0xe6,0x63,0x6c,0xff,0xe7,0x64,0x6d,0xff,0xe7,0x66,
    0x6e,0xff,0xe7,0x67,0x6f,0xff,0xe7,0x69,0x70,0xff,0xe8,0x6a,0x70,0xff,0xe8,0x6b,0x71,0xff,0xe8,0x6c,0x72,0xff,0xe8,0x6e,
    0x74,0xff,0xe9,0x6f,0x75,0xff,0xe9,0x70,0x76,0xff,0xea,0x72,0x77,0xff,0xea,0x74,0x79,0xff,0xeb,0x76,0x7a,0xff,0xeb,0x78,
    0x7c,0xff,0xeb,0x7a,0x7e,0xff,0xec,0x7c,0x80,0xff,0xec,0x7f,0x82,0xff,0xee,0x81,0x85,0xff,0xed,0x82,0x86,0xf7,0xee,0x84,
    0x89,0xa8,0xef,0x87,0x87,0x20,0x00,0x00,0x00,0x00,0x00,0x00,0x00,0x00,0x00,0x00,0x00,0x00,0x00,0x00,0x00,0x00,0x00,0x00,
    0x00,0x00,0x00,0x00,0x00,0x00,0x00,0x00,0x00,0x00,0x00,0x00,0x00,0x00,0x00,0x00,0x00,0x00,0x00,0x00,0x00,0x00,0x00,0x00,
    0x00,0x00,0x00,0x00,0x00,0x00,0xff,0x80,0x80,0x02,0xdd,0x55,0x66,0x0f,0xe0,0x55,0x64,0x21,0xe2,0x57,0x5f,0x23,0xe2,0x57,
    0x5f,0x23,0xe2,0x50,0x5f,0x23,0xe2,0x50,0x5f,0x23,0xe2,0x50,0x5f,0x23,0xe2,0x50,0x5f,0x23,0xe2,0x50,0x5f,0x23,0xe2,0x50,
    0x5f,0x23,0xe2,0x49,0x5f,0x23,0xdb,0x49,0x5f,0x23,0xdd,0x4c,0x66,0x1e,0xdf,0x48,0x63,0x58,0xde,0x46,0x62,0xc4,0xe0,0x4f,
    0x69,0xff,0xe7,0x79,0x8a,0xff,0xf5,0xc6,0xc8,0xff,0xf9,0xdb,0xdc,0xff,0xfa,0xe7,0xe7,0xff,0xfb,0xef,0xef,0xff,0xfc,0xf5,
    0xf5,0xff,0xfd,0xf8,0xf8,0xff,0xfe,0xfb,0xfb,0xff,0xfe,0xfd,0xfd,0xff,0xfe,0xfe,0xfe,0xff,0xfe,0xfe,0xfe,0xff,0xff,0xff,
    0xff,0xff,0xfd,0xf5,0xf6,0xff,0xef,0xa5,0xb5,0xff,0xde,0x4a,0x69,0xff,0xdd,0x43,0x62,0xff,0xdd,0x44,0x62,0xff,0xdd,0x45,
    0x62,0xff,0xde,0x46,0x62,0xff,0xde,0x47,0x62,0xff,0xde,0x48,0x62,0xff,0xde,0x49,0x62,0xff,0xdf,0x4a,0x63,0xff,0xdf,0x4c,
    0x63,0xff,0xe0,0x4d,0x63,0xff,0xe0,0x4e,0x63,0xff,0xe1,0x4f,0x64,0xff,0xe1,0x4f,0x64,0xff,0xe1,0x51,0x64,0xff,0xe1,0x52,
    0x64,0xff,0xe1,0x53,0x65,0xff,0xe2,0x54,0x65,0xff,0xe2,0x55,0x66,0xff,0xe3,0x56,0x66,0xff,0xe3,0x57,0x67,0xff,0xe3,0x59,
    0x67,0xff,0xe4,0x5a,0x67,0xff,0xe4,0x5b,0x68,0xff,0xe4,0x5c,0x69,0xff,0xe4,0x5e,0x69,0xff,0xe5,0x5f,0x6a,0xff,0xe5,0x60,
    0x6b,0xff,0xe6,0x61,0x6b,0xff,0xe6,0x63,0x6c,0xff,0xe6,0x64,0x6d,0xff,0xe7,0x65,0x6e,0xff,0xe7,0x67,0x6f,0xff,0xe7,0x68,
    0x70,0xff,0xe8,0x69,0x71,0xff,0xe8,0x6b,0x72,0xff,0xe8,0x6c,0x72,0xff,0xe8,0x6d,0x73,0xff,0xe9,0x6f,0x75,0xff,0xe9,0x70,
    0x76,0xff,0xea,0x72,0x77,0xff,0xea,0x74,0x79,0xff,0xeb,0x75,0x7a,0xff,0xeb,0x78,0x7c,0xff,0xec,0x7a,0x7e,0xff,0xec,0x7c,
    0x80,0xff,0xec,0x7e,0x82,0xff,0xed,0x80,0x84,0xff,0xee,0x82,0x86,0xff,0xee,0x84,0x88,0xff,0xef,0x86,0x8b,0xe2,0xed,0x85,
    0x8c,0x47,0xff,0x80,0x9f,0x08,0x00,0x00,0x00,0x00,0x00,0x00,0x00,0x00,0x00,0x00,0x00,0x00,0x00,0x00,0x00,0x00,0x00,0x00,
    0x00,0x00,0x00,0x00,0x00,0x00,0x00,0x00,0x00,0x00,0x00,0x00,0x00,0x00,0x00,0x00,0x00,0x00,0x00,0x00,0x00,0x00,0x00,0x00,
    0x00,0x00,0x00,0x00,0x00,0x00,0x00,0x00,0x00,0x00,0x00,0x00,0x00,0x00,0x00,0x00,0x00,0x00,0x00,0x00,0x00,0x00,0x00,0x00,
    0x00,0x00,0x00,0x00,0x00,0x00,0x00,0x00,0x00,0x00,0x00,0x00,0x00,0x00,0x00,0x00,0x00,0x00,0x00,0x00,0x00,0x00,0x00,0x00,
    0x00,0x00,0x00,0x00,0x00,0x00,0x00,0x00,0x00,0x00,0x00,0x00,0x00,0x00,0xed,0x49,0x5b,0x0e,0xdd,0x48,0x61,0x71,0xdd,0x47,
    0x63,0xfb,0xe0,0x58,0x70,0xff,0xf1,0xb5,0xbd,0xff,0xfa,0xdf,0xe0,0xff,0xfc,0xed,0xed,0xff,0xfc,0xf3,0xf3,0xff,0xfd,0xf7,
    0xf7,0xff,0xfd,0xfa,0xfa,0xff,0xfe,0xfc,0xfc,0xff,0xfe,0xfd,0xfd,0xff,0xfe,0xfe,0xfe,0xff,0xfe,0xfe,0xfe,0xff,0xff,0xfe,
    0xfe,0xff,0xff,0xff,0xff,0xff,0xf9,0xdd,0xe3,0xff,0xe9,0x89,0x9d,0xff,0xdd,0x41,0x60,0xff,0xdd,0x44,0x62,0xff,0xdd,0x46,
    0x62,0xff,0xde,0x46,0x62,0xff,0xde,0x48,0x62,0xff,0xde,0x4a,0x62,0xff,0xde,0x4b,0x62,0xff,0xdf,0x4c,0x63,0xff,0xdf,0x4d,
    0x63,0xff,0xe0,0x4e,0x63,0xff,0xe0,0x4f,0x64,0xff,0xe1,0x4f,0x64,0xff,0xe1,0x51,0x64,0xff,0xe1,0x52,0x64,0xff,0xe1,0x53,
    0x65,0xff,0xe2,0x54,0x65,0xff,0xe2,0x56,0x66,0xff,0xe3,0x56,0x66,0xff,0xe3,0x58,0x67,0xff,0xe3,0x59,0x67,0xff,0xe4,0x5a,
    0x68,0xff,0xe4,0x5c,0x68,0xff,0xe4,0x5d,0x69,0xff,0xe4,0x5e,0x6a,0xff,0xe5,0x5f,0x6a,0xff,0xe6,0x60,0x6b,0xff,0xe6,0x62,
    0x6c,0xff,0xe6,0x63,0x6c,0xff,0xe6,0x65,0x6d,0xff,0xe6,0x66,0x6e,0xff,0xe7,0x67,0x6f,0xff,0xe7,0x69,0x70,0xff,0xe8,0x6a,
    0x72,0xff,0xe8,0x6b,0x72,0xff,0xe8,0x6d,0x73,0xff,0xe8,0x6e,0x74,0xff,0xe9,0x6f,0x75,0xff,0xe9,0x71,0x77,0xff,0xea,0x73,
    0x78,0xff,0xea,0x75,0x7a,0xff,0xeb,0x77,0x7c,0xff,0xeb,0x79,0x7e,0xff,0xec,0x7b,0x80,0xff,0xec,0x7d,0x81,0xff,0xec,0x7f,
    0x83,0xff,0xed,0x81,0x85,0xff,0xee,0x84,0x88,0xff,0xf0,0x88,0x8b,0xff,0xee,0x88,0x8c,0xf1,0xf0,0x8a,0x8e,0x99,0xf3,0x86,
    0x92,0x15,0x00,0x00,0x00,0x00,0x00,0x00,0x00,0x00,0x00,0x00,0x00,0x00,0x00,0x00,0x00,0x00,0x00,0x00,0x00,0x00,0x00,0x00,
    0x00,0x00,0x00,0x00,0x00,0x00,0x00,0x00,0x00,0x00,0x00,0x00,0x00,0x00,0x00,0x00,0x00,0x00,0x00,0x00,0x00,0x00,0x00,0x00,
    0x00,0x00,0x00,0x00,0x00,0x00,0x00,0x00,0x00,0x00,0x00,0x00,0x00,0x00,0x00,0x00,0x00,0x00,0x00,0x00,0x00,0x00,0x00,0x00,
    0x00,0x00,0x00,0x00,0x00,0x00,0x00,0x00,0x00,0x00,0x00,0x00,0x00,0x00,0x00,0x00,0x00,0x00,0x00,0x00,0x00,0x00,0x00,0x00,
    0x00,0x00,0x00,0x00,0x00,0x00,0x00,0x00,0x00,0x00,0x00,0x00,0x00,0x00,0x00,0x00,0x00,0x00,0xdf,0x4a,0x61,0x37,0xdd,0x46,
    0x62,0xc4,0xdf,0x4c,0x66,0xfe,0xea,0x89,0x99,0xff,0xf8,0xdd,0xdf,0xff,0xfd,0xf3,0xf3,0xff,0xfd,0xf5,0xf5,0xff,0xfd,0xf9,
    0xf9,0xff,0xfe,0xfc,0xfc,0xff,0xfe,0xfd,0xfd,0xff,0xfe,0xfe,0xfe,0xff,0xfe,0xfe,0xfe,0xff,0xfe,0xfe,0xfe,0xff,0xff,0xfe,
    0xfe,0xff,0xff,0xff,0xff,0xff,0xfe,0xfd,0xfd,0xff,0xf4,0xc2,0xcb,0xff,0xe0,0x55,0x70,0xff,0xdd,0x46,0x63,0xff,0xde,0x46,
    0x62,0xff,0xde,0x48,0x63,0xff,0xde,0x49,0x63,0xff,0xdf,0x4b,0x63,0xff,0xdf,0x4c,0x63,0xff,0xdf,0x4d,0x63,0xff,0xe0,0x4e,
    0x64,0xff,0xe0,0x4f,0x64,0xff,0xe0,0x50,0x64,0xff,0xe1,0x51,0x64,0xff,0xe1,0x52,0x64,0xff,0xe1,0x53,0x65,0xff,0xe2,0x54,
    0x66,0xff,0xe3,0x56,0x66,0xff,0xe3,0x57,0x67,0xff,0xe3,0x58,0x67,0xff,0xe3,0x59,0x68,0xff,0xe4,0x5b,0x68,0xff,0xe4,0x5c,
    0x69,0xff,0xe4,0x5d,0x69,0xff,0xe5,0x5f,0x6a,0xff,0xe5,0x60,0x6b,0xff,0xe6,0x61,0x6b,0xff,0xe6,0x62,0x6c,0xff,0xe6,0x64,
    0x6d,0xff,0xe6,0x65,0x6e,0xff,0xe6,0x66,0x6f,0xff,0xe7,0x68,0x70,0xff,0xe7,0x69,0x70,0xff,0xe8,0x6b,0x72,0xff,0xe8,0x6c,
    0x73,0xff,0xe8,0x6e,0x74,0xff,0xe8,0x6f,0x75,0xff,0xe9,0x70,0x76,0xff,0xe9,0x72,0x78,0xff,0xea,0x74,0x7a,0xff,0xea,0x76,
    0x7b,0xff,0xeb,0x78,0x7d,0xff,0xeb,0x7b,0x7f,0xff,0xec,0x7c,0x81,0xff,0xec,0x7f,0x83,0xff,0xed,0x81,0x85,0xff,0xed,0x83,
    0x87,0xff,0xee,0x85,0x89,0xff,0xef,0x88,0x8c,0xff,0xef,0x8a,0x8d,0xff,0xef,0x8c,0x8f,0xcf,0xf0,0x8e,0x93,0x34,0xbf,0x80,
    0x80,0x04,0x00,0x00,0x00,0x00,0x00,0x00,0x00,0x00,0x00,0x00,0x00,0x00,0x00,0x00,0x00,0x00,0x00,0x00,0x00,0x00,0x00,0x00,
    0x00,0x00,0x00,0x00,0x00,0x00,0x00,0x00,0x00,0x00,0x00,0x00,0x00,0x00,0x00,0x00,0x00,0x00,0x00,0x00,0x00,0x00,0x00,0x00,
    0x00,0x00,0x00,0x00,0x00,0x00,0x00,0x00,0x00,0x00,0x00,0x00,0x00,0x00,0x00,0x00,0x00,0x00,0x00,0x00,0x00,0x00,0x00,0x00,
    0x00,0x00,0x00,0x00,0x00,0x00,0x00,0x00,0x00,0x00,0x00,0x00,0x00,0x00,0x00,0x00,0x00,0x00,0x00,0x00,0x00,0x00,0x00,0x00,
    0x00,0x00,0x00,0x00,0x00,0x00,0x00,0x00,0x00,0x00,0x00,0x00,0x00,0x00,0x00,0x00,0x00,0x00,0xd2,0x4b,0x5a,0x11,0xde,0x46,
    0x61,0x66,0xde,0x49,0x64,0xf2,0xe2,0x5c,0x74,0xfe,0xf2,0xbc,0xc4,0xff,0xfb,0xed,0xee,0xff,0xfd,0xf8,0xf8,0xff,0xfd,0xfa,
    0xfa,0xff,0xfe,0xfc,0xfc,0xff,0xfe,0xfd,0xfd,0xff,0xfe,0xfe,0xfe,0xff,0xfe,0xfe,0xfe,0xff,0xff,0xfe,0xfe,0xff,0xff,0xff,
    0xff,0xff,0xff,0xff,0xff,0xff,0xff,0xff,0xff,0xff,0xfb,0xe8,0xeb,0xff,0xec,0x94,0xa4,0xff,0xdd,0x47,0x62,0xff,0xde,0x47,
    0x63,0xff,0xde,0x49,0x63,0xff,0xdf,0x4a,0x63,0xff,0xdf,0x4c,0x63,0xff,0xe0,0x4d,0x63,0xff,0xe0,0x4e,0x64,0xff,0xe0,0x4f,
    0x64,0xff,0xe1,0x50,0x64,0xff,0xe1,0x51,0x64,0xff,0xe1,0x53,0x65,0xff,0xe1,0x53,0x65,0xff,0xe2,0x55,0x66,0xff,0xe3,0x56,
    0x66,0xff,0xe3,0x57,0x67,0xff,0xe3,0x59,0x68,0xff,0xe3,0x5a,0x68,0xff,0xe4,0x5b,0x68,0xff,0xe4,0x5c,0x69,0xff,0xe4,0x5d,
    0x6a,0xff,0xe5,0x5f,0x6b,0xff,0xe5,0x60,0x6b,0xff,0xe6,0x61,0x6c,0xff,0xe6,0x63,0x6d,0xff,0xe6,0x64,0x6e,0xff,0xe6,0x66,
    0x6f,0xff,0xe7,0x67,0x70,0xff,0xe7,0x68,0x71,0xff,0xe8,0x6a,0x71,0xff,0xe8,0x6b,0x72,0xff,0xe8,0x6d,0x73,0xff,0xe8,0x6f,
    0x75,0xff,0xe9,0x70,0x76,0xff,0xe9,0x72,0x77,0xff,0xea,0x73,0x79,0xff,0xea,0x76,0x7b,0xff,0xeb,0x78,0x7d,0xff,0xeb,0x7a,
    0x7f,0xff,0xec,0x7c,0x80,0xff,0xec,0x7e,0x82,0xff,0xec,0x80,0x84,0xff,0xed,0x82,0x86,0xff,0xee,0x85,0x89,0xff,0xee,0x87,
    0x8b,0xff,0xef,0x89,0x8d,0xff,0xf3,0x8e,0x91,0xff,0xf1,0x8e,0x91,0xea,0xf2,0x90,0x92,0x88,0xff,0x00,0x00,0x01,0x00,0x00,
    0x00,0x00,0x00,0x00,0x00,0x00,0x00,0x00,0x00,0x00,0x00,0x00,0x00,0x00,0x00,0x00,0x00,0x00,0x00,0x00,0x00,0x00,0x00,0x00,
    0x00,0x00,0x00,0x00,0x00,0x00,0x00,0x00,0x00,0x00,0x00,0x00,0x00,0x00,0x00,0x00,0x00,0x00,0x00,0x00,0x00,0x00,0x00,0x00,
    0x00,0x00,0x00,0x00,0x00,0x00,0x00,0x00,0x00,0x00,0x00,0x00,0x00,0x00,0x00,0x00,0x00,0x00,0x00,0x00,0x00,0x00,0x00,0x00,
    0x00,0x00,0x00,0x00,0x00,0x00,0x00,0x00,0x00,0x00,0x00,0x00,0x00,0x00,0x00,0x00,0x00,0x00,0x00,0x00,0x00,0x00,0x00,0x00,
    0x00,0x00,0x00,0x00,0x00,0x00,0x00,0x00,0x00,0x00,0x00,0x00,0x00,0x00,0x00,0x00,0x00,0x00,0x00,0x00,0x00,0x00,0xe4,0x49,
    0x64,0x1c,0xde,0x46,0x61,0xb2,0xde,0x48,0x62,0xf9,0xe8,0x7e,0x90,0xff,0xf7,0xd7,0xdc,0xff,0xfe,0xfc,0xfc,0xff,0xfe,0xfb,
    0xfb,0xff,0xfe,0xfd,0xfd,0xff,0xfe,0xfd,0xfd,0xff,0xfe,0xfe,0xfe,0xff,0xfe,0xfe,0xfe,0xff,0xff,0xfe,0xfe,0xff,0xff,0xff,
    0xff,0xff,0xff,0xff,0xff,0xff,0xff,0xff,0xff,0xff,0xff,0xfe,0xfe,0xff,0xf8,0xd7,0xdd,0xff,0xe2,0x60,0x77,0xff,0xdf,0x4b,
    0x64,0xff,0xdf,0x4a,0x63,0xff,0xdf,0x4c,0x63,0xff,0xe0,0x4d,0x63,0xff,0xe0,0x4e,0x64,0xff,0xe0,0x4f,0x64,0xff,0xe0,0x51,
    0x64,0xff,0xe1,0x52,0x65,0xff,0xe1,0x53,0x65,0xff,0xe2,0x54,0x66,0xff,0xe2,0x55,0x66,0xff,0xe3,0x56,0x67,0xff,0xe3,0x57,
    0x67,0xff,0xe3,0x59,0x68,0xff,0xe3,0x5a,0x68,0xff,0xe4,0x5b,0x69,0xff,0xe4,0x5d,0x6a,0xff,0xe4,0x5e,0x6a,0xff,0xe5,0x5f,
    0x6b,0xff,0xe5,0x60,0x6c,0xff,0xe6,0x62,0x6d,0xff,0xe6,0x63,0x6e,0xff,0xe6,0x65,0x6f,0xff,0xe7,0x66,0x70,0xff,0xe7,0x68,
    0x71,0xff,0xe8,0x6a,0x71,0xff,0xe8,0x6b,0x72,0xff,0xe8,0x6c,0x73,0xff,0xe8,0x6e,0x74,0xff,0xe9,0x70,0x75,0xff,0xe9,0x71,
    0x77,0xff,0xea,0x73,0x78,0xff,0xea,0x75,0x7a,0xff,0xeb,0x77,0x7c,0xff,0xeb,0x79,0x7e,0xff,0xec,0x7b,0x80,0xff,0xec,0x7d,
    0x82,0xff,0xed,0x7f,0x84,0xff,0xed,0x82,0x86,0xff,0xee,0x84,0x88,0xff,0xee,0x86,0x8a,0xff,0xef,0x89,0x8d,0xff,0xef,0x8b,
    0x8f,0xff,0xf0,0x8d,0x91,0xff,0xf0,0x90,0x93,0xfe,0xf1,0x91,0x95,0xbb,0xf5,0x92,0x97,0x31,0xff,0x80,0x80,0x02,0x00,0x00,
    0x00,0x00,0x00,0x00,0x00,0x00,0x00,0x00,0x00,0x00,0x00,0x00,0x00,0x00,0x00,0x00,0x00,0x00,0x00,0x00,0x00,0x00,0x00,0x00,
    0x00,0x00,0x00,0x00,0x00,0x00,0x00,0x00,0x00,0x00,0x00,0x00,0x00,0x00,0x00,0x00,0x00,0x00,0x00,0x00,0x00,0x00,0x00,0x00,
    0x00,0x00,0x00,0x00,0x00,0x00,0x00,0x00,0x00,0x00,0x00,0x00,0x00,0x00,0x00,0x00,0x00,0x00,0x00,0x00,0x00,0x00,0x00,0x00,
    0x00,0x00,0x00,0x00,0x00,0x00,0x00,0x00,0x00,0x00,0x00,0x00,0x00,0x00,0x00,0x00,0x00,0x00,0x00,0x00,0x00,0x00,0x00,0x00,
    0x00,0x00,0x00,0x00,0x00,0x00,0x00,0x00,0x00,0x00,0x00,0x00,0x00,0x00,0x00,0x00,0x00,0x00,0x00,0x00,0x00,0x00,0xdf,0x40,
    0x60,0x08,0xdd,0x48,0x63,0x43,0xde,0x48,0x62,0xe3,0xdf,0x4c,0x66,0xff,0xf1,0xb2,0xbd,0xff,0xfc,0xf4,0xf5,0xff,0xfe,0xfe,
    0xfe,0xff,0xfe,0xfd,0xfd,0xff,0xfe,0xfe,0xfe,0xff,0xff,0xfe,0xfe,0xff,0xff,0xfe,0xfe,0xff,0xff,0xff,0xff,0xff,0xff,0xff,
    0xff,0xff,0xff,0xff,0xff,0xff,0xff,0xff,0xff,0xff,0xff,0xff,0xff,0xff,0xfc,0xf0,0xf2,0xff,0xef,0xa4,0xb1,0xff,0xe1,0x54,
    0x6b,0xff,0xdf,0x4b,0x63,0xff,0xe0,0x4e,0x64,0xff,0xe0,0x4f,0x64,0xff,0xe0,0x50,0x64,0xff,0xe0,0x51,0x65,0xff,0xe1,0x52,
    0x65,0xff,0xe2,0x53,0x66,0xff,0xe2,0x54,0x66,0xff,0xe2,0x56,0x67,0xff,0xe3,0x57,0x67,0xff,0xe3,0x58,0x68,0xff,0xe3,0x59,
    0x69,0xff,0xe3,0x5b,0x69,0xff,0xe4,0x5c,0x69,0xff,0xe5,0x5d,0x6a,0xff,0xe5,0x5e,0x6b,0xff,0xe5,0x60,0x6c,0xff,0xe5,0x62,
    0x6d,0xff,0xe6,0x63,0x6e,0xff,0xe6,0x64,0x6f,0xff,0xe7,0x66,0x6f,0xff,0xe7,0x67,0x70,0xff,0xe7,0x69,0x71,0xff,0xe8,0x6a,
    0x72,0xff,0xe8,0x6c,0x73,0xff,0xe9,0x6d,0x74,0xff,0xe9,0x6f,0x75,0xff,0xe9,0x70,0x77,0xff,0xe9,0x72,0x78,0xff,0xea,0x74,
    0x7a,0xff,0xeb,0x76,0x7c,0xff,0xeb,0x79,0x7e,0xff,0xec,0x7a,0x7f,0xff,0xec,0x7d,0x81,0xff,0xed,0x7f,0x83,0xff,0xed,0x81,
    0x86,0xff,0xed,0x83,0x87,0xff,0xee,0x85,0x89,0xff,0xef,0x88,0x8c,0xff,0xef,0x8a,0x8e,0xff,0xf0,0x8c,0x90,0xff,0xf0,0x8f,
    0x92,0xff,0xf4,0x94,0x97,0xff,0xf1,0x93,0x97,0xdc,0xf3,0x96,0x98,0x6d,0x00,0x00,0x00,0x00,0x00,0x00,0x00,0x00,0x00,0x00,
    0x00,0x00,0x00,0x00,0x00,0x00,0x00,0x00,0x00,0x00,0x00,0x00,0x00,0x00,0x00,0x00,0x00,0x00,0x00,0x00,0x00,0x00,0x00,0x00,
    0x00,0x00,0x00,0x00,0x00,0x00,0x00,0x00,0x00,0x00,0x00,0x00,0x00,0x00,0x00,0x00,0x00,0x00,0x00,0x00,0x00,0x00,0x00,0x00,
    0x00,0x00,0x00,0x00,0x00,0x00,0x00,0x00,0x00,0x00,0x00,0x00,0x00,0x00,0x00,0x00,0x00,0x00,0x00,0x00,0x00,0x00,0x00,0x00,
    0x00,0x00,0x00,0x00,0x00,0x00,0x00,0x00,0x00,0x00,0x00,0x00,0x00,0x00,0x00,0x00,0x00,0x00,0x00,0x00,0x00,0x00,0x00,0x00,
    0x00,0x00,0x00,0x00,0x00,0x00,0x00,0x00,0x00,0x00,0x00,0x00,0x00,0x00,0x00,0x00,0x00,0x00,0x00,0x00,0x00,0x00,0x00,0x00,
    0x00,0x00,0xd5,0x47,0x63,0x12,0xe0,0x48,0x62,0xa4,0xde,0x47,0x62,0xf2,0xe8,0x78,0x8b,0xff,0xf6,0xcf,0xd6,0xff,0xfe,0xff,
    0xff,0xff,0xfe,0xfd,0xfd,0xff,0xfe,0xfe,0xfe,0xff,0xff,0xfe,0xfe,0xff,0xff,0xfe,0xfe,0xff,0xff,0xff,0xff,0xff,0xff,0xff,
    0xff,0xff,0xff,0xff,0xff,0xff,0xff,0xff,0xff,0xff,0xff,0xff,0xff,0xff,0xff,0xfe,0xfe,0xff,0xfa,0xe5,0xe8,0xff,0xe5,0x6c,
    0x7f,0xff,0xdf,0x4f,0x66,0xff,0xe0,0x4e,0x64,0xff,0xe0,0x50,0x65,0xff,0xe0,0x51,0x65,0xff,0xe1,0x52,0x65,0xff,0xe2,0x53,
    0x66,0xff,0xe2,0x54,0x66,0xff,0xe2,0x56,0x67,0xff,0xe2,0x57,0x68,0xff,0xe3,0x58,0x68,0xff,0xe4,0x5a,0x69,0xff,0xe4,0x5b,
    0x6a,0xff,0xe4,0x5c,0x6a,0xff,0xe4,0x5e,0x6a,0xff,0xe5,0x5f,0x6b,0xff,0xe5,0x60,0x6c,0xff,0xe5,0x62,0x6d,0xff,0xe6,0x64,
    0x6e,0xff,0xe7,0x65,0x6f,0xff,0xe7,0x66,0x70,0xff,0xe7,0x68,0x70,0xff,0xe7,0x6a,0x72,0xff,0xe8,0x6b,0x73,0xff,0xe8,0x6c,
    0x74,0xff,0xe9,0x6e,0x75,0xff,0xe9,0x70,0x76,0xff,0xe9,0x71,0x77,0xff,0xe9,0x73,0x79,0xff,0xea,0x75,0x7b,0xff,0xea,0x78,
    0x7d,0xff,0xeb,0x7a,0x7e,0xff,0xec,0x7c,0x81,0xff,0xec,0x7e,0x83,0xff,0xed,0x80,0x85,0xff,0xee,0x83,0x87,0xff,0xee,0x85,
    0x89,0xff,0xee,0x87,0x8b,0xff,0xef,0x8a,0x8e,0xff,0xef,0x8c,0x8f,0xff,0xf0,0x8e,0x92,0xff,0xf1,0x91,0x94,0xff,0xf1,0x93,
    0x96,0xff,0xf4,0x97,0x9a,0xff,0xf2,0x96,0x99,0x9b,0xf0,0x96,0x96,0x11,0x00,0x00,0x00,0x00,0x00,0x00,0x00,0x00,0x00,0x00,
    0x00,0x00,0x00,0x00,0x00,0x00,0x00,0x00,0x00,0x00,0x00,0x00,0x00,0x00,0x00,0x00,0x00,0x00,0x00,0x00,0x00,0x00,0x00,0x00,
    0x00,0x00,0x00,0x00,0x00,0x00,0x00,0x00,0x00,0x00,0x00,0x00,0x00,0x00,0x00,0x00,0x00,0x00,0x00,0x00,0x00,0x00,0x00,0x00,
    0x00,0x00,0x00,0x00,0x00,0x00,0x00,0x00,0x00,0x00,0x00,0x00,0x00,0x00,0x00,0x00,0x00,0x00,0x00,0x00,0x00,0x00,0x00,0x00,
    0x00,0x00,0x00,0x00,0x00,0x00,0x00,0x00,0x00,0x00,0x00,0x00,0x00,0x00,0x00,0x00,0x00,0x00,0x00,0x00,0x00,0x00,0x00,0x00,
    0x00,0x00,0x00,0x00,0x00,0x00,0x00,0x00,0x00,0x00,0x00,0x00,0x00,0x00,0x00,0x00,0x00,0x00,0x00,0x00,0x00,0x00,0x00,0x00,
    0x00,0x00,0xbf,0x40,0x80,0x04,0xde,0x47,0x67,0x2f,0xde,0x49,0x62,0xd6,0xe1,0x49,0x63,0xff,0xee,0xa3,0xb1,0xff,0xfd,0xf5,
    0xf7,0xff,0xfe,0xff,0xff,0xff,0xfe,0xfe,0xfe,0xff,0xff,0xfe,0xfe,0xff,0xff,0xff,0xff,0xff,0xff,0xff,0xff,0xff,0xff,0xff,
    0xff,0xff,0xff,0xff,0xff,0xff,0xff,0xff,0xff,0xff,0xff,0xff,0xff,0xff,0xff,0xff,0xff,0xff,0xfd,0xf7,0xf8,0xff,0xf1,0xb0,
    0xba,0xff,0xe3,0x60,0x74,0xff,0xe0,0x4e,0x63,0xff,0xe1,0x51,0x65,0xff,0xe1,0x53,0x66,0xff,0xe2,0x54,0x66,0xff,0xe2,0x55,
    0x67,0xff,0xe2,0x56,0x68,0xff,0xe3,0x58,0x68,0xff,0xe4,0x59,0x69,0xff,0xe4,0x5a,0x69,0xff,0xe4,0x5b,0x69,0xff,0xe4,0x5d,
    0x6a,0xff,0xe4,0x5e,0x6b,0xff,0xe5,0x60,0x6c,0xff,0xe5,0x61,0x6d,0xff,0xe6,0x63,0x6e,0xff,0xe6,0x64,0x6f,0xff,0xe7,0x66,
    0x70,0xff,0xe7,0x67,0x70,0xff,0xe7,0x69,0x71,0xff,0xe8,0x6a,0x72,0xff,0xe8,0x6c,0x74,0xff,0xe9,0x6e,0x75,0xff,0xe9,0x6f,
    0x76,0xff,0xe9,0x71,0x77,0xff,0xea,0x73,0x79,0xff,0xea,0x75,0x7b,0xff,0xea,0x77,0x7d,0xff,0xeb,0x79,0x7e,0xff,0xec,0x7b,
    0x80,0xff,0xec,0x7e,0x82,0xff,0xed,0x80,0x84,0xff,0xed,0x82,0x86,0xff,0xee,0x85,0x89,0xff,0xee,0x87,0x8b,0xff,0xef,0x89,
    0x8d,0xff,0xef,0x8c,0x8f,0xff,0xf0,0x8e,0x91,0xff,0xf1,0x90,0x93,0xff,0xf1,0x92,0x96,0xff,0xf2,0x95,0x98,0xff,0xf5,0x98,
    0x9b,0xff,0xf3,0x9a,0x9c,0xd1,0xf4,0x9a,0x9d,0x5b,0x00,0x00,0x00,0x00,0x00,0x00,0x00,0x00,0x00,0x00,0x00,0x00,0x00,0x00,
    0x00,0x00,0x00,0x00,0x00,0x00,0x00,0x00,0x00,0x00,0x00,0x00,0x00,0x00,0x00,0x00,0x00,0x00,0x00,0x00,0x00,0x00,0x00,0x00,
    0x00,0x00,0x00,0x00,0x00,0x00,0x00,0x00,0x00,0x00,0x00,0x00,0x00,0x00,0x00,0x00,0x00,0x00,0x00,0x00,0x00,0x00,0x00,0x00,
    0x00,0x00,0x00,0x00,0x00,0x00,0x00,0x00,0x00,0x00,0x00,0x00,0x00,0x00,0x00,0x00,0x00,0x00,0x00,0x00,0x00,0x00,0x00,0x00,
    0x00,0x00,0x00,0x00,0x00,0x00,0x00,0x00,0x00,0x00,0x00,0x00,0x00,0x00,0x00,0x00,0x00,0x00,0x00,0x00,0x00,0x00,0x00,0x00,
    0x00,0x00,0x00,0x00,0x00,0x00,0x00,0x00,0x00,0x00,0x00,0x00,0x00,0x00,0x00,0x00,0x00,0x00,0x00,0x00,0x00,0x00,0x00,0x00,
    0x00,0x00,0x00,0x00,0x00,0x00,0xdf,0x40,0x60,0x08,0xe1,0x4a,0x63,0x86,0xde,0x47,0x60,0xe7,0xe6,0x6b,0x80,0xff,0xf3,0xbf,
    0xc8,0xff,0xff,0xff,0xff,0xff,0xfe,0xfe,0xfe,0xff,0xff,0xff,0xff,0xff,0xff,0xff,0xff,0xff,0xff,0xff,0xff,0xff,0xff,0xff,
    0xff,0xff,0xff,0xff,0xff,0xff,0xff,0xff,0xff,0xff,0xff,0xff,0xff,0xff,0xff,0xff,0xff,0xff,0xff,0xfe,0xfe,0xff,0xfc,0xef,
    0xf1,0xff,0xe8,0x7d,0x8d,0xff,0xe1,0x54,0x68,0xff,0xe1,0x52,0x66,0xff,0xe1,0x54,0x67,0xff,0xe2,0x55,0x67,0xff,0xe2,0x57,
    0x68,0xff,0xe3,0x58,0x69,0xff,0xe3,0x59,0x69,0xff,0xe4,0x5a,0x6a,0xff,0xe4,0x5c,0x6a,0xff,0xe4,0x5d,0x6b,0xff,0xe4,0x5e,
    0x6c,0xff,0xe5,0x60,0x6d,0xff,0xe6,0x62,0x6e,0xff,0xe6,0x63,0x6f,0xff,0xe6,0x64,0x70,0xff,0xe6,0x66,0x70,0xff,0xe7,0x68,
    0x71,0xff,0xe7,0x6a,0x72,0xff,0xe8,0x6b,0x73,0xff,0xe8,0x6c,0x74,0xff,0xe8,0x6e,0x76,0xff,0xe9,0x70,0x77,0xff,0xea,0x72,
    0x78,0xff,0xea,0x74,0x7a,0xff,0xea,0x76,0x7c,0xff,0xeb,0x78,0x7e,0xff,0xeb,0x7b,0x80,0xff,0xec,0x7d,0x82,0xff,0xed,0x7f,
    0x84,0xff,0xed,0x81,0x85,0xff,0xee,0x84,0x88,0xff,0xee,0x86,0x8a,0xff,0xee,0x88,0x8c,0xff,0xef,0x8b,0x8e,0xff,0xf0,0x8d,
    0x90,0xff,0xf0,0x8f,0x93,0xff,0xf1,0x92,0x95,0xff,0xf2,0x94,0x97,0xff,0xf2,0x97,0x99,0xff,0xf3,0x9a,0x9c,0xff,0xf3,0x9c,
    0x9e,0xf3,0xf3,0x9c,0x9e,0x84,0xf5,0x99,0x99,0x19,0x00,0x00,0x00,0x00,0x00,0x00,0x00,0x00,0x00,0x00,0x00,0x00,0x00,0x00,
    0x00,0x00,0x00,0x00,0x00,0x00,0x00,0x00,0x00,0x00,0x00,0x00,0x00,0x00,0x00,0x00,0x00,0x00,0x00,0x00,0x00,0x00,0x00,0x00,
    0x00,0x00,0x00,0x00,0x00,0x00,0x00,0x00,0x00,0x00,0x00,0x00,0x00,0x00,0x00,0x00,0x00,0x00,0x00,0x00,0x00,0x00,0x00,0x00,
    0x00,0x00,0x00,0x00,0x00,0x00,0x00,0x00,0x00,0x00,0x00,0x00,0x00,0x00,0x00,0x00,0x00,0x00,0x00,0x00,0x00,0x00,0x00,0x00,
    0x00,0x00,0x00,0x00,0x00,0x00,0x00,0x00,0x00,0x00,0x00,0x00,0x00,0x00,0x00,0x00,0x00,0x00,0x00,0x00,0x00,0x00,0x00,0x00,
    0x00,0x00,0x00,0x00,0x00,0x00,0x00,0x00,0x00,0x00,0x00,0x00,0x00,0x00,0x00,0x00,0x00,0x00,0x00,0x00,0x00,0x00,0x00,0x00,
    0x00,0x00,0x00,0x00,0x00,0x00,0xff,0x00,0x00,0x01,0xe6,0x4d,0x60,0x28,0xdf,0x4a,0x62,0xbe,0xe1,0x4c,0x65,0xff,0xec,0x92,
    0xa1,0xff,0xfc,0xef,0xf1,0xff,0xff,0xfe,0xfe,0xff,0xff,0xff,0xff,0xff,0xff,0xff,0xff,0xff,0xff,0xff,0xff,0xff,0xff,0xff,
    0xff,0xff,0xff,0xff,0xff,0xff,0xff,0xff,0xff,0xff,0xff,0xff,0xff,0xff,0xff,0xff,0xff,0xff,0xff,0xfe,0xfe,0xff,0xfc,0xf1,
    0xf3,0xff,0xe7,0x76,0x86,0xff,0xe1,0x52,0x66,0xff,0xe2,0x55,0x67,0xff,0xe2,0x56,0x68,0xff,0xe3,0x57,0x68,0xff,0xe3,0x59,
    0x69,0xff,0xe3,0x59,0x6a,0xff,0xe4,0x5b,0x6a,0xff,0xe4,0x5d,0x6b,0xff,0xe5,0x5e,0x6c,0xff,0xe5,0x5f,0x6c,0xff,0xe5,0x61,
    0x6d,0xff,0xe6,0x63,0x6e,0xff,0xe6,0x64,0x70,0xff,0xe7,0x65,0x71,0xff,0xe8,0x68,0x72,0xff,0xe9,0x6a,0x73,0xff,0xe9,0x6b,
    0x74,0xff,0xea,0x6d,0x75,0xff,0xea,0x6f,0x76,0xff,0xeb,0x70,0x78,0xff,0xeb,0x72,0x79,0xff,0xec,0x75,0x7b,0xff,0xec,0x77,
    0x7d,0xff,0xec,0x78,0x7e,0xff,0xed,0x7b,0x80,0xff,0xee,0x7d,0x82,0xff,0xee,0x7f,0x84,0xff,0xef,0x81,0x86,0xff,0xef,0x84,
    0x88,0xff,0xf0,0x87,0x8b,0xff,0xf0,0x89,0x8d,0xff,0xf1,0x8b,0x8f,0xff,0xf1,0x8e,0x91,0xff,0xf2,0x90,0x93,0xff,0xf3,0x92,
    0x96,0xff,0xf3,0x94,0x98,0xff,0xf4,0x97,0x9a,0xff,0xf5,0x9a,0x9c,0xff,0xf6,0x9d,0x9f,0xff,0xfa,0xa2,0xa4,0xff,0xf4,0x9f,
    0xa2,0xb2,0xf6,0xa0,0xa4,0x3b,0x00,0x00,0x00,0x00,0x00,0x00,0x00,0x00,0x00,0x00,0x00,0x00,0x00,0x00,0x00,0x00,0x00,0x00,
    0x00,0x00,0x00,0x00,0x00,0x00,0x00,0x00,0x00,0x00,0x00,0x00,0x00,0x00,0x00,0x00,0x00,0x00,0x00,0x00,0x00,0x00,0x00,0x00,
    0x00,0x00,0x00,0x00,0x00,0x00,0x00,0x00,0x00,0x00,0x00,0x00,0x00,0x00,0x00,0x00,0x00,0x00,0x00,0x00,0x00,0x00,0x00,0x00,
    0x00,0x00,0x00,0x00,0x00,0x00,0x00,0x00,0x00,0x00,0x00,0x00,0x00,0x00,0x00,0x00,0x00,0x00,0x00,0x00,0x00,0x00,0x00,0x00,
    0x00,0x00,0x00,0x00,0x00,0x00,0x00,0x00,0x00,0x00,0x00,0x00,0x00,0x00,0x00,0x00,0x00,0x00,0x00,0x00,0x00,0x00,0x00,0x00,
    0x00,0x00,0x00,0x00,0x00,0x00,0x00,0x00,0x00,0x00,0x00,0x00,0x00,0x00,0x00,0x00,0x00,0x00,0x00,0x00,0x00,0x00,0x00,0x00,
    0x00,0x00,0x00,0x00,0x00,0x00,0x00,0x00,0x00,0x00,0x00,0x00,0x00,0x00,0xe0,0x4c,0x62,0x75,0xde,0x46,0x5f,0xe1,0xe7,0x66,
    0x7b,0xff,0xf2,0xb6,0xbf,0xff,0xff,0xff,0xff,0xff,0xff,0xff,0xff,0xff,0xff,0xff,0xff,0xff,0xff,0xff,0xff,0xff,0xff,0xff,
    0xff,0xff,0xff,0xff,0xff,0xff,0xff,0xff,0xff,0xff,0xff,0xff,0xff,0xff,0xff,0xff,0xff,0xff,0xfe,0xfa,0xfb,0xff,0xf2,0xb8,
    0xc0,0xff,0xe4,0x65,0x76,0xff,0xe1,0x53,0x66,0xff,0xe2,0x56,0x68,0xff,0xe3,0x58,0x69,0xff,0xe3,0x59,0x6a,0xff,0xe3,0x5a,
    0x6a,0xff,0xe4,0x5b,0x6b,0xff,0xe4,0x5d,0x6b,0xff,0xe5,0x5f,0x6c,0xff,0xe5,0x60,0x6d,0xff,0xe5,0x61,0x6e,0xff,0xe6,0x63,
    0x6f,0xff,0xe6,0x65,0x70,0xff,0xe6,0x66,0x70,0xff,0xe7,0x67,0x72,0xf9,0xe8,0x69,0x73,0xe4,0xe8,0x6b,0x75,0xe1,0xe9,0x6d,
    0x76,0xe1,0xe9,0x6f,0x76,0xe1,0xe9,0x71,0x78,0xe1,0xeb,0x74,0x7a,0xe1,0xeb,0x75,0x7c,0xe1,0xec,0x77,0x7e,0xe1,0xec,0x79,
    0x7f,0xe1,0xec,0x7c,0x81,0xe1,0xed,0x7e,0x83,0xe1,0xee,0x80,0x85,0xe1,0xee,0x82,0x87,0xe1,0xef,0x85,0x89,0xe1,0xef,0x87,
    0x8b,0xe1,0xf0,0x89,0x8e,0xe1,0xf0,0x8b,0x90,0xe1,0xf1,0x8e,0x92,0xe1,0xf1,0x91,0x94,0xe1,0xf3,0x93,0x97,0xe1,0xf3,0x96,
    0x99,0xe1,0xf4,0x98,0x9b,0xe1,0xf3,0x9b,0x9d,0xe2,0xf4,0x9c,0x9f,0xe1,0xf6,0xa0,0xa2,0xd7,0xf5,0xa2,0xa3,0xb2,0xf5,0xa2,
    0xa6,0x4d,0xea,0x95,0xaa,0x0c,0x00,0x00,0x00,0x00,0x00,0x00,0x00,0x00,0x00,0x00,0x00,0x00,0x00,0x00,0x00,0x00,0x00,0x00,
    0x00,0x00,0x00,0x00,0x00,0x00,0x00,0x00,0x00,0x00,0x00,0x00,0x00,0x00,0x00,0x00,0x00,0x00,0x00,0x00,0x00,0x00,0x00,0x00,
    0x00,0x00,0x00,0x00,0x00,0x00,0x00,0x00,0x00,0x00,0x00,0x00,0x00,0x00,0x00,0x00,0x00,0x00,0x00,0x00,0x00,0x00,0x00,0x00,
    0x00,0x00,0x00,0x00,0x00,0x00,0x00,0x00,0x00,0x00,0x00,0x00,0x00,0x00,0x00,0x00,0x00,0x00,0x00,0x00,0x00,0x00,0x00,0x00,
    0x00,0x00,0x00,0x00,0x00,0x00,0x00,0x00,0x00,0x00,0x00,0x00,0x00,0x00,0x00,0x00,0x00,0x00,0x00,0x00,0x00,0x00,0x00,0x00,
    0x00,0x00,0x00,0x00,0x00,0x00,0x00,0x00,0x00,0x00,0x00,0x00,0x00,0x00,0x00,0x00,0x00,0x00,0x00,0x00,0x00,0x00,0x00,0x00,
    0x00,0x00,0x00,0x00,0x00,0x00,0x00,0x00,0x00,0x00,0x00,0x00,0x00,0x00,0xe2,0x49,0x66,0x23,0xe0,0x4c,0x63,0xa2,0xe0,0x4c,
    0x63,0xfc,0xe8,0x7d,0x8e,0xff,0xfa,0xe3,0xe7,0xff,0xff,0xfe,0xfe,0xff,0xff,0xff,0xff,0xff,0xff,0xff,0xff,0xff,0xff,0xff,
    0xff,0xff,0xff,0xff,0xff,0xff,0xff,0xff,0xff,0xff,0xff,0xff,0xff,0xff,0xfe,0xfb,0xfc,0xff,0xf9,0xdc,0xe0,0xff,0xe8,0x79,
    0x88,0xff,0xe2,0x59,0x6c,0xff,0xe2,0x56,0x68,0xff,0xe3,0x58,0x69,0xff,0xe3,0x59,0x6a,0xff,0xe3,0x5a,0x6b,0xff,0xe4,0x5c,
    0x6b,0xff,0xe4,0x5d,0x6c,0xff,0xe5,0x5f,0x6d,0xff,0xe5,0x61,0x6e,0xff,0xe5,0x62,0x6f,0xff,0xe6,0x64,0x6f,0xff,0xe6,0x65,
    0x70,0xff,0xe8,0x68,0x72,0xff,0xe8,0x68,0x72,0xf2,0xe8,0x69,0x73,0xaf,0xe8,0x6a,0x73,0x71,0xe9,0x6d,0x77,0x69,0xe9,0x6f,
    0x76,0x6a,0xe9,0x6f,0x78,0x6a,0xe9,0x71,0x7b,0x6a,0xe9,0x76,0x7b,0x6a,0xec,0x76,0x7d,0x6a,0xec,0x78,0x80,0x6a,0xec,0x7b,
    0x80,0x6a,0xec,0x7d,0x82,0x6a,0xee,0x80,0x84,0x6a,0xee,0x82,0x87,0x6a,0xee,0x84,0x89,0x6a,0xee,0x87,0x8c,0x6a,0xf1,0x89,
    0x8e,0x6a,0xf1,0x8c,0x90,0x6a,0xf1,0x8e,0x93,0x6a,0xf1,0x90,0x95,0x6a,0xf3,0x93,0x98,0x6a,0xf3,0x95,0x9a,0x6a,0xf3,0x98,
    0x9a,0x6a,0xf3,0x9a,0x9c,0x6a,0xf5,0x9c,0x9f,0x6a,0xf5,0xa0,0xa3,0x69,0xf7,0xa2,0xa5,0x60,0xf6,0xa3,0xa7,0x3a,0xff,0xa2,
    0xa2,0x0b,0x00,0x00,0x00,0x00,0x00,0x00,0x00,0x00,0x00,0x00,0x00,0x00,0x00,0x00,0x00,0x00,0x00,0x00,0x00,0x00,0x00,0x00,
    0x00,0x00,0x00,0x00,0x00,0x00,0x00,0x00,0x00,0x00,0x00,0x00,0x00,0x00,0x00,0x00,0x00,0x00,0x00,0x00,0x00,0x00,0x00,0x00,
    0x00,0x00,0x00,0x00,0x00,0x00,0x00,0x00,0x00,0x00,0x00,0x00,0x00,0x00,0x00,0x00,0x00,0x00,0x00,0x00,0x00,0x00,0x00,0x00,
    0x00,0x00,0x00,0x00,0x00,0x00,0x00,0x00,0x00,0x00,0x00,0x00,0x00,0x00,0x00,0x00,0x00,0x00,0x00,0x00,0x00,0x00,0x00,0x00,
    0x00,0x00,0x00,0x00,0x00,0x00,0x00,0x00,0x00,0x00,0x00,0x00,0x00,0x00,0x00,0x00,0x00,0x00,0x00,0x00,0x00,0x00,0x00,0x00,
    0x00,0x00,0x00,0x00,0x00,0x00,0x00,0x00,0x00,0x00,0x00,0x00,0x00,0x00,0x00,0x00,0x00,0x00,0x00,0x00,0x00,0x00,0x00,0x00,
    0x00,0x00,0x00,0x00,0x00,0x00,0x00,0x00,0x00,0x00,0x00,0x00,0x00,0x00,0x00,0x00,0x00,0x00,0xdf,0x4e,0x63,0x58,0xdf,0x4a,
    0x61,0xd2,0xe6,0x5e,0x73,0xff,0xee,0xa1,0xad,0xff,0xfe,0xfa,0xfb,0xff,0xff,0xff,0xff,0xff,0xff,0xff,0xff,0xff,0xff,0xff,
    0xff,0xff,0xff,0xff,0xff,0xff,0xff,0xff,0xff,0xff,0xff,0xff,0xff,0xff,0xfc,0xf0,0xf2,0xff,0xef,0x9f,0xaa,0xff,0xe3,0x5b,
    0x6d,0xff,0xe2,0x56,0x68,0xff,0xe3,0x59,0x6a,0xff,0xe3,0x5a,0x6a,0xff,0xe4,0x5b,0x6b,0xff,0xe4,0x5c,0x6c,0xff,0xe4,0x5e,
    0x6d,0xff,0xe5,0x60,0x6e,0xff,0xe5,0x61,0x6f,0xff,0xe6,0x63,0x6f,0xff,0xe6,0x64,0x70,0xff,0xe6,0x66,0x71,0xff,0xe7,0x68,
    0x72,0xff,0xe9,0x6a,0x74,0xff,0xe7,0x6b,0x74,0xd7,0xea,0x6d,0x75,0x3d,0x00,0x00,0x00,0x00,0x00,0x00,0x00,0x00,0x00,0x00,
    0x00,0x00,0x00,0x00,0x00,0x00,0x00,0x00,0x00,0x00,0x00,0x00,0x00,0x00,0x00,0x00,0x00,0x00,0x00,0x00,0x00,0x00,0x00,0x00,
    0x00,0x00,0x00,0x00,0x00,0x00,0x00,0x00,0x00,0x00,0x00,0x00,0x00,0x00,0x00,0x00,0x00,0x00,0x00,0x00,0x00,0x00,0x00,0x00,
    0x00,0x00,0x00,0x00,0x00,0x00,0x00,0x00,0x00,0x00,0x00,0x00,0x00,0x00,0x00,0x00,0x00,0x00,0x00,0x00,0x00,0x00,0x00,0x00,
    0x00,0x00,0x00,0x00,0x00,0x00,0x00,0x00,0x00,0x00,0x00,0x00,0x00,0x00,0x00,0x00,0x00,0x00,0x00,0x00,0x00,0x00,0x00,0x00,
    0x00,0x00,0x00,0x00,0x00,0x00,0x00,0x00,0x00,0x00,0x00,0x00,0x00,0x00,0x00,0x00,0x00,0x00,0x00,0x00,0x00,0x00,0x00,0x00,
    0x00,0x00,0x00,0x00,0x00,0x00,0x00,0x00,0x00,0x00,0x00,0x00,0x00,0x00,0x00,0x00,0x00,0x00,0x00,0x00,0x00,0x00,0x00,0x00,
    0x00,0x00,0x00,0x00,0x00,0x00,0x00,0x00,0x00,0x00,0x00,0x00,0x00,0x00,0x00,0x00,0x00,0x00,0x00,0x00,0x00,0x00,0x00,0x00,
    0x00,0x00,0x00,0x00,0x00,0x00,0x00,0x00,0x00,0x00,0x00,0x00,0x00,0x00,0x00,0x00,0x00,0x00,0x00,0x00,0x00,0x00,0x00,0x00,
    0x00,0x00,0x00,0x00,0x00,0x00,0x00,0x00,0x00,0x00,0x00,0x00,0x00,0x00,0x00,0x00,0x00,0x00,0x00,0x00,0x00,0x00,0x00,0x00,
    0x00,0x00,0x00,0x00,0x00,0x00,0x00,0x00,0x00,0x00,0x00,0x00,0x00,0x00,0x00,0x00,0x00,0x00,0x00,0x00,0x00,0x00,0x00,0x00,
    0x00,0x00,0x00,0x00,0x00,0x00,0x00,0x00,0x00,0x00,0x00,0x00,0x00,0x00,0x00,0x00,0x00,0x00,0xdc,0x51,0x5d,0x16,0xdf,0x4f,
    0x63,0x88,0xe0,0x4d,0x63,0xfe,0xe6,0x71,0x82,0xff,0xfa,0xe3,0xe6,0xff,0xff,0xfd,0xfd,0xff,0xff,0xff,0xff,0xff,0xff,0xff,
    0xff,0xff,0xff,0xff,0xff,0xff,0xff,0xff,0xff,0xff,0xff,0xfd,0xfe,0xff,0xf8,0xd7,0xdb,0xff,0xe6,0x69,0x79,0xff,0xe3,0x59,
    0x6a,0xff,0xe3,0x58,0x6a,0xff,0xe3,0x5a,0x6b,0xff,0xe4,0x5c,0x6c,0xff,0xe4,0x5d,0x6d,0xff,0xe4,0x5f,0x6d,0xff,0xe4,0x60,
    0x6e,0xff,0xe5,0x62,0x6f,0xff,0xe6,0x63,0x70,0xff,0xe6,0x65,0x71,0xff,0xe6,0x67,0x72,0xff,0xe7,0x69,0x73,0xff,0xe9,0x6b,
    0x75,0xff,0xe8,0x6b,0x75,0xf1,0xe8,0x6d,0x77,0x9d,0xff,0x80,0x80,0x04,0x00,0x00,0x00,0x00,0x00,0x00,0x00,0x00,0x00,0x00,
    0x00,0x00,0x00,0x00,0x00,0x00,0x00,0x00,0x00,0x00,0x00,0x00,0x00,0x00,0x00,0x00,0x00,0x00,0x00,0x00,0x00,0x00,0x00,0x00,
    0x00,0x00,0x00,0x00,0x00,0x00,0x00,0x00,0x00,0x00,0x00,0x00,0x00,0x00,0x00,0x00,0x00,0x00,0x00,0x00,0x00,0x00,0x00,0x00,
    0x00,0x00,0x00,0x00,0x00,0x00,0x00,0x00,0x00,0x00,0x00,0x00,0x00,0x00,0x00,0x00,0x00,0x00,0x00,0x00,0x00,0x00,0x00,0x00,
    0x00,0x00,0x00,0x00,0x00,0x00,0x00,0x00,0x00,0x00,0x00,0x00,0x00,0x00,0x00,0x00,0x00,0x00,0x00,0x00,0x00,0x00,0x00,0x00,
    0x00,0x00,0x00,0x00,0x00,0x00,0x00,0x00,0x00,0x00,0x00,0x00,0x00,0x00,0x00,0x00,0x00,0x00,0x00,0x00,0x00,0x00,0x00,0x00,
    0x00,0x00,0x00,0x00,0x00,0x00,0x00,0x00,0x00,0x00,0x00,0x00,0x00,0x00,0x00,0x00,0x00,0x00,0x00,0x00,0x00,0x00,0x00,0x00,
    0x00,0x00,0x00,0x00,0x00,0x00,0x00,0x00,0x00,0x00,0x00,0x00,0x00,0x00,0x00,0x00,0x00,0x00,0x00,0x00,0x00,0x00,0x00,0x00,
    0x00,0x00,0x00,0x00,0x00,0x00,0x00,0x00,0x00,0x00,0x00,0x00,0x00,0x00,0x00,0x00,0x00,0x00,0x00,0x00,0x00,0x00,0x00,0x00,
    0x00,0x00,0x00,0x00,0x00,0x00,0x00,0x00,0x00,0x00,0x00,0x00,0x00,0x00,0x00,0x00,0x00,0x00,0x00,0x00,0x00,0x00,0x00,0x00,
    0x00,0x00,0x00,0x00,0x00,0x00,0x00,0x00,0x00,0x00,0x00,0x00,0x00,0x00,0x00,0x00,0x00,0x00,0x00,0x00,0x00,0x00,0x00,0x00,
    0x00,0x00,0x00,0x00,0x00,0x00,0x00,0x00,0x00,0x00,0x00,0x00,0x00,0x00,0x00,0x00,0x00,0x00,0x00,0x00,0x00,0x00,0xe1,0x51,
    0x65,0x4c,0xe1,0x4e,0x64,0xce,0xe3,0x5d,0x70,0xff,0xee,0x9f,0xab,0xff,0xfd,0xf2,0xf4,0xff,0xff,0xff,0xff,0xff,0xff,0xff,
    0xff,0xff,0xff,0xff,0xff,0xff,0xff,0xff,0xff,0xff,0xfb,0xe5,0xe7,0xff,0xee,0x97,0xa2,0xff,0xe3,0x5b,0x6d,0xff,0xe4,0x5a,
    0x6b,0xff,0xe4,0x5b,0x6b,0xff,0xe4,0x5c,0x6c,0xff,0xe4,0x5e,0x6d,0xff,0xe4,0x60,0x6e,0xff,0xe5,0x61,0x6e,0xff,0xe6,0x63,
    0x6f,0xff,0xe6,0x64,0x71,0xff,0xe6,0x66,0x72,0xff,0xe7,0x68,0x73,0xff,0xe7,0x6a,0x74,0xff,0xe8,0x6b,0x75,0xff,0xea,0x6e,
    0x77,0xff,0xe8,0x6e,0x78,0xc0,0xea,0x6d,0x78,0x31,0xff,0x80,0x80,0x02,0x00,0x00,0x00,0x00,0x00,0x00,0x00,0x00,0x00,0x00,
    0x00,0x00,0x00,0x00,0x00,0x00,0x00,0x00,0x00,0x00,0x00,0x00,0x00,0x00,0x00,0x00,0x00,0x00,0x00,0x00,0x00,0x00,0x00,0x00,
    0x00,0x00,0x00,0x00,0x00,0x00,0x00,0x00,0x00,0x00,0x00,0x00,0x00,0x00,0x00,0x00,0x00,0x00,0x00,0x00,0x00,0x00,0x00,0x00,
    0x00,0x00,0x00,0x00,0x00,0x00,0x00,0x00,0x00,0x00,0x00,0x00,0x00,0x00,0x00,0x00,0x00,0x00,0x00,0x00,0x00,0x00,0x00,0x00,
    0x00,0x00,0x00,0x00,0x00,0x00,0x00,0x00,0x00,0x00,0x00,0x00,0x00,0x00,0x00,0x00,0x00,0x00,0x00,0x00,0x00,0x00,0x00,0x00,
    0x00,0x00,0x00,0x00,0x00,0x00,0x00,0x00,0x00,0x00,0x00,0x00,0x00,0x00,0x00,0x00,0x00,0x00,0x00,0x00,0x00,0x00,0x00,0x00,
    0x00,0x00,0x00,0x00,0x00,0x00,0x00,0x00,0x00,0x00,0x00,0x00,0x00,0x00,0x00,0x00,0x00,0x00,0x00,0x00,0x00,0x00,0x00,0x00,
    0x00,0x00,0x00,0x00,0x00,0x00,0x00,0x00,0x00,0x00,0x00,0x00,0x00,0x00,0x00,0x00,0x00,0x00,0x00,0x00,0x00,0x00,0x00,0x00,
    0x00,0x00,0x00,0x00,0x00,0x00,0x00,0x00,0x00,0x00,0x00,0x00,0x00,0x00,0x00,0x00,0x00,0x00,0x00,0x00,0x00,0x00,0x00,0x00,
    0x00,0x00,0x00,0x00,0x00,0x00,0x00,0x00,0x00,0x00,0x00,0x00,0x00,0x00,0x00,0x00,0x00,0x00,0x00,0x00,0x00,0x00,0x00,0x00,
    0x00,0x00,0x00,0x00,0x00,0x00,0x00,0x00,0x00,0x00,0x00,0x00,0x00,0x00,0x00,0x00,0x00,0x00,0x00,0x00,0x00,0x00,0x00,0x00,
    0x00,0x00,0x00,0x00,0x00,0x00,0x00,0x00,0x00,0x00,0x00,0x00,0x00,0x00,0x00,0x00,0x00,0x00,0x00,0x00,0x00,0x00,0xdb,0x49,
    0x6d,0x0e,0xdf,0x50,0x66,0x69,0xe1,0x52,0x66,0xf3,0xe4,0x64,0x76,0xff,0xf6,0xcb,0xd1,0xff,0xfe,0xf8,0xf9,0xff,0xff,0xff,
    0xff,0xff,0xff,0xff,0xff,0xff,0xfe,0xfa,0xfa,0xff,0xf4,0xc2,0xc9,0xff,0xe4,0x65,0x75,0xff,0xe3,0x5a,0x6b,0xff,0xe4,0x5c,
    0x6c,0xff,0xe4,0x5d,0x6d,0xff,0xe5,0x5f,0x6e,0xff,0xe5,0x60,0x6e,0xff,0xe5,0x62,0x6f,0xff,0xe6,0x63,0x70,0xff,0xe6,0x65,
    0x71,0xff,0xe6,0x67,0x72,0xff,0xe7,0x69,0x74,0xff,0xe8,0x6a,0x75,0xff,0xe8,0x6c,0x76,0xff,0xeb,0x6f,0x78,0xff,0xe8,0x70,
    0x78,0xdd,0xe9,0x72,0x79,0x72,0xff,0x55,0x55,0x03,0x00,0x00,0x00,0x00,0x00,0x00,0x00,0x00,0x00,0x00,0x00,0x00,0x00,0x00,
    0x00,0x00,0x00,0x00,0x00,0x00,0x00,0x00,0x00,0x00,0x00,0x00,0x00,0x00,0x00,0x00,0x00,0x00,0x00,0x00,0x00,0x00,0x00,0x00,
    0x00,0x00,0x00,0x00,0x00,0x00,0x00,0x00,0x00,0x00,0x00,0x00,0x00,0x00,0x00,0x00,0x00,0x00,0x00,0x00,0x00,0x00,0x00,0x00,
    0x00,0x00,0x00,0x00,0x00,0x00,0x00,0x00,0x00,0x00,0x00,0x00,0x00,0x00,0x00,0x00,0x00,0x00,0x00,0x00,0x00,0x00,0x00,0x00,
    0x00,0x00,0x00,0x00,0x00,0x00,0x00,0x00,0x00,0x00,0x00,0x00,0x00,0x00,0x00,0x00,0x00,0x00,0x00,0x00,0x00,0x00,0x00,0x00,
    0x00,0x00,0x00,0x00,0x00,0x00,0x00,0x00,0x00,0x00,0x00,0x00,0x00,0x00,0x00,0x00,0x00,0x00,0x00,0x00,0x00,0x00,0x00,0x00,
    0x00,0x00,0x00,0x00,0x00,0x00,0x00,0x00,0x00,0x00,0x00,0x00,0x00,0x00,0x00,0x00,0x00,0x00,0x00,0x00,0x00,0x00,0x00,0x00,
    0x00,0x00,0x00,0x00,0x00,0x00,0x00,0x00,0x00,0x00,0x00,0x00,0x00,0x00,0x00,0x00,0x00,0x00,0x00,0x00,0x00,0x00,0x00,0x00,
    0x00,0x00,0x00,0x00,0x00,0x00,0x00,0x00,0x00,0x00,0x00,0x00,0x00,0x00,0x00,0x00,0x00,0x00,0x00,0x00,0x00,0x00,0x00,0x00,
    0x00,0x00,0x00,0x00,0x00,0x00,0x00,0x00,0x00,0x00,0x00,0x00,0x00,0x00,0x00,0x00,0x00,0x00,0x00,0x00,0x00,0x00,0x00,0x00,
    0x00,0x00,0x00,0x00,0x00,0x00,0x00,0x00,0x00,0x00,0x00,0x00,0x00,0x00,0x00,0x00,0x00,0x00,0x00,0x00,0x00,0x00,0x00,0x00,
    0x00,0x00,0x00,0x00,0x00,0x00,0x00,0x00,0x00,0x00,0x00,0x00,0x00,0x00,0x00,0x00,0x00,0x00,0x00,0x00,0x00,0x00,0x00,0x00,
    0x00,0x00,0xe3,0x53,0x69,0x2e,0xe1,0x52,0x67,0xab,0xe3,0x59,0x6c,0xfc,0xeb,0x8c,0x99,0xff,0xfc,0xeb,0xed,0xff,0xff,0xff,
    0xff,0xff,0xff,0xff,0xff,0xff,0xf9,0xdc,0xdf,0xff,0xec,0x8e,0x99,0xff,0xe3,0x5b,0x6c,0xff,0xe4,0x5d,0x6d,0xff,0xe5,0x5e,
    0x6e,0xff,0xe5,0x5f,0x6e,0xff,0xe5,0x61,0x6f,0xff,0xe5,0x62,0x70,0xff,0xe6,0x64,0x71,0xff,0xe7,0x66,0x72,0xff,0xe7,0x68,
    0x73,0xff,0xe7,0x6a,0x74,0xff,0xe8,0x6b,0x76,0xff,0xe8,0x6d,0x77,0xff,0xe8,0x6f,0x78,0xff,0xf1,0x75,0x7d,0xff,0xea,0x73,
    0x7a,0xab,0xe7,0x78,0x80,0x20,0x00,0x00,0x00,0x00,0x00,0x00,0x00,0x00,0x00,0x00,0x00,0x00,0x00,0x00,0x00,0x00,0x00,0x00,
    0x00,0x00,0x00,0x00,0x00,0x00,0x00,0x00,0x00,0x00,0x00,0x00,0x00,0x00,0x00,0x00,0x00,0x00,0x00,0x00,0x00,0x00,0x00,0x00,
    0x00,0x00,0x00,0x00,0x00,0x00,0x00,0x00,0x00,0x00,0x00,0x00,0x00,0x00,0x00,0x00,0x00,0x00,0x00,0x00,0x00,0x00,0x00,0x00,
    0x00,0x00,0x00,0x00,0x00,0x00,0x00,0x00,0x00,0x00,0x00,0x00,0x00,0x00,0x00,0x00,0x00,0x00,0x00,0x00,0x00,0x00,0x00,0x00,
    0x00,0x00,0x00,0x00,0x00,0x00,0x00,0x00,0x00,0x00,0x00,0x00,0x00,0x00,0x00,0x00,0x00,0x00,0x00,0x00,0x00,0x00,0x00,0x00,
    0x00,0x00,0x00,0x00,0x00,0x00,0x00,0x00,0x00,0x00,0x00,0x00,0x00,0x00,0x00,0x00,0x00,0x00,0x00,0x00,0x00,0x00,0x00,0x00,
    0x00,0x00,0x00,0x00,0x00,0x00,0x00,0x00,0x00,0x00,0x00,0x00,0x00,0x00,0x00,0x00,0x00,0x00,0x00,0x00,0x00,0x00,0x00,0x00,
    0x00,0x00,0x00,0x00,0x00,0x00,0x00,0x00,0x00,0x00,0x00,0x00,0x00,0x00,0x00,0x00,0x00,0x00,0x00,0x00,0x00,0x00,0x00,0x00,
    0x00,0x00,0x00,0x00,0x00,0x00,0x00,0x00,0x00,0x00,0x00,0x00,0x00,0x00,0x00,0x00,0x00,0x00,0x00,0x00,0x00,0x00,0x00,0x00,
    0x00,0x00,0x00,0x00,0x00,0x00,0x00,0x00,0x00,0x00,0x00,0x00,0x00,0x00,0x00,0x00,0x00,0x00,0x00,0x00,0x00,0x00,0x00,0x00,
    0x00,0x00,0x00,0x00,0x00,0x00,0x00,0x00,0x00,0x00,0x00,0x00,0x00,0x00,0x00,0x00,0x00,0x00,0x00,0x00,0x00,0x00,0x00,0x00,
    0x00,0x00,0x00,0x00,0x00,0x00,0x00,0x00,0x00,0x00,0x00,0x00,0x00,0x00,0x00,0x00,0x00,0x00,0x00,0x00,0x00,0x00,0x00,0x00,
    0x00,0x00,0xe6,0x4d,0x66,0x0a,0xe1,0x53,0x68,0x56,0xe3,0x57,0x69,0xf3,0xe4,0x63,0x74,0xff,0xf5,0xc6,0xcc,0xff,0xfe,0xf8,
    0xf9,0xff,0xff,0xff,0xff,0xff,0xf3,0xb9,0xc0,0xff,0xe4,0x63,0x73,0xff,0xe4,0x5c,0x6d,0xff,0xe5,0x5e,0x6e,0xff,0xe5,0x60,
    0x6f,0xff,0xe5,0x62,0x70,0xff,0xe5,0x63,0x71,0xff,0xe6,0x65,0x72,0xff,0xe7,0x67,0x73,0xff,0xe7,0x69,0x74,0xff,0xe7,0x6a,
    0x75,0xff,0xe8,0x6c,0x76,0xff,0xe9,0x6e,0x78,0xff,0xe9,0x70,0x7a,0xff,0xec,0x74,0x7d,0xff,0xe9,0x74,0x7d,0xd5,0xea,0x78,
    0x80,0x60,0x00,0x00,0x00,0x00,0x00,0x00,0x00,0x00,0x00,0x00,0x00,0x00,0x00,0x00,0x00,0x00,0x00,0x00,0x00,0x00,0x00,0x00,
    0x00,0x00,0x00,0x00,0x00,0x00,0x00,0x00,0x00,0x00,0x00,0x00,0x00,0x00,0x00,0x00,0x00,0x00,0x00,0x00,0x00,0x00,0x00,0x00,
    0x00,0x00,0x00,0x00,0x00,0x00,0x00,0x00,0x00,0x00,0x00,0x00,0x00,0x00,0x00,0x00,0x00,0x00,0x00,0x00,0x00,0x00,0x00,0x00,
    0x00,0x00,0x00,0x00,0x00,0x00,0x00,0x00,0x00,0x00,0x00,0x00,0x00,0x00,0x00,0x00,0x00,0x00,0x00,0x00,0x00,0x00,0x00,0x00,
    0x00,0x00,0x00,0x00,0x00,0x00,0x00,0x00,0x00,0x00,0x00,0x00,0x00,0x00,0x00,0x00,0x00,0x00,0x00,0x00,0x00,0x00,0x00,0x00,
    0x00,0x00,0x00,0x00,0x00,0x00,0x00,0x00,0x00,0x00,0x00,0x00,0x00,0x00,0x00,0x00,0x00,0x00,0x00,0x00,0x00,0x00,0x00,0x00,
    0x00,0x00,0x00,0x00,0x00,0x00,0x00,0x00,0x00,0x00,0x00,0x00,0x00,0x00,0x00,0x00,0x00,0x00,0x00,0x00,0x00,0x00,0x00,0x00,
    0x00,0x00,0x00,0x00,0x00,0x00,0x00,0x00,0x00,0x00,0x00,0x00,0x00,0x00,0x00,0x00,0x00,0x00,0x00,0x00,0x00,0x00,0x00,0x00,
    0x00,0x00,0x00,0x00,0x00,0x00,0x00,0x00,0x00,0x00,0x00,0x00,0x00,0x00,0x00,0x00,0x00,0x00,0x00,0x00,0x00,0x00,0x00,0x00,
    0x00,0x00,0x00,0x00,0x00,0x00,0x00,0x00,0x00,0x00,0x00,0x00,0x00,0x00,0x00,0x00,0x00,0x00,0x00,0x00,0x00,0x00,0x00,0x00,
    0x00,0x00,0x00,0x00,0x00,0x00,0x00,0x00,0x00,0x00,0x00,0x00,0x00,0x00,0x00,0x00,0x00,0x00,0x00,0x00,0x00,0x00,0x00,0x00,
    0x00,0x00,0x00,0x00,0x00,0x00,0x00,0x00,0x00,0x00,0x00,0x00,0x00,0x00,0x00,0x00,0x00,0x00,0x00,0x00,0x00,0x00,0x00,0x00,
    0x00,0x00,0x00,0x00,0x00,0x00,0xdf,0x58,0x68,0x20,0xe3,0x58,0x69,0xa5,0xe2,0x59,0x6b,0xf9,0xec,0x8a,0x96,0xff,0xfa,0xe2,
    0xe5,0xff,0xf7,0xd2,0xd6,0xff,0xea,0x82,0x8f,0xff,0xe4,0x5a,0x6a,0xff,0xe5,0x60,0x6e,0xff,0xe5,0x61,0x6f,0xff,0xe5,0x62,
    0x71,0xff,0xe5,0x64,0x72,0xff,0xe6,0x66,0x73,0xff,0xe7,0x68,0x74,0xff,0xe7,0x6a,0x75,0xff,0xe7,0x6b,0x76,0xff,0xe8,0x6e,
    0x77,0xff,0xe9,0x6f,0x79,0xff,0xe9,0x72,0x7b,0xff,0xea,0x74,0x7d,0xff,0xeb,0x77,0x7f,0xfb,0xeb,0x77,0x80,0x8d,0xe4,0x76,
    0x80,0x1c,0x00,0x00,0x00,0x00,0x00,0x00,0x00,0x00,0x00,0x00,0x00,0x00,0x00,0x00,0x00,0x00,0x00,0x00,0x00,0x00,0x00,0x00,
    0x00,0x00,0x00,0x00,0x00,0x00,0x00,0x00,0x00,0x00,0x00,0x00,0x00,0x00,0x00,0x00,0x00,0x00,0x00,0x00,0x00,0x00,0x00,0x00,
    0x00,0x00,0x00,0x00,0x00,0x00,0x00,0x00,0x00,0x00,0x00,0x00,0x00,0x00,0x00,0x00,0x00,0x00,0x00,0x00,0x00,0x00,0x00,0x00,
    0x00,0x00,0x00,0x00,0x00,0x00,0x00,0x00,0x00,0x00,0x00,0x00,0x00,0x00,0x00,0x00,0x00,0x00,0x00,0x00,0x00,0x00,0x00,0x00,
    0x00,0x00,0x00,0x00,0x00,0x00,0x00,0x00,0x00,0x00,0x00,0x00,0x00,0x00,0x00,0x00,0x00,0x00,0x00,0x00,0x00,0x00,0x00,0x00,
    0x00,0x00,0x00,0x00,0x00,0x00,0x00,0x00,0x00,0x00,0x00,0x00,0x00,0x00,0x00,0x00,0x00,0x00,0x00,0x00,0x00,0x00,0x00,0x00,
    0x00,0x00,0x00,0x00,0x00,0x00,0x00,0x00,0x00,0x00,0x00,0x00,0x00,0x00,0x00,0x00,0x00,0x00,0x00,0x00,0x00,0x00,0x00,0x00,
    0x00,0x00,0x00,0x00,0x00,0x00,0x00,0x00,0x00,0x00,0x00,0x00,0x00,0x00,0x00,0x00,0x00,0x00,0x00,0x00,0x00,0x00,0x00,0x00,
    0x00,0x00,0x00,0x00,0x00,0x00,0x00,0x00,0x00,0x00,0x00,0x00,0x00,0x00,0x00,0x00,0x00,0x00,0x00,0x00,0x00,0x00,0x00,0x00,
    0x00,0x00,0x00,0x00,0x00,0x00,0x00,0x00,0x00,0x00,0x00,0x00,0x00,0x00,0x00,0x00,0x00,0x00,0x00,0x00,0x00,0x00,0x00,0x00,
    0x00,0x00,0x00,0x00,0x00,0x00,0x00,0x00,0x00,0x00,0x00,0x00,0x00,0x00,0x00,0x00,0x00,0x00,0x00,0x00,0x00,0x00,0x00,0x00,
    0x00,0x00,0x00,0x00,0x00,0x00,0x00,0x00,0x00,0x00,0x00,0x00,0x00,0x00,0x00,0x00,0x00,0x00,0x00,0x00,0x00,0x00,0x00,0x00,
    0x00,0x00,0x00,0x00,0x00,0x00,0xdb,0x6d,0x6d,0x07,0xe7,0x5c,0x6c,0x40,0xe4,0x5b,0x6b,0xd8,0xe5,0x62,0x71,0xfd,0xf1,0xa9,
    0xb1,0xff,0xed,0x91,0x9b,0xff,0xe5,0x60,0x6f,0xff,0xe5,0x60,0x6f,0xff,0xe5,0x62,0x70,0xff,0xe5,0x63,0x71,0xff,0xe6,0x65,
    0x73,0xff,0xe6,0x67,0x74,0xff,0xe7,0x69,0x74,0xff,0xe7,0x6a,0x76,0xff,0xe8,0x6c,0x77,0xff,0xe8,0x6f,0x79,0xff,0xe8,0x71,
    0x7a,0xff,0xe9,0x73,0x7c,0xff,0xea,0x76,0x7e,0xff,0xec,0x79,0x81,0xff,0xec,0x7a,0x81,0xc9,0xea,0x7c,0x83,0x4a,0x00,0x00,
    0x00,0x00,0x00,0x00,0x00,0x00,0x00,0x00,0x00,0x00,0x00,0x00,0x00,0x00,0x00,0x00,0x00,0x00,0x00,0x00,0x00,0x00,0x00,0x00,
    0x00,0x00,0x00,0x00,0x00,0x00,0x00,0x00,0x00,0x00,0x00,0x00,0x00,0x00,0x00,0x00,0x00,0x00,0x00,0x00,0x00,0x00,0x00,0x00,
    0x00,0x00,0x00,0x00,0x00,0x00,0x00,0x00,0x00,0x00,0x00,0x00,0x00,0x00,0x00,0x00,0x00,0x00,0x00,0x00,0x00,0x00,0x00,0x00,
    0x00,0x00,0x00,0x00,0x00,0x00,0x00,0x00,0x00,0x00,0x00,0x00,0x00,0x00,0x00,0x00,0x00,0x00,0x00,0x00,0x00,0x00,0x00,0x00,
    0x00,0x00,0x00,0x00,0x00,0x00,0x00,0x00,0x00,0x00,0x00,0x00,0x00,0x00,0x00,0x00,0x00,0x00,0x00,0x00,0x00,0x00,0x00,0x00,
    0x00,0x00,0x00,0x00,0x00,0x00,0x00,0x00,0x00,0x00,0x00,0x00,0x00,0x00,0x00,0x00,0x00,0x00,0x00,0x00,0x00,0x00,0x00,0x00,
    0x00,0x00,0x00,0x00,0x00,0x00,0x00,0x00,0x00,0x00,0x00,0x00,0x00,0x00,0x00,0x00,0x00,0x00,0x00,0x00,0x00,0x00,0x00,0x00,
    0x00,0x00,0x00,0x00,0x00,0x00,0x00,0x00,0x00,0x00,0x00,0x00,0x00,0x00,0x00,0x00,0x00,0x00,0x00,0x00,0x00,0x00,0x00,0x00,
    0x00,0x00,0x00,0x00,0x00,0x00,0x00,0x00,0x00,0x00,0x00,0x00,0x00,0x00,0x00,0x00,0x00,0x00,0x00,0x00,0x00,0x00,0x00,0x00,
    0x00,0x00,0x00,0x00,0x00,0x00,0x00,0x00,0x00,0x00,0x00,0x00,0x00,0x00,0x00,0x00,0x00,0x00,0x00,0x00,0x00,0x00,0x00,0x00,
    0x00,0x00,0x00,0x00,0x00,0x00,0x00,0x00,0x00,0x00,0x00,0x00,0x00,0x00,0x00,0x00,0x00,0x00,0x00,0x00,0x00,0x00,0x00,0x00,
    0x00,0x00,0x00,0x00,0x00,0x00,0x00,0x00,0x00,0x00,0x00,0x00,0x00,0x00,0x00,0x00,0x00,0x00,0x00,0x00,0x00,0x00,0x00,0x00,
    0x00,0x00,0x00,0x00,0x00,0x00,0x00,0x00,0x00,0x00,0xe8,0x5d,0x74,0x0b,0xe5,0x5c,0x6d,0x88,0xe4,0x5d,0x6d,0xec,0xea,0x6d,
    0x7b,0xff,0xe8,0x69,0x77,0xff,0xe7,0x61,0x70,0xff,0xe7,0x64,0x72,0xff,0xe8,0x65,0x73,0xff,0xe8,0x67,0x74,0xff,0xe8,0x69,
    0x75,0xff,0xe9,0x6a,0x76,0xff,0xea,0x6c,0x77,0xff,0xea,0x6e,0x79,0xff,0xea,0x71,0x7b,0xff,0xeb,0x73,0x7d,0xff,0xeb,0x76,
    0x7f,0xff,0xec,0x78,0x80,0xff,0xed,0x7b,0x82,0xff,0xec,0x7c,0x83,0xf9,0xec,0x7d,0x84,0x78,0xf3,0x79,0x86,0x15,0x00,0x00,
    0x00,0x00,0x00,0x00,0x00,0x00,0x00,0x00,0x00,0x00,0x00,0x00,0x00,0x00,0x00,0x00,0x00,0x00,0x00,0x00,0x00,0x00,0x00,0x00,
    0x00,0x00,0x00,0x00,0x00,0x00,0x00,0x00,0x00,0x00,0x00,0x00,0x00,0x00,0x00,0x00,0x00,0x00,0x00,0x00,0x00,0x00,0x00,0x00,
    0x00,0x00,0x00,0x00,0x00,0x00,0x00,0x00,0x00,0x00,0x00,0x00,0x00,0x00,0x00,0x00,0x00,0x00,0x00,0x00,0x00,0x00,0x00,0x00,
    0x00,0x00,0x00,0x00,0x00,0x00,0x00,0x00,0x00,0x00,0x00,0x00,0x00,0x00,0x00,0x00,0x00,0x00,0x00,0x00,0x00,0x00,0x00,0x00,
    0x00,0x00,0x00,0x00,0x00,0x00,0x00,0x00,0x00,0x00,0x00,0x00,0x00,0x00,0x00,0x00,0x00,0x00,0x00,0x00,0x00,0x00,0x00,0x00,
    0x00,0x00,0x00,0x00,0x00,0x00,0x00,0x00,0x00,0x00,0x00,0x00,0x00,0x00,0x00,0x00,0x00,0x00,0x00,0x00,0x00,0x00,0x00,0x00,
    0x00,0x00,0x00,0x00,0x00,0x00,0x00,0x00,0x00,0x00,0x00,0x00,0x00,0x00,0x00,0x00,0x00,0x00,0x00,0x00,0x00,0x00,0x00,0x00,
    0x00,0x00,0x00,0x00,0x00,0x00,0x00,0x00,0x00,0x00,0x00,0x00,0x00,0x00,0x00,0x00,0x00,0x00,0x00,0x00,0x00,0x00,0x00,0x00,
    0x00,0x00,0x00,0x00,0x00,0x00,0x00,0x00,0x00,0x00,0x00,0x00,0x00,0x00,0x00,0x00,0x00,0x00,0x00,0x00,0x00,0x00,0x00,0x00,
    0x00,0x00,0x00,0x00,0x00,0x00,0x00,0x00,0x00,0x00,0x00,0x00,0x00,0x00,0x00,0x00,0x00,0x00,0x00,0x00,0x00,0x00,0x00,0x00,
    0x00,0x00,0x00,0x00,0x00,0x00,0x00,0x00,0x00,0x00,0x00,0x00,0x00,0x00,0x00,0x00,0x00,0x00,0x00,0x00,0x00,0x00,0x00,0x00,
    0x00,0x00,0x00,0x00,0x00,0x00,0x00,0x00,0x00,0x00,0x00,0x00,0x00,0x00,0x00,0x00,0x00,0x00,0x00,0x00,0x00,0x00,0x00,0x00,
    0x00,0x00,0x00,0x00,0x00,0x00,0x00,0x00,0x00,0x00,0xff,0x55,0x55,0x03,0xe5,0x5c,0x6f,0x27,0xe6,0x60,0x6f,0xaa,0xe5,0x62,
    0x6f,0xe3,0xe5,0x63,0x71,0xed,0xe6,0x64,0x72,0xed,0xe6,0x66,0x73,0xed,0xe6,0x67,0x73,0xed,0xe7,0x68,0x74,0xed,0xe7,0x6b,
    0x76,0xed,0xe8,0x6d,0x77,0xed,0xe8,0x6f,0x79,0xed,0xe9,0x71,0x7b,0xed,0xe9,0x74,0x7d,0xed,0xeb,0x76,0x7f,0xed,0xec,0x79,
    0x81,0xed,0xec,0x7b,0x83,0xec,0xec,0x7d,0x84,0xe4,0xec,0x80,0x85,0xb8,0xeb,0x80,0x85,0x32,0x00,0x00,0x00,0x00,0x00,0x00,
    0x00,0x00,0x00,0x00,0x00,0x00,0x00,0x00,0x00,0x00,0x00,0x00,0x00,0x00,0x00,0x00,0x00,0x00,0x00,0x00,0x00,0x00,0x00,0x00,
    0x00,0x00,0x00,0x00,0x00,0x00,0x00,0x00,0x00,0x00,0x00,0x00,0x00,0x00,0x00,0x00,0x00,0x00,0x00,0x00,0x00,0x00,0x00,0x00,
    0x00,0x00,0x00,0x00,0x00,0x00,0x00,0x00,0x00,0x00,0x00,0x00,0x00,0x00,0x00,0x00,0x00,0x00,0x00,0x00,0x00,0x00,0x00,0x00,
    0x00,0x00,0x00,0x00,0x00,0x00,0x00,0x00,0x00,0x00,0x00,0x00,0x00,0x00,0x00,0x00,0x00,0x00,0x00,0x00,0x00,0x00,0x00,0x00,
    0x00,0x00,0x00,0x00,0x00,0x00,0x00,0x00,0x00,0x00,0x00,0x00,0x00,0x00,0x00,0x00,0x00,0x00,0x00,0x00,0x00,0x00,0x00,0x00,
    0x00,0x00,0x00,0x00,0x00,0x00,0x00,0x00,0x00,0x00,0x00,0x00,0x00,0x00,0x00,0x00,0x00,0x00,0x00,0x00,0x00,0x00,0x00,0x00,
    0x00,0x00,0x00,0x00,0x00,0x00,0x00,0x00,0x00,0x00,0x00,0x00,0x00,0x00,0x00,0x00,0x00,0x00,0x00,0x00,0x00,0x00,0x00,0x00,
    0x00,0x00,0x00,0x00,0x00,0x00,0x00,0x00,0x00,0x00,0x00,0x00,0x00,0x00,0x00,0x00,0x00,0x00,0x00,0x00,0x00,0x00,0x00,0x00,
    0x00,0x00,0x00,0x00,0x00,0x00,0x00,0x00,0x00,0x00,0x00,0x00,0x00,0x00,0x00,0x00,0x00,0x00,0x00,0x00,0x00,0x00,0x00,0x00,
    0x00,0x00,0x00,0x00,0x00,0x00,0x00,0x00,0x00,0x00,0x00,0x00,0x00,0x00,0x00,0x00,0x00,0x00,0x00,0x00,0x00,0x00,0x00,0x00,
    0x00,0x00,0x00,0x00,0x00,0x00,0x00,0x00,0x00,0x00,0x00,0x00,0x00,0x00,0x00,0x00,0x00,0x00,0x00,0x00,0x00,0x00,0x00,0x00,
    0x00,0x00,0x00,0x00,0x00,0x00,0x00,0x00,0x00,0x00,0x00,0x00,0x00,0x00,0x00,0x00,0x00,0x00,0x00,0x00,0x00,0x00,0x00,0x00,
    0x00,0x00,0x00,0x00,0x00,0x00,0x00,0x00,0x00,0x00,0x00,0x00,0x00,0x00,0xff,0x80,0x80,0x02,0xe6,0x66,0x6e,0x1e,0xe6,0x65,
    0x72,0x72,0xe7,0x66,0x73,0x9e,0xe7,0x66,0x73,0xa2,0xe6,0x68,0x73,0xa2,0xe6,0x69,0x74,0xa2,0xe7,0x6b,0x76,0xa2,0xe7,0x6e,
    0x78,0xa2,0xe7,0x70,0x7b,0xa2,0xe9,0x71,0x7c,0xa2,0xeb,0x74,0x7e,0xa2,0xeb,0x78,0x80,0xa2,0xeb,0x79,0x81,0xa2,0xec,0x7c,
    0x84,0xa2,0xed,0x7e,0x86,0x9e,0xee,0x81,0x87,0x75,0xeb,0x7c,0x89,0x27,0xff,0x80,0xbf,0x04,0x00,0x00,0x00,0x00,0x00,0x00,
    0x00,0x00,0x00,0x00,0x00,0x00,0x00,0x00,0x00,0x00,0x00,0x00,0x00,0x00,0x00,0x00,0x00,0x00,0x00,0x00,0x00,0x00,0x00,0x00,
    0x00,0x00,0x00,0x00,0x00,0x00,0x00,0x00,0x00,0x00,0x00,0x00,0x00,0x00,0x00,0x00,0x00,0x00,0x00,0x00,0x00,0x00,0x00,0x00,
    0x00,0x00,0x00,0x00,0x00,0x00,0x00,0x00,0x00,0x00,0x00,0x00,0x00,0x00,0x00,0x00,0x00,0x00,0x00,0x00,0x00,0x00,0x00,0x00,
    0x00,0x00,0x00,0x00,0x00,0x00,0x00,0x00,0x00,0x00,0x00,0x00,0x00,0x00,0x00,0x00,0x00,0x00,0x00,0x00,0x00,0x00,0x00,0x00,
    0x00,0x00,0x00,0x00,0x00,0x00,0x00,0x00,0x00,0x00,0x00,0x00,0x00,0x00,0x00,0x00,0x00,0x00,0x00,0x00,0x00,0x00,0x00,0x00,
    0x00,0x00,0x00,0x00,0x00,0x00,0x00,0x00,0x00,0x00,0x00,0x00,0x00,0x00,0x00,0x00,0x00,0x00,0x00,0x00,0x00,0x00,0x00,0x00,
    0x00,0x00,0x00,0x00,0x00,0x00,0x00,0x00,0x00,0x00,0x00,0x00,0x00,0x00,0x00,0x00,0x00,0x00,0x00,0x00,0x00,0x00,0x00,0x00,
    0x00,0x00,0x00,0x00,0x00,0x00,0xff,0xff,0xff,0xff,0xff,0xfc,0x00,0x00,0xff,0xff,0xff,0xff,0xff,0xff,0xff,0xff,0xff,0xf8,
    0x00,0x00,0x7f,0xff,0xff,0xff,0xff,0xff,0xff,0xff,0xff,0xf0,0x00,0x00,0x7f,0xff,0xff,0xff,0xff,0xff,0xff,0xff,0xff,0xf0,
    0x00,0x00,0x3f,0xff,0xff,0xff,0xff,0xff,0xff,0xff,0xff,0xe0,0x00,0x00,0x3f,0xff,0xff,0xff,0xff,0xff,0xff,0xff,0xff,0xe0,
    0x00,0x00,0x1f,0xff,0xff,0xff,0xff,0xff,0xff,0xff,0xff,0xc0,0x00,0x00,0x1f,0xff,0xff,0xff,0xff,0xff,0xff,0xff,0xff,0xc0,
    0x00,0x00,0x0f,0xff,0xff,0xff,0xff,0xff,0xff,0xff,0xff,0x00,0x00,0x00,0x0f,0xff,0xff,0xff,0xff,0xff,0xff,0xff,0xff,0x00,
    0x00,0x00,0x07,0xff,0xff,0xff,0xff,0xff,0xff,0xff,0xfe,0x00,0x00,0x00,0x07,0xff,0xff,0xff,0xff,0xf8,0x00,0x00,0x00,0x00,
    0x00,0x00,0x03,0xff,0xff,0xff,0xff,0xf0,0x00,0x00,0x00,0x00,0x00,0x00,0x01,0xff,0xff,0xff,0xff,0xf0,0x00,0x00,0x00,0x00,
    0x00,0x00,0x00,0xff,0xff,0xff,0xff,0xe0,0x00,0x00,0x00,0x00,0x00,0x00,0x00,0xff,0xff,0xff,0xff,0xe0,0x00,0x00,0x00,0x00,
    0x00,0x00,0x00,0x7f,0xff,0xff,0xff,0xc0,0x00,0x00,0x00,0x00,0x00,0x00,0x00,0x7f,0xff,0xff,0xff,0xc0,0x00,0x00,0x00,0x00,
    0x00,0x00,0x00,0x3f,0xff,0xff,0xff,0x00,0x00,0x00,0x00,0x00,0x00,0x00,0x00,0x3f,0xff,0xff,0xff,0x00,0x00,0x00,0x00,0x00,
    0x00,0x00,0x00,0x1f,0xff,0xff,0xfe,0x00,0x00,0x00,0x00,0x00,0x00,0x00,0x00,0x1f,0xff,0xff,0xfe,0x00,0x00,0x00,0x00,0x00,
    0x00,0x00,0x00,0x0f,0xff,0xff,0xfc,0x00,0x00,0x00,0x00,0x00,0x00,0x00,0x00,0x00,0x00,0x3f,0xfc,0x00,0x00,0x00,0x00,0x00,
    0x00,0x00,0x00,0x00,0x00,0x3f,0xf8,0x00,0x00,0x00,0x00,0x00,0x00,0x00,0x00,0x00,0x00,0x1f,0xf8,0x00,0x00,0x00,0x00,0x00,
    0x00,0x00,0x00,0x00,0x00,0x1f,0xfc,0x00,0x00,0x00,0x00,0x00,0x00,0x00,0x00,0x00,0x00,0x0f,0xfc,0x00,0x00,0x00,0x00,0x00,
    0x00,0x00,0x00,0x00,0x00,0x0f,0xfc,0x00,0x00,0x00,0x00,0x00,0x00,0x00,0x00,0x00,0x00,0x07,0xfe,0x00,0x00,0x00,0x00,0x00,
    0x00,0x00,0x00,0x00,0x00,0x07,0xfe,0x00,0x00,0x00,0x00,0x00,0x00,0x00,0x00,0x00,0x00,0x03,0xff,0x00,0x00,0x00,0x00,0x00,
    0x00,0x00,0x00,0x00,0x00,0x01,0xff,0x00,0x00,0x00,0x00,0x00,0x00,0x00,0x00,0x00,0x00,0x00,0xff,0xc0,0x00,0x00,0x00,0x00,
    0x00,0x00,0x00,0x00,0x00,0x00,0xff,0xc0,0x00,0x00,0x00,0x00,0x00,0x00,0x00,0x00,0x00,0x00,0xff,0xe0,0x00,0x00,0x00,0x00,
    0x00,0x00,0x00,0x00,0x00,0x00,0xff,0xe0,0x00,0x00,0x00,0x00,0x00,0x00,0x00,0x00,0x00,0x00,0xff,0xe0,0x00,0x00,0x00,0x00,
    0x00,0x00,0x00,0x00,0x00,0x00,0xff,0xe0,0x00,0x00,0x00,0x00,0x00,0x00,0x00,0x00,0x00,0x00,0xff,0xc0,0x00,0x00,0x00,0x00,
    0x00,0x00,0x00,0x00,0x00,0x00,0xff,0xc0,0x00,0x00,0x00,0x00,0x00,0x00,0x00,0x00,0x00,0x00,0xff,0x00,0x00,0x00,0x00,0x00,
    0x00,0x00,0x00,0x00,0x00,0x01,0xfe,0x00,0x00,0x00,0x00,0x00,0x00,0x00,0x00,0x00,0x00,0x03,0xfe,0x00,0x00,0x00,0x00,0x00,
    0x00,0x00,0x00,0x00,0x00,0x03,0xfe,0x00,0x00,0x00,0x00,0x00,0x00,0x00,0x00,0x00,0x00,0x07,0xfc,0x00,0x00,0x00,0x00,0x00,
    0x00,0x00,0x00,0x00,0x00,0x07,0xf8,0x00,0x00,0x00,0x00,0x00,0x00,0x00,0x00,0x00,0x00,0x0f,0xf8,0x00,0x00,0x00,0x00,0x00,
    0x00,0x00,0x00,0x00,0x00,0x1f,0xf8,0x00,0x00,0x00,0x00,0x00,0x00,0x00,0x00,0x00,0x00,0x1f,0xf0,0x00,0x00,0x00,0x00,0x00,
    0x00,0x00,0x00,0x00,0x00,0x1f,0xe0,0x00,0x00,0x00,0x00,0x00,0x00,0x00,0x00,0x00,0x00,0x3f,0xe0,0x00,0x00,0x00,0x00,0x00,
    0x00,0x00,0x00,0x00,0x00,0x7f,0xe0,0x00,0x00,0x00,0x00,0x00,0x00,0x00,0x00,0x00,0x00,0x7f,0xc0,0x00,0x00,0x00,0x00,0x00,
    0x00,0x00,0x00,0x00,0x00,0x7f,0x80,0x00,0x00,0x00,0x00,0x00,0x00,0x00,0x00,0x00,0x00,0xff,0x00,0x00,0x00,0x00,0x00,0x00,
    0x00,0x00,0x00,0x00,0x03,0xff,0x00,0x00,0x00,0x00,0x00,0x00,0x00,0x00,0x00,0x00,0x03,0xff,0x00,0x00,0x00,0x00,0x00,0x00,
    0x00,0x00,0x00,0x00,0x03,0xff,0x00,0x00,0x00,0x00,0x00,0x00,0x00,0x00,0x00,0x00,0x07,0xff,0x00,0x00,0x00,0x00,0x00,0x00,
    0x00,0x00,0x00,0x00,0x07,0xff,0x00,0x00,0x00,0x00,0x00,0x00,0x00,0x00,0x00,0x00,0x07,0xff,0x00,0x00,0x00,0x00,0x00,0x00,
    0x00,0x00,0x00,0x00,0x03,0xff,0x00,0x00,0x00,0x00,0x00,0x00,0x00,0x00,0x00,0x00,0x03,0xff,0x00,0x00,0x00,0x00,0x00,0x00,
    0x00,0x00,0x00,0x00,0x00,0xff,0x80,0x00,0x00,0x00,0x00,0x00,0x00,0x00,0x00,0x00,0x00,0xff,0xc0,0x00,0x00,0x00,0x00,0x00,
    0x00,0x00,0x00,0x00,0x00,0x7f,0xe0,0x00,0x00,0x00,0x00,0x00,0x00,0x00,0x00,0x00,0x00,0x7f,0xe0,0x00,0x00,0x00,0x00,0x00,
    0x00,0x00,0x00,0x00,0x00,0x3f,0xf0,0x00,0x00,0x00,0x00,0x00,0x00,0x00,0x00,0x00,0x00,0x3f,0xf0,0x00,0x00,0x00,0x00,0x00,
    0x00,0x00,0x00,0x00,0x00,0x3f,0xf8,0x00,0x00,0x00,0x00,0x00,0x00,0x00,0x00,0x00,0x00,0x1f,0xf8,0x00,0x00,0x00,0x00,0x00,
    0x00,0x00,0x00,0x00,0x00,0x1f,0xfc,0x00,0x00,0x00,0x00,0x00,0x00,0x00,0x00,0x00,0x00,0x3f,0xfc,0x00,0x00,0x00,0x00,0x00,
    0x00,0x00,0x00,0x00,0x00,0x3f,0xff,0xff,0xf0,0x00,0x00,0x00,0x00,0x00,0x00,0x00,0x00,0x7f,0xff,0xff,0xf8,0x00,0x00,0x00,
    0x00,0x00,0x00,0x00,0x00,0x7f,0xff,0xff,0xf8,0x00,0x00,0x00,0x00,0x00,0x00,0x00,0x00,0xff,0xff,0xff,0xfc,0x00,0x00,0x00,
    0x00,0x00,0x00,0x00,0x00,0xff,0xff,0xff,0xfc,0x00,0x00,0x00,0x00,0x00,0x00,0x00,0x03,0xff,0xff,0xff,0xfe,0x00,0x00,0x00,
    0x00,0x00,0x00,0x00,0x03,0xff,0xff,0xff,0xfe,0x00,0x00,0x00,0x00,0x00,0x00,0x00,0x07,0xff,0xff,0xff,0xff,0x00,0x00,0x00,
    0x00,0x00,0x00,0x00,0x07,0xff,0xff,0xff,0xff,0x00,0x00,0x00,0x00,0x00,0x00,0x00,0x0f,0xff,0xff,0xff,0xff,0xc0,0x00,0x00,
    0x00,0x00,0x00,0x00,0x0f,0xff,0xff,0xff,0xff,0xc0,0x00,0x00,0x00,0x00,0x00,0x00,0x1f,0xff,0xff,0xff,0xff,0xe0,0x00,0x00,
    0x00,0xff,0xff,0xff,0xff,0xff,0xff,0xff,0xff,0xe0,0x00,0x00,0x00,0xff,0xff,0xff,0xff,0xff,0xff,0xff,0xff,0xf0,0x00,0x00,
    0x00,0xff,0xff,0xff,0xff,0xff,0xff,0xff,0xff,0xf0,0x00,0x00,0x01,0xff,0xff,0xff,0xff,0xff,0xff,0xff,0xff,0xf8,0x00,0x00,
    0x03,0xff,0xff,0xff,0xff,0xff,0xff,0xff,0xff,0xf8,0x00,0x00,0x07,0xff,0xff,0xff,0xff,0xff,0xff,0xff,0xff,0xfc,0x00,0x00,
    0x07,0xff,0xff,0xff,0xff,0xff,0xff,0xff,0xff,0xfc,0x00,0x00,0x0f,0xff,0xff,0xff,0xff,0xff,0xff,0xff,0xff,0xfe,0x00,0x00,
    0x0f,0xff,0xff,0xff,0xff,0xff,0xff,0xff,0xff,0xfe,0x00,0x00,0x1f,0xff,0xff,0xff,0xff,0xff,0xff,0xff,0xff,0xff,0x00,0x00,
    0x1f,0xff,0xff,0xff,0xff,0xff,
};
